⁉️|!?|?|въпросителна|пунктуация|удивителен и въпросителен знак|удивителна и въпросителна
ℹ️|източник на информация|информация
↔️|стрелка наляво и надясно
↕️|стрелка нагоре и надолу
↖️|посока|северозапад|стрелка нагоре и наляво
↗️|посока|североизток|стрелка нагоре и надясно
↘️|посока|стрелка надолу и надясно|югоизток
↙️|посока|стрелка надолу и наляво|югозапад
⌨️|клавиатура|компютър
☀️|време|лъчи|слънце|слънчев|ярък
☁️|време|облак
☂️|време|дъжд|облекло|чадър
☃️|време|снежен човек|сняг|студен
☄️|комета|космос
☑️|✓|гласуване|готово|отметка|поле с отметка|урна за гласуване с отметка
☔|време|дъжд|капка|чадър с дъждовни капки
☕|горещо|димящ|кафе|кофеин|напитка|сутрин|топла напитка|топъл|чай
☘️|детелина|ирландски|растение
☠️|кръстосани кости|лице|смърт|череп с кръстосани кости|чудовище
☢️|знак|радиоактивност
☣️|биологична опасност|знак
☦️|кръст|православен кръст|религия|християнство
☸️|будизъм|дхарма|колелото на дхарма|религия
☹️|гримаса|лице|намръщено лице|тъжен
♈|зодиакален знак овен|зодия|овен|хороскоп
♉|зодиакален знак телец|зодия|телец|хороскоп
♐|зодиакален знак стрелец|зодия|стрелец|хороскоп
♑|зодиакален знак козирог|зодия|козирог|хороскоп
♒|воден|водолей|зодиакален знак водолей|зодия
♓|зодиакален знак риби|зодия|риби|хороскоп
♠️|игра|карта|пика
♣️|игра|карта|спатия
♥️|емоция|игра|карта|купа|сърце
♦️|игра|каро|карта
♨️|горещ|извор|пара
⚒️|инструмент|кирка|чук и кирка
⚓|инструмент|кораб|котва
⚔️|кръстосани|мечове|оръжие
⚖️|баланс|везна|везни|зодия|инструмент|правосъдие|справедливост
⚗️|аламбик|инструмент|химия
⚙️|зъбно колело|инструмент|предавка
✂️|инструмент|ножици|режа|рязане|хартия
✅|✓|готово|завършено|маркер|отметка|поправено|приключено|удебелена бяла отметка
✈️|летя|превозно средство|пътуване|самолет
✉️|имейл|писмо|плик
✒️|писалка|писец|черен писец
✔️|✓|готово|маркер|отметка|удебелена отметка
✖️|[x]|отказ|удебелен знак за умножение|умножение
✡️|давид|евреин|еврейска|звезда на давид|религия|юдейство
✨|звезда|звездичка|звездички|магия
✳️|*|звезда с осем лъча|звездичка с осем лъча
✴️|*|звезда|осмолъчна звезда
❄️|време|снежинка|сняг|студен
❇️|*|искра
❓|?|въпросителен знак|въпросителна|пунктуация|червена въпросителна
❔|?|бяла въпросителен знак|бяла въпросителна|въпросителна|контур|пунктуация
❕|!|бял удивителен знак|бяла удивителна|контур|пунктуация|удивителна
❗|!|пунктуация|удивителен знак|удивителна|червена удивителна
❣️|плътен орнамент от сърце – удивителен знак|плътен орнамент от сърце – удивителна|пунктуация|сърце|удивителен знак|удивителна
❤️|емоция|любов|сърце|червено сърце
➕|математика|плюс|удебелен знак плюс
➖|математика|минус|удебелен знак минус
➗|деление|математика|удебелен знак за деление
⤴️|извита нагоре дясна стрелка|извита стрелка надясно и нагоре|стрелка
⤵️|извита надолу дясна стрелка|извита стрелка надясно и надолу|надолу|стрелка
〰️|вълнообразно|пунктуация|тире
㊗️|идеограма "поздравления" в кръг|идеограма за поздравление в кръг|поздравление|поздравления|японски
㊙️|бутон за тайна на японски|идеограма за тайна в кръг|тайна|японски
😀|весел|зъби|лице|смях|ухилване|широка усмивка|широко усмихнато лице|щастлив
😃|зъби|лице|отворена уста|страхотно|усмивка|усмихнато лице с отворена уста|уста|широко усмихнато лице с големи очи|щастлив
😄|лице|отворен|смях|усмивка|уста|широко усмихнато лице с усмихнати очи|щастлив
😁|зъби|лице|око|сияещо лице с усмихващи се очи|усмивка|ухилване|щастлив
😆|лице|смях|удовлетворен|усмивка|усмихнато лице с отворена уста и затворени очи|уста|хаха|широко усмихнато лице с присвити очи|широко усмихнато лице със стиснати очи|щастлив
😅|лице|нервен|отворен|пот|развълнуван|стрес|студена пот|усмивка|широко усмихнато лице с пот на челото
🤣|забава|забавно|заливане|заливащо се от смях лице|лице|радост|смешно|смях|сълзи от смях|умирам от смях|хаха|хехе
😂|весело|забавно|лице със сълзи от радост|радост|смешно|смях|сълза|умирам от смях|хаха|хехе|щастлив
🙂|леко усмихнато лице|лице|усмивка
🙃|лице|наобратно|обърнато наобратно лице|усмивка|хехе
🫠|изчезвам|разтварям се|сарказъм|течен|топя се|топящо се лице|хаха
😉|лице|намигащо лице|намигване|палав|секси|флирт
😊|доволен|изчервяване|лице|око|усмивка|усмихнато лице с усмихнати очи
😇|ангел|библия|лице|невинен|невинно|ореол|приказка|усмихнато лице с ореол|фантазия|щастлив
🥰|влюбен|лице|любов|обичам те|обожание|романтика|сърце|усмивка|усмихнато лице с 3 сърца|усмихнато лице със сърца
😍|143|лице|любов|обичам те|око|романтика|сърце|усмивка|усмихнато лице с очи във форма на сърце|целувки
🤩|въодушевен|дълбоко запленен|звезда|лице със звезди вместо очи|очи|развълнуван|широко усмихнат
😘|въздушна целувка|липсваш ми|лице с въздушна целувка|лице, пращащо въздушна целувка|обичам те|пращащо въздушна целувка|романтика|сърце|флирт|целувка
😗|143|лице|обичам те|смучка|среща|флирт|целуващо лице|целувка
☺️|лице|отпуснат|спокоен|усмивка|усмихнато лице|щастлив
😚|143|затворен|изчервен|лице|обичам те|око|флирт|целуващо лице със затворени очи|целувка
😙|затворени очи|лице|любов|око|усмивка|флирт|целуващо лице с усмихнати очи|целувка
🥲|благодарност|гордост|облекчение|разчувстване|сълза|усмивка|усмихнато лице със сълза
😋|вкусен|лице, наслаждаващо се на вкусна храна|наслаждавам се|наслаждаващо се на вкусна храна|облизвам се|усмивка|храна
😛|език|лице с изплезен език|отин|парти|плезещо се лице
😜|език|забавен|лице|намигащо и плезещо се лице|намигване|парти|шантав|шега|шеговит
🤪|големи|малки|налудничаво лице|око|очи
😝|вкус|език|както и да е|лице с изплезен език и стиснати очи|омг|ужасен|ужасно
🤑|лице с пари в устата|пари|уста
🤗|лице|прегръдка|прегръщам|прегръщащо лице|ръце
🤭|издаване|изненада|кикотя се|лице с ръка пред устата|опа!|тайна|шок
🫢|безверие|изненада|лице с широко отворени очи и ръка пред устата|неудобство|страхопочитание|удивление|уплаха|шокиран
🫣|вторачвам се|засрамен|изплашен|лице, надничащо зад ръцете си|надничам|надничащо зад ръцете си|скрит|смаян
🤫|замълчи|знак за шт!|което прави шт!|лице за шт!|лице, което прави шт!|тихо|шт
🤔|замислено лице|лице|учуден|хммм|чудя се
🫡|да|козирувам|козируващо лице|ок|поздрав|слънчево|уважение|успех
🤐|лице с уста с цип|не издавам|тайна|тихо|уста|цип
🤨|изненада|какво|лице с повдигната вежда|недоверие|скептично|хмм
😐|безизразен|лице|не впечатлен|не е смешно|не щастлив|непроницаем|неутрален|неутрално лице|ревнив
😑|безизразен|безизразно лице|лице|не впечатлен|не щастлив|омг|ревнив
😶|без звук|лице без уста|нямам думи|тайна|тихо|тишина|уста
🫥|депресиран|изчезвам|интровертен|крия се|лице с пунктир|невидим
😶‍🌫️|лице в мъгла|лице в облаци|мечтател|разсеян
😏|вежди|лице|подозрителен|подсмихване|подсмихващо се лице|усмивка|флирт
😒|все тая|лице|недоволен|недоволно лице|неудовлетворен|нещастен|отегчен
🙄|въртя очи|извъртам|както и да е|лице с извъртени нагоре очи|очи|сянка
😬|гримаса|зъби|зъболекар|лице с гримаса|неловко|усмивка
😮‍💨|въздъхвам|дим|издишвам|издишващо лице|изтощен|охкам|пъшкам|усмивка|шепна
🤥|лице|лъжа|лъжещо лице|пинокио
🫨|вибрирам|земетресение|изненада|лице|лудост|паника|треперещо|треперя|шок
🙂‍↔️|глава, която прави хоризонтални движения|движение за несъгласие|която прави хоризонтални движения
🙂‍↕️|глава, която прави вертикални движения|кимане за съгласие|която прави вертикални движения
😌|дзен|лице|облекчено лице
😔|лице|недоволен|обезсърчен|отегчен|разочарован|тъжен|угрижено лице
😪|изморен|лице|плачещ|сънено лице|тъжен
🤤|капят лиги|лиги|лице с капеща слюнка|слюнка
😴|време за сън|дрямка|изморен|легло|лека нощ|лице|нощ|прозявка|спящо лице|сън
🫩|изморен|изтощен|лице с торбички под очите|сънен
😷|болен|дерматолог|зъболекар|лекар|лице с медицинска маска|маска|медицина
🤒|болен|лице с термометър|термометър
🤕|боли|лице с превръзка на главата|нараняване|ох|превръзка|рана
🤢|гади ми се|лице пред повръщане|отвратено|повръщане
🤮|болен|гадене|гнусно|плюене|повръщане|повръщащо лице
🤧|болен|грип|кихане|кихащо лице|лице|наздраве|настинка
🥵|горещина|зачервено лице|зачервяване|изплезен език|лице|потене|температура|топлинен удар|умирам
🥶|замръзнало лице|клинч|лед|лице|посинял|синьо|студ|тракащи зъби|хапещ студ
🥴|замаян|зигзагообразна уста|неравен поглед|опиянено лице|пийнал
😵|замаяно лице|зашеметен|лице със зачеркнати очи|лошо ми е|умирам|умрял
😵‍💫|замаян|лице със спираловидни очи|омг|проблеми|спирала|хипнотизиран
🤯|експлодираща глава|невероятно|няма начин|отвя ми ума|потресен|шокиран
🤠|каубойка|лице с каубойска шапка|шапка
🥳|купонджийско лице|лице|надувалка|празненство|радостен|развълнуван|рожден ден|свирка|ура|шапка
🥸|инкогнито|лице|маскирано лице|маскировка|мустак|очила|фалшив нос|шпионин
😎|готин|лежерен|лице|небрежен|очила|печен|плаж|релаксиран|слънце|слънчеви очила|усмивка|усмихнато лице със слънчеви очила
🤓|експерт|зубър|интелигентен|лице на читанка|лице на зубър|очила|читанка
🧐|богат|заможен|класа|консервативен|лице с монокъл|монокъл|старомоден
😕|извинявай|лице|не знам|объркано лице|съжалявам|тъжен
🫤|лице с диагонална уста|неодобряващ|несигурен|разочарование|скептичен|съмнение
😟|лице|нервен|притеснен|разтревожено лице|стресиран|тъжен
🙁|гримаса|леко намръщено лице|лице|намръщен|тъжен
😮|забравих|изненадан|лице с отворена уста|не ти вярвам|невярващ|омг|съчувствие|уста|шокиран
😯|впечатлен|епично|изненадано лице|лице|омг
😲|изумено лице|лице|няма начин|омг|учудено лице|шокиран
😳|вина|впечален|горещо|еха|изумен|изчервено лице|лице|уау|удивен
🫪|изненадан|паника|подуване|тревожност|уязвим|шокиран
🥺|големи очи|защо не|кучешки поглед|лице|милост|много те моля|молба|моля те|умоляване|умоляващо лице
🥹|горд|който сдържа сълзите си|лице, което сдържа сълзите си|плач|сълзи от радост|съпротива|тъга|тъжен|чувства|ядосан
😦|гримаса|еха|изненада|изплашен|какво|лице|намръщено лице с отворена уста|отворен|уау|уста
😧|еха|забравих|изненадан|изплашен|изстрадало лице|какво|лице|стресиран
😨|вина|изплашено лице|лице|притеснен|разтревожен|страх
😰|изплашен|лице с отворена уста и студена пот|нервен|пот|син|студен
😥|лице с разочарование и облекчение|нервен|облекчен|олекна ми|пот|разочарован|сложно е|тъжен
😢|лице|нещастен|плач|разплакано лице|сълза|тъжен
😭|лице|недоволен|плач|рев|силно плачещо лице|сълза|тъжен
😱|вик|изплашен|крещящо от страх лице|лице, крещящо от страх|писък|страх|шокиран
😖|лице|объркан|раздразнен|свивам устни|смутено лице|тъжен|ядосан
😣|главоболие|концентриран|лице|упорито лице
😞|лице|разочаровано лице|тъжен
😓|главоболие|изплашен|лице със студена пот|наведено лице с пот|пот|студен
😩|гладен|изморен|изтощено лице|лице|плачещ|уморен|ядосан
😫|дрямка|лице|тъжен|уморено лице
🥱|време за сън|както и да е|лека нощ|лице|прозяващо се лице|прозявка|скука|спи ми се|сънлив|умора
😤|бесен|лице с излизащ пушек от носа|лице с излизаща от носа пара|пара|победа|пушек|триумф|ядосан
😡|вбесен|гневен|гневно лице|гняв|лице|нацупено лице|сърдит|червен|ядосан|ярост
😠|вбесен|гневен|лице|раздразнен|разстроен|сърдит|ядосано лице
🤬|бесен|лице със символи върху устата|псувни|ругатни|ядосан
😈|зъл|лице|рога|усмивка|усмихнато лице с рога|фантастичен
👿|демон|дяволче|лице|сърдито лице с рога|фантазия|фантастичен|ядосано лице с рога
💀|лице|приказка|смърт|тяло|умрял съм|фантастика|череп|чудовище
💩|ако|изпражнение|лице|миризливо|чудовище
🤡|клоунско лице|лице
👹|дявол|лице|маска|плашещ|приказка|страшилище|създание|фанстика|фантазия|фантастичен|чудовище|японски
👺|гоблин|лице|приказка|създание|същество|фантазия|фантастичен|чудовище|ядосан|японски
👻|лице|призрак|развълнуван|страшен|създание|фантастичен|хелоуин|чудовище
👽|извънземно|космос|лице|нло|създание|чудовище
👾|игра|извънземно|космос|лице|нло|пикселизиран|чудовище
🤖|лице на робот|робот|чудовище
😺|животно|котка|лице|усмивка|усмихнато котешко лице с отворена уста|уста
😸|животно|котка|лице|усмивка|ухилване|ухилено котешко лице с усмихнати очи
😹|котешко лице със сълзи от радост|котка|лице|радост|смях|сълза
😻|животно|котка|лице|любов|очи|сърце|усмихнато котешко лице с очи с форма на сърце
😼|животно|ироничен|котешко лице с изкривена усмивка|котка|лице|усмивка
😽|животно|котка|лице|око|целуващо котешко лице със затворени очи|целувка
🙀|животно|изненадан|изтощено котешко лице|котка|лице
😿|котка|плачещо котешко лице|сълза|тъжен
😾|животно|котка|лице|нацупено котешко лице|сърдит
🙈|не видях|видях|жест|животно|засрамен|лице|маймуна|не мога да гледам|тайна
🙉|не чух|жест|животно|забранено|лице|маймуна|тайна|чух|шшт
🙊|не знам|жест|животно|забранено|знам|лице|маймуна
💌|валентинка|любовно писмо|писмо|романтика|свети валентин|сърце
💘|амур|емоция|купидон|любов|обичам те|романтика|свети валентин|сърце със стрела
💝|валентинка|годишнина|емоция|лента|обичам те|панделка|свети валентин|сърце с панделка|целувки
💖|блестящо сърце|добро утро|емоция|искра|лека нощ|развълнуван|сърце
💗|емоция|нервен|обичам те|пулс|развълнуван|растящо сърце|сърце|туптящо сърце|увеличаващо се сърце|целувки
💓|биене|биещо|емоция|сърце|туптене
💞|годишнина|обикалящи сърца|сърце
💕|годишнина|две сърца|емоция|любов|обичам те|сърце|целувки
💟|бяло сърце|емоция|лилаво сърце|сърце|украса сърце
💔|емоция|разбито|самотен|сърце|тъжен
❤️‍🔥|любов|огън|свещено сърце|страст|сърце в пламъци
❤️‍🩹|възстановяване|добре|оздравяване|по-здрав|подобрение|превързано сърце
🩷|емоция|любов|обичам те|розово|сладко|сърце|харесвам
🧡|оранжево сърце
💛|емоция|жълто|любов|обичам те|сърце
💚|емоция|зелено сърце|любов|романтика|сърце
💙|емоция|обичам те|романтика|синьо|сърце
🩵|емоция|небесносиньо|обичам те|светлосиньо|синьо-зелено|специален|сърце|циан
💜|емоция|лилаво|любов|обичам те|сърце
🤎|кафяво|сърце
🖤|зло|сърце|черно
🩶|емоция|обичам те|сиво сърце|сребристо|сребърно|сърце|тъмносиво
🤍|бяло|сърце
💋|емоция|отпечатък от целувка|романтика|секси|сърце|устни|целувка
💯|100|резултат|сто точки
💢|гняв|комикс|символ за гняв|ядосан
🫯|бой|борба|врява|дебат|несъгласие|сбиване|спор
💥|бомба|бум|експлодирам|комикс|сблъсък
💫|замайване|звезда|комикс
💦|вода|капки вода|капки пот|комикс|пот|пръска
💨|бърз|дим|комикс|пушек|спринт|тичане
🕳️|дупка|яма
💬|балонче за говор|говор|диалог|комикс|текст
👁️‍🗨️|балонче за говор|говор|око в балонче за говор|свидетел
🗨️|балонче за говор наляво|балонче за говор отляво|говор|диалог
🗯️|балонче за гняв надясно|балонче за гняв отдясно|гняв|ядосан
💭|балонче за мисъл|идея|комикс|мечта|мисъл|облак|осъзнавам|решения
💤|zzz|заспал|изморен|комикс|лека нощ|спане|сънен
👋|до скоро|ехо|здравей|здрасти|махане с ръка|поздрави|помахване|привет|ръка|там ли си|тяло|чао
🤚|вдигната|длан
🖐️|вдигната ръка с разперени пръсти|пръст|разперен|ръка|стоп|тяло
✋|вдигната ръка|дай пет|ръка|стоп|тяло
🖖|вулкан|поздрав на вулканите|пръст|ръка
🫱|дясно|надясно|протягане|ръка|ръкостискане|сочеща надясно ръка
🫲|лява ръка|ляво|наляво|ръка|ръкостискане|сочеща наляво ръка
🫳|вдигам|вземам|изпускам|отхвърлям|прогонвам|ръка с длан надолу
🫴|идвам|кажи ми|не знам|повиквам|предлагам|предложение|ръка с длан нагоре|хващам
🫷|дай пет|блокиране|бутане|високо|задръж|наляво|отказ|пауза|ръка|спри|чакай|шамар
🫸|дай пет|блокиране|бутане|високо|задръж|надясно|отказ|пауза|ръка|спри|чакай|шамар
👌|ok|добре|жест окей|много ясно|окей|разбрано|разбрахме се|ръка|тяло
🤌|въпрос|жест с ръка|какво|пръсти|саркастично|събрани|търпение
🤏|малка сума|малко|мъничко|нещо малко|пръсти|ръка с приближени палец и показалец
✌️|жест за победа|мир|победа|ръка|тяло
🤞|късмет|палци|ръка|стискане на палци
🫰|любов|пари|ръка с преплетени палец и показалец|скъпо|сърце|щракване
🤟|жест обичам те|обичам те|ръка|три пръста
🤘|знак на рогата|метъл|пръст|рога|рок музика|ръка|тяло
🤙|знак за обаждане|обаждане|ръка
👈|показалец наляво откъм опакото на ръката|показалец, сочещ наляво|пръст|соча|сочещ наляво показалец
👉|показалец надясно откъм опакото на ръката|показалец, сочещ надясно|пръст|ръка|соча|сочещ надясно
👆|нагоре|показалец нагоре откъм опакото на ръката|показалец, сочещ нагоре|ръка|соча|сочещ нагоре показалец
🖕|пръст|ръка|среден пръст|тяло
👇|надолу|показалец надолу откъм опакото на ръката|показалец, сочещ надолу|соча|сочещ надолу
☝️|нагоре|показалец|пръст|соча
🫵|вие|показалец, сочещ към гледащия|посочвам|ръка|сочещ към гледащия|ти
👍|+1|браво|вдигнат палец|да|добре|много ясно|нагоре|палец|разбира се|ръка|хубаво|чудесно
👎|-1|надолу|не ми харесва|палец|ръка
✊|вдигнат юмрук|ръка|солидарност|стиснат|удар|юмрук
👊|ръка|стиснат|тяло|удар|юмрук
🤛|наляво|обърнат наляво юмрук|юмрук
🤜|надясно|обърнат надясно юмрук|юмрук
👏|аплодисменти|браво|добра работа|пляскане|пляскащи ръце|поздравления|ръка|тяло|чудесно
🙌|вдигнат|жест|похвала|празнуване|ура|човек с вдигнати ръце
🫶|любов|обичам те|ръце във формата на сърце
👐|джаз|отворени ръце|прегръдка|ръка|тяло
🤲|желание|молитва|сочещи нагоре|събрани длани, сочещи нагоре
🤝|ръка|ръкостискане|сделка|среща|съгласие
🙏|благодаря|благословен|жест|молба|молитва|моля се|ръце|събрани ръце
✍️|пиша|пишеща ръка|ръка|тяло
💅|козметика|лак за нокти|маникюр|нокти
🤳|камера|селфи|телефон
💪|бицепс|вдигане на тежести|мускул|ръка|силен|стегнат|тренировка|тяло|фитнес
🦾|достъпна среда|достъпност|механична ръка|протеза
🦿|достъпна среда|достъпност|механичен крак|протеза
🦵|крайник|крак|ритник|сгънат крак
🦶|глезен|крак|настъпване|ритник|стъпало
👂|звук|слух|тяло|ухо|чувам
🦻|достъпна среда|достъпност|увреден слух|ухо със слухов апарат
👃|аромат|миризма|мириша|нос|тяло
🧠|интелигентен|мозък|умен
🫀|анатомия|кардиология|орган|пулс|сърдечен ритъм|сърце|червено
🫁|бели дробове|вдишване|дишане|дробове|дъх|издишване|орган
🦷|бяло|зъболекар
🦴|кокал|кост|куче|скелет
👀|гледам|лице|надзъртам|надничам|око|омг|очи|тяло
👁️|1 око|едно око|око|тяло
👅|ближа|език|тяло
👄|красота|тяло|уста|устни|целувка|червило
🫦|нервен|нервност|неудобство|прехапана устна|притеснение|секси|страх|устна|флиртуване|целувка
👶|бебе|дете|малко|новородено
🧒|без определен пол|дете|малко дете|млад|неутрален пол
👦|дете|момче
👧|две опашки|дева|девойка|дъщеря|млад|момиче|светли очи
🧑|без определен пол|възрастен|неутрален пол|пълнолетен|човек
👱|блондин/ка|блондинка|лице|мъж|рус мъж|човек
👨|гадже|момче|мъж|приятел
🧔|брадат|човек с брада
🧔‍♂️|брада|мъж: брада
👱‍♂️|блондин|рус мъж|руса коса
👩|блондинка|жена|прическа|руса коса
🧔‍♀️|брада|жена: брада
👱‍♀️|блондинка|жена|руса жена|руса коса
🧓|без определен пол|възрастен|неопределен пол|по-възрастен човек
👴|възрастен|дядо|мъдър|мъж|опадаща коса|плешив|старец
👵|баба|възрастна|жена|мъдра|стара|старица
🙍|гримаса|жест|намръщен човек|намръщена жена|не щастлив|раздразнен|разочарован|разстроен|сърдит
🙍‍♂️|жест|мръщене|намръщен мъж|обиден мъж|обидена гримаса
🙍‍♀️|мръщене|намръщена жена|обидена гримаса|обидена жена
🙎|гримаса|жена|жест|мръщя се|нацупен човек|разочарован|разстроен|цупеща се жена
🙎‍♂️|гримаса|жест|намусен мъж|нацупен мъж|недоволна гримаса
🙎‍♀️|гримаса|намусена жена|нацупена жена|недоволна гримаса
🙅|жена прави жест за не|жест за не|забранено|изключвам|не|никакъв шанс|няма шанс|ръка
🙅‍♂️|жест не|жест с ръка|забрана|мъж с жест за не|мъж, правещ жест за не|не|правещ жест за не|ръка
🙅‍♀️|жена, правеща жест за не|жест не|жест с ръка|забрана|правеща жест за не
🙆|ok|жест за окей|окей|омг|ръка|тренирам
🙆‍♂️|ok|жест да|жест с ръка|мъж с жест за ok|мъж, правещ жест за окей|потвърждение|правещ жест за окей|ръка|тренировка|упражнение
🙆‍♀️|жена, правеща жест за окей|жест да|жест с ръка|потвърждение|правеща жест за окей
💁|даване на съвет|жена|информация|както и да е|клюка|нахакан|помощ|ръка|сарказъм|сериозно ли|човек от информационна служба
💁‍♂️|информация|както и да е|мъж от информационна служба|откъсване на косъм|отскубване на косъм|помощ|сарказъм|съвети
💁‍♀️|жена от информационна служба|информация|помощ
🙋|аз знам|аз мога да помогна|вдигнал ръка|вдигнат|въпрос|жена с вдигната ръка|жест|изберете мен|ръка|тук съм|щастлив човек с вдигната ръка|щастлив човек, вдигнал ръка
🙋‍♂️|вдигнал ръка|вдигната ръка|въпрос|жест с ръка|знам|щастлив мъж с вдигната ръка|щастлив мъж, вдигнал ръка
🙋‍♀️|вдигнала ръка|вдигната ръка|жест с ръка|щастлива жена, вдигнала ръка
🧏|глух човек|глухота|достъпна среда|слух|ухо
🧏‍♂️|глух|мъж
🧏‍♀️|глуха|жена
🙇|жест|извинение|извинявай|медитация|медитирам|покланящ се човек|поклон|прости ми|съжалявам
🙇‍♂️|жест|извинение|покланящ се мъж|поклон
🙇‍♀️|жест|извинение|медитация|покланяща се жена|поклон|съжалявам
🤦|лице|не отново|невярване|о не|отчаяние|ръка върху лице|човек|шок
🤦‍♂️|длан пред лицето|жест с ръка|мъж с ръка върху лицето|не мога да повярвам|не отново|невярване|о не|отчаяние
🤦‍♀️|длан пред лицето|жена с ръка върху лицето|жест с ръка|не мога да повярвам|не отново|невярване|о не|отчаяние
🤷|безразличие|кой знае|може би|не знам|нямам идея|рамене|свиване на рамене|сигурно|съмнение
🤷‍♂️|безразличие|вдигане на рамене|жест с рамене|както и да е|може би|мъж свива рамене|не знам|нямам идея|сигурно|съмнение
🤷‍♀️|безразличие|вдигане на рамене|жена свива рамене|жест с рамене|както и да е|може би|не знам|нямам идея|сигурно|съмнение
🧑‍⚕️|здравен служител|здравеопазване|лекар|медицинска сестра|терапевт
👨‍⚕️|доктор|здравен работник|здравна система|лекар|мъж|терапевт
👩‍⚕️|жена|здравен работник|здравна работничка|здравна система|лекарка|медицинска сестра|терапевт
🧑‍🎓|завършил|студент|учащ
👨‍🎓|висше образование|дипломиран младеж|мъж|студент|учащ
👩‍🎓|висше образование|жена|студентка|учаща
🧑‍🏫|инструктор|лектор|преподавател|учител
👨‍🏫|инструктор|лектор|мъж|преподавател|учител
👩‍🏫|жена|инструкторка|лектор|преподавателка|учителка
🧑‍⚖️|везни|съдия
👨‍⚖️|везни|мъж съдия|правосъдие|служител на правосъдието|съдия
👩‍⚖️|везни|жена|правосъдие|служител на правосъдието|служителка на правосъдието|съдийка|съдия
🧑‍🌾|градинар|земеделец|собственик на ранчо
👨‍🌾|градинар|производител|селскостопански работник|фермер
👩‍🌾|градинарка|жена|производителка|селско стопанство|фермерка
🧑‍🍳|готвач|майстор-готвач
👨‍🍳|готвач|готвещ мъж|мъж готвач
👩‍🍳|готвачка|готвеща жена|жена
🧑‍🔧|водопроводчик|електротехник|механик
👨‍🔧|водопроводчик|електротехник|майстор|механик|мъж|специалист|техник
👩‍🔧|водопроводчик|електротехник|жена механик|майсторка|специалистка|техник
🧑‍🏭|завод|индустрия|производство|промишленост|работник във фабрика|фабрика
👨‍🏭|мъж|производство|работник в завод|фабрика
👩‍🏭|жена|производство|работничка в завод|фабрика
🧑‍💼|архитект|бизнес|костюм|мениджър|служител в офис
👨‍💼|архитект|бизнес|костюм|мениджър|мъж|служител в офис|управител
👩‍💼|архитектка|бизнес|жена|костюм|мениджър|офис|служителка в офис|управител
🧑‍🔬|биолог|инженер|учен|физик|химик
👨‍🔬|биолог|инженер|математик|мъж учен|научен работник|учен|физик|химик
👩‍🔬|биолог|жена учен|инженер|математик|математичка|научен работник|научна работничка|физик|химик
🧑‍💻|кодове|програмист|разработчик|софтуер
👨‍💻|компютърен специалист|мъж в сферата на технологиите|програмист|разработчик|софтуер|технологии
👩‍💻|жена в сферата на технологиите|компютърен специалист жена|програмист|разработчик|софтуер|технологии
🧑‍🎤|актьор|звезда|певец|рок|шоумен
👨‍🎤|актьор|артист|музикален изпълнител|мъж певец|певец|рок звезда|творец
👩‍🎤|артист|жена|музикална изпълнителка|певица|рок звезда|творец
🧑‍🎨|палитра|художник
👨‍🎨|мъж|палитра|рисуване|творец|художник
👩‍🎨|жена творец|палитра|рисуване|художничка
🧑‍✈️|пилот|самолет
👨‍✈️|летец|мъж|пилот|самолет
👩‍✈️|жена летец|жена пилот|полет|самолет
🧑‍🚀|астронавт|ракета
👨‍🚀|астронавт|космически кораб|космонавт|космос|мъж|ракета
👩‍🚀|астронавтка|жена|космически кораб|космонавт|космос|ракета
🧑‍🚒|пожарна кола|пожарникар
👨‍🚒|гасене на пожар|мъж|огън|пожарна|пожарникар
👩‍🚒|гасене на пожар|жена пожарникар|огън|пожарна
👮|арестувам|закон|мъж|орган на реда|полицай|полицейски служител|полиция|служител на реда
👮‍♂️|полицай|полиция|служител на реда|униформа
👮‍♀️|арестувам|жена|закон|орган на реда|под прикритие|полицайка|полиция|служител на реда|служителка на реда|униформа
🕵️|детектив|мъж|шпионин
🕵️‍♂️|мъж детектив|частен детектив|шпионин
🕵️‍♀️|детектив|жена|частен детектив жена|шпионин
💂|бъкингамски дворец|гвардеец|караул|конвой|лондон|страж
💂‍♂️|войник|караул|конвой|мъж гвардеец|страж
💂‍♀️|бъкингамски дворец|жена войник|жена гвардеец|караул|конвой|лондон|страж
🥷|воин|война|наемен убиец|нинджа|прокрадване|скрит|човек|шпионин
👷|каска|мъж|работник|ремонт|строеж|строителство|шапка|шлем
👷‍♂️|работник|строеж|строителен работник
👷‍♀️|жена строителен работник|каска|работа|работничка|строеж|строителка
🫅|благородник|владетел|кралска особа|царствен|човек с корона
🤴|кралска особа|принц
👸|корона|кралица|приказка|принцеса|фантастичен|царица
👳|мъж|тюрбан|чалма|човек с тюрбан
👳‍♂️|мъж с тюрбан|тюрбан|чалма
👳‍♀️|жена с тюрбан|тюрбан|чалма
👲|китайска шапчица|мъж с китайска шапчица|шапка
🧕|бандана|жена с кърпа за глава|кърпа за глава|мантила|тюрбан|хиджаб|шал за глава
🤵|младоженец|мъж във фрак|официален|фрак|човек във фрак
🤵‍♂️|мъж във фрак|фрак
🤵‍♀️|жена във фрак|фрак
👰|булка с воал|було|воал|сватба|човек с було
👰‍♂️|мъж с було
👰‍♀️|було|жена с було
🤰|бременна|жена
🫃|бременен мъж|корем|подут|пълен
🫄|бременен човек|бременна|корем|подут|пълен
🤱|бебе|кърмене|хранене
👩‍🍼|бебе|жена, хранеща бебе|майка|новородено|хранене|хранеща бебе
👨‍🍼|баща|бебе|мъж, хранещ бебе|новородено|хранене|хранещ бебе|човек
🧑‍🍼|баща|бебе|жена|майка|мъж|новородено|хранене|хранещ бебе|човек, хранещ бебе
👼|ангелче|бебе|лице|приказка|църква
🎅|дядо|коледа|празнуване|приказка|фантастичен
🤶|баба|коледа
🧑‍🎄|г-х коледа|дядо коледа|коледа|празник|червена шапка|човек
🦸|героиня|героична|добра|жена супергерой|супергероиня|суперсили|човек
🦸‍♂️|герой|добър|супергерой|супермен|суперсила
🦸‍♀️|героиня|герой|жена|праведна|способности|супергерой от женски пол
🦹|злодей|престъпник|суперзлодей|суперсила|човек
🦹‍♂️|злодей|мъж суперзлодей|престъпник|суперсила
🦹‍♀️|жена суперзлодей|злодей|престъпник|суперсила
🧙|вещица|жена магьосник|заклинание|магия|магьосница|призовавам|фантазия
🧙‍♂️|вълшебник|мъж магьосник|чародей
🧙‍♀️|вълшебница|магьосница|чародейка
🧚|крила|мит|оберон|пук|титания|фантазия|фея
🧚‍♂️|мъж фея|оберон|пук
🧚‍♀️|жена фея|титания
🧛|вампир|дракула|зъби|костюм|кръв|немъртъв|свръхестествено|страшно|ужаси|хелоуин
🧛‍♂️|дракула|мъж вампир|немъртъв
🧛‍♀️|жена вампир|немъртъв
🧜|жена амфибия|морски създания|мъж амфибия|под водата|приказка|русалка|сирена|човек амфибия
🧜‍♂️|мъж амфибия|тритон
🧜‍♀️|жена амфибия|русалка
🧝|елф|магическо|мистично|митично|фантазия|фолклор|човек елф
🧝‍♂️|вълшебен|мъж елф
🧝‍♀️|вълшебен|жена елф
🧞|джин|дух|желание|женски джин|мистично|потъркай лампата
🧞‍♂️|джин|мъж джин
🧞‍♀️|джин|жена джин
🧟|апокалипсис|зомби|немъртъв|плашещ|ужаси|хелоуин|ходещи мъртви
🧟‍♂️|мъж зомби|немъртъв|ходещ мъртъв
🧟‍♀️|жена зомби|немъртва|ходеща мъртва
🧌|приказка|трол|фантазия|чудовище
🫈|голяма стъпка|гигантски|гора|йети|космат|криптид|саскуоч
💆|главоболие|масаж на лицето|напрежение|отпускане|процедура|релаксация|салон|спа|терапия
💆‍♂️|главоболие|лице|масаж на лице|мъж с масажирано лице|отпускане|салон
💆‍♀️|жена с масажирано лице|масаж на лице
💇|жена се подстригва|красота|подстригване|прическа|салон|стил|фризьорски салон|човек се подстригва
💇‍♂️|бръснарски салон|коса|подстригван мъж|подстригване|прическа|салон за красота|фризьорски салон
💇‍♀️|подстригвана жена|прическа|фризьорски салон
🚶|мъж|пешеходец|разходка|разхождам се|темпо|ходене|ходещ мъж|ходя|човек се разхожда
🚶‍♂️|вървене|разходка|ходене пеш|ходещ мъж
🚶‍♀️|вървене|пешеходец|разходка|ходене пеш|ходеща жена
🧍|изправен човек|прав|стоя изправен
🧍‍♂️|изправен мъж|мъж|прав
🧍‍♀️|жена|изправена жена|права
🧎|коленича|коленичил човек|на колене
🧎‍♂️|коленичил мъж|мъж|на колене
🧎‍♀️|жена|коленичила жена|на колене
🧑‍🦯|достъпност|сляп|човек с бял бастун
👨‍🦯|достъпна среда|мъж с бял бастун|незрящ
👩‍🦯|достъпна среда|жена с бял бастун|незряща
🧑‍🦼|достъпност|инвалидна количка|човек в моторизирана инвалидна количка
👨‍🦼|достъпна среда|инвалидна количка|мъж в акумулаторна инвалидна количка
👩‍🦼|достъпна среда|жена в акумулаторна инвалидна количка|инвалидна количка
🧑‍🦽|достъпност|инвалидна количка|човек в инвалидна количка
👨‍🦽|достъпна среда|инвалидна количка|мъж в инвалидна количка|мъж в ръчна инвалидна количка
👩‍🦽|достъпна среда|жена в инвалидна количка|жена в ръчна инвалидна количка|инвалидна количка
🏃|бегач|бързина|бързо|бягане|движение|маратон|мъж|скорост|тичане|тичащ човек|човек
🏃‍♂️|бягане|състезание|тичане|тичащ мъж
🏃‍♀️|бързо|бягане|идвам|маратон|състезание|тичане|тичаща жена
🧑‍🩰|балет|танцьорка
💃|да танцуваме|елегантна|жена|салса|танго|танцьорка|фестивал
🕺|елегантен|мъж|танцуващ мъж|танцьор|фестивал|фламенко
🕴️|бизнес|костюм|левитиращ мъж в костюм|мъж
👯|близнаци|двойка|жена|забавляващи се хора|заешки уши|момиче|най-добри приятелки|парти|сродна душа|танцьорка
👯‍♂️|веселие|веселящи се мъже със заешки уши|забавления|заешки уши|купон|парти|танцьор
👯‍♀️|веселие|забавления|забавляващи се жени със заешки уши|заешки уши
🧖|ден за спа|лукс|парна баня|почивка|релаксация|сауна|спа|човек в парна баня|човек в помещение с пара
🧖‍♂️|мъж в помещение с пара|парна баня|сауна
🧖‍♀️|жена в помещение с пара|парна баня|сауна
🧗|алпинист|катерене|катерещ се човек|нагоре|планина|скала|скално катерене
🧗‍♂️|катерач
🧗‍♀️|алпинист|катерачка
🤺|спорт|фехтовач|фехтовка|човек|шпага
🏇|жокей|конни надбягвания|надбягване
⛷️|зима|скиор|сняг
🏂|ски|сноубордист|сняг
🏌️|голф|играч на голф|спорт|топка|човек играе голф
🏌️‍♂️|голф|играещ голф|играч|мъж, играещ голф
🏌️‍♀️|голф|жена играч|жена, играеща голф|играеща голф|топка
🏄|вълни|море|мъж на сърф|океан|плаж|спорт|сърфист|човек на сърф
🏄‍♂️|каращ сърф|мъж, каращ сърф|сърфиране
🏄‍♀️|жена|океан|плаж|спорт|сърфиране|сърфистка
🚣|гребане|гребец|гребна лодка|езеро|кану|лодка|превозно средство|рафтинг|риболов|човек в гребна лодка
🚣‍♂️|гребец|гребящ мъж|лодка|спорт във вода
🚣‍♀️|гребане|гребяща жена|круиз|лодка|река|спорт във вода
🏊|мъж|плуване|плуващ човек|плувец|свободен стил|спорт|триатлон
🏊‍♂️|мъж|плуване|плуващ мъж
🏊‍♀️|жена|плуване|плувкиня|спорт
⛹️|баскетболист|дриблирам|кош|мрежа|мъж|топка|човек с топка|шампионат
⛹️‍♂️|мъж с топка|спорт|топка
⛹️‍♀️|жена с топка|спорт|топка
🏋️|бодибилдър|вдигане на тежести|тежест|тежкоатлет|трениране|тренировка|човек вдига тежести|щангист
🏋️‍♂️|вдигане тежести|вдигащ тежести мъж|тежкоатлет|щангист
🏋️‍♀️|вдигане на тежести|вдигане тежести|вдигаща тежести жена|тежкоатлетка|щангистка
🚴|велосипедист|каране на велосипед|каране на колело|колело|спорт|човек кара велосипед|човек кара колело
🚴‍♂️|велосипед|колоездач|мъж на велосипед|мъж с колело
🚴‍♀️|велосипедистка|жена с колело|колоездене|спорт
🚵|велосипедист|колело|колоездач|планина|планински колоездач|планинско колоездене|спортист
🚵‍♂️|мъж на планински велосипед|планински колоездач
🚵‍♀️|велосипед|жена на планински велосипед|планина|планински колоездач
🤸|активен|гимнастика|развълнуван|спорт|циганско колело|човек|щастлив
🤸‍♂️|акробат|активен|гимнастика|мъж|развълнуван|спорт|щастлив
🤸‍♀️|акробатка|активен|гимнастика|жена|развълнуван|спорт|щастлив
🤼|борба|борец|борци|в ринга|дуел|спорт|турнир по борба|човек
🤼‍♂️|битка|борба|борещи се мъже|борци|в ринга|дуел|мъже|турнир по борба
🤼‍♀️|битка|борба|борещи се жени|борци|в ринга|дуел|жени|турнир по борба
🤽|вода|водна топка|плуване|спорт|топка|човек
🤽‍♂️|воден спорт|водна топка|водно поло|играещ водна топка|мъж, играещ водна топка|плуване|спортист|топка
🤽‍♀️|воден спорт|водна топка|жена играеща водна топка|жена, играеща водна топка|играеща водна топка|плуване|спортистка|топка
🤾|подавам|спортист|топка|хандбал|хващам|хвърлям|човек
🤾‍♂️|мъж|спорт|хандбалист
🤾‍♀️|жена|подавам|спортист|топка|хандбалистка|хващам|хвърлям
🤹|балансиране|жонглирам|жонглиране|мултитаскинг|умение|човек
🤹‍♂️|балансиране|жонглиране|жонгльор|мултитаскинг|мъж
🤹‍♀️|жена|жонглиране|жонгльорка
🧘|дзен|йога|кръстосани крака|медитация|мир|релаксация|човек в поза лотус
🧘‍♂️|йога|медитация|мъж в поза лотос
🧘‍♀️|жена в поза лотос|йога|медитация
🛀|баня|вана|къпещ се човек
🛌|дрямка|изморен|лека нощ|сън|хотел|човек в леглото
🧑‍🤝‍🧑|двойка|за ръце|които се държат за ръце|ръка|хванати за ръка|хора, които се държат за ръце|човек
👭|гей|две жени|двойка|държащи се за ръце|лгбти|лгбтк|лесбийки|момичета|приятелки
👫|двойка|държащи се за ръце|жена|мъж и жена с хванати ръце|мъж и жена хванати за ръце|среща|флирт
👬|близнаци|влюбени|гей|двойка|лгбти|лгбтк|момчета|мъже|приятели
💏|годишнина|двойка|любов|романтика|целувка
💑|годишнина|двойка и сърце|любов|романтика|сърце|целувка
🗣️|глава|говореща|лице|силует
👤|бюст|мистериозен|силует на бюст|сянка
👥|бюст|приятели|силуети на бюстове|хора
🫂|благодаря|довиждане|здравей|прегръдка|прегръщащи се хора|приятелство|сбогом
👪|баща|дете|майка|семейство
🧑‍🧑‍🧒|възрастен|дете|семейство
🧑‍🧑‍🧒‍🧒|възрастен|дете|семейство: възрастен, възрастен, дете, дете
🧑‍🧒|дете|семейство: възрастен, дете
🧑‍🧒‍🧒|дете|семейство: възрастен, дете, дете
👣|боси крака|облекло|следа|стъпала|стъпка|стъпки|тяло
🫆|идентичност|криминалисти|пръстов отпечатък|сигурност
🐵|банан|животно|лице на маймуна|маймуна
🐒|банан|животно|маймуна
🦍|горила|животно
🦧|животно|маймуна|орангутан|човекоподобна маймуна
🐶|домашно животно|животно|куче|лице|муцуна на куче
🐕|домашен любимец|домашно животно|животно|куче
🦮|водач|достъпна среда|куче водач|куче-водач|незрящи
🐕‍🦺|достъпна среда|куче|помощ|служба|служебно куче|съдействие
🐩|животно|куче|пудел
🐺|вълк|животно|лице|муцуна на вълк
🦊|животно|лисица|лице на лисица|муцуна
🦝|енот|животно|любопитен|миеща мечка
🐱|домашен любимец|домашно животно|животно|коте|котка|муцуна на котка
🐈|домашен любимец|домашно животно|животно|коте|котка
🐈‍⬛|животно|котка|лош късмет|мяу|черна
🦁|алфа|зодиакален знак|зодия|лъв|муцуна на лъв|ръмжене|сафари
🐯|голяма котка|животно|муцуна на тигър|тигър|хищник
🐅|голяма котка|животно|зоопарк|тигър|хищник
🐆|голяма котка|животно|зоопарк|леопард|хищник
🐴|дресура|кон|лице|муцуна на кон|ферма
🫎|бозайник|животно i еленови рога i лос i бозайник|лос
🫏|бозайник|животно|магаре|муле|товарно животно|упорит
🐎|животно|кон|надбягвания|състезателен кон|ферма
🦄|еднорог|лице|муцуна на еднорог
🦓|животно|зебра|ивица
🦌|елен|животно
🦬|бивол|бизон|европейски бизон|животно|стадо
🐮|крава|лице|мляко|муу|муцуна на крава|ферма
🐂|бик|вол|животно|зодиакален знак|зодия|телец|ферма
🐃|бивол|вода|воден бивол|животно|зоопарк
🐄|животно|крава|мляко|муу|муцуна|ферма
🐷|бекон|животно|зурла на прасе|прасе|свинско|ферма
🐖|животно|прасе|свиня|ферма
🐗|глиган|животно|игра на тронове|прасе
🐽|животно|зурла|муцуна|нос|прасешка зурла|ферма
🐏|животно|зодиакален знак|зодия|зоопарк|овен|рога
🐑|бее|животно|овца|пухкав
🐐|животно|зодиакален знак|зодия|коза|козирог|мляко|ферма
🐪|гърбица|едногърба камила|животно|камила|пустиня
🐫|гърбица|двугърба камила|животно|камила|пустиня
🦙|алпака|викуня|вълна|гуанако|животно|лама
🦒|животно|жираф|петна
🐘|голямо животно|животно|слон|хобот
🦣|бивници|голям|животно|изчезване|космат|мамут
🦏|животно|носорог
🦛|едър бозайник|животно|хипопотам
🐭|животно|мишка|муцуна на мишка
🐁|животно|мишка
🐀|животно|плъх
🐹|домашен любимец|домашно животно|животно|муцуна на хамстер|хамстер
🐰|домашен любимец|домашно животно|животно|заек|зайче|муцуна на заек
🐇|домашен любимец|домашно животно|животно|заек|зайче
🐿️|катерица
🦫|бобър|дига|животно|зъби
🦔|с игли|таралеж
🦇|вампир|животно|прилеп
🐻|гризли|мед|мечка|муцуна на мечка
🐻‍❄️|бяла|мечка|полярна
🐨|австралия|животно|коала|мечка|муцуна|торбесто животно
🐼|бамбук|животно|лице|муцуна на панда|панда
🦥|бавен|ленивец|мързелив
🦦|видра|игривост|ловене на риба|риболов
🦨|воня|силна миризма|скункс
🦘|австралия|двуутробно животно|животно|кенгуру|скокове
🦡|борсук|животно|меден язовец|язовец
🐾|лапи|отпечатъци|следи от лапи
🦃|денят на благодарността|птица|пуйка
🐔|животно|кокошка|птица
🐓|животно|петел|птица
🐣|бебе|животно|излюпващо се пиленце|пиленце|птица|яйце
🐤|бебе|животно|малко пиленце|пиленце|птица
🐥|бебе|животно|новородено|пиленце отпред|птица
🐦|животно|орнитология|птица
🐧|антарктида|животно|пингвин|птица
🕊️|гълъб|мир|полет|птица
🦅|животно|орел|птица
🦆|животно|патица|птица
🦢|грозното патенце|животно|лебедова шия|птица
🦉|бухал|животно|мъдрост|птица
🦤|голям|додо|животно|изчезване|мавриций|птица
🪶|леко|перо|перушина|полет|птица
🦩|тропическа птица|фламинго|ярък цвят
🦚|ветрило|животно|красива опашка|наперен|паун|птица
🦜|говореща птица|животно|папагал|пират|птица
🪽|авиация|ангелски|крило|летене|митология|птица
🐦‍⬛|врана|гарван|животно|клюн|кос|птица|черен|черно
🪿|глупав|гъска|животно|крясък|птица|стадо
🐦‍🔥|безсмъртие|възраждане|възход|жар-птица|подновяване|прераждане|трансформация|фантазия|феникс
🐸|глава на жаба|жаба|лице
🐊|воден хищник|животно|зоопарк|крокодил
🐢|животно|костенурка
🦎|влечуго|гущер|животно
🐍|животно|змиеносец|змия|зодиакален знак|зодия
🐲|глава на дракон|дракон|животно|лице|приказка
🐉|дракон|животно|китайски|приказка|рицари
🦕|брахиозавър|бронтозавър|динозавър|диплодок|завропод
🦖|динозавър|тиранозавър рекс
🐳|животно|кит|океан|пръскащ
🐋|животно|кит|морски бозайник|океан|плаж
🐬|делфин|животно|морски бозайник|океан|плаж
🫍|кит|морски|океан
🦭|животно|морски лъв|океан|тюлен
🐟|вечеря|животно|зодиакален знак|зодия|риба|риби
🐠|риба|тропическа
🐡|животно|риба балон
🦈|акула|животно|риба
🐙|животно|океан|октопод|създание
🐚|животно|мида|плаж|раковина|спирална раковина|спираловидна раковина|черупка
🪸|изменение на климата|климатични промени|корал|море|океан|промяна на климата|риф
🪼|безгръбначно|воден свят|желе|животно|изгаряне|медуза|море|морско животно|океан|парещо животно
🦀|зодиакален знак|зодия|рак
🦞|морска храна|омар|червен рак|щипки
🦐|скарида|храна|черупкови
🦑|животно|калмар|мекотело|храна
🦪|гмуркане|мида|перла|стрида
🐌|градина|животно|охлюв|природа
🦋|красиво|насекомо|пеперуда
🐛|буболечка|градина|животно|насекомо
🐜|градина|животно|мравка|насекомо
🐝|животно|мед|насекомо|природа|пролет|пчела
🪲|бръмбар|буболечка|бубулечка|животно|насекомо
🐞|бръмбар|градина|животно|калинка|насекомо|природа
🦗|буболечка|насекомо|ортоптера|скакалец|щурец
🪳|вредител|животно|напаст|насекомо|хлебарка
🕷️|насекомо|паяк
🕸️|паяжина|паяк
🦂|зодиакален знак|зодия|скорпион
🦟|вирус|комар|малария|насекомо|треска|ухапване
🪰|болест|гниене|животно|ларва|летящ|муха|напаст
🪱|животно|земен червей|паразит|червей
🦠|амеба|бактерия|вирус|микроб|наука
💐|букет|годишнина|любов|растение|рожден ден|романтика|цвете
🌸|пролет|растение|цвете|цвят|череша|черешов цвят
💮|бяло цвете|цвете
🪷|будизъм|виетнам|индия|индуизъм|красота|лотус|мир|цвете|чистота
🏵️|растение|розета
🌹|красота|растение|роза|свети валентин|цвете
🥀|повехнало|цвете
🌺|растение|хибискус|цвете
🌻|растение|слънце|слънчоглед|цвете
🌼|глухарче|растение|цвете|цвят|цъфти
🌷|лале|растение|цвете|цъфти
🪻|зюмбюл|кученце|лавандула|лилаво|лупина|люляк|растение|цвете
🌱|кълн|младо|растение
🪴|зюмбюл|кученце|лавандула|лилаво|лупина|люляк|растение|цвете
🌲|вечнозелено дърво|гора|дърво|природа|растение
🌳|дърво|листопадно|растение|широколистно
🌴|дърво|палма|растение|тропическо
🌵|кактус|природа|пустиня|растение
🌾|жито|клас|оризов клас|растение
🌿|билка|лист|растение
🍀|4|детелина|късмет|листо|растение|четирилистен|четирилистна детелина
🍁|кленов лист|лист|падащ|растение
🍂|есен|листо|падащ|паднало листо|растение
🍃|вятър|листо, носено от вятъра|носено от вятъра|растение
🪹|гнездо|гнездя|дом|правя гнездо|празно гнездо
🪺|гнездо с яйца|гнездя|правя гнездо|птица|яйце
🍄|гъба|марио|мухоморка|растение|супер марио
🪾|дърво без листа|зима|сухо дърво|суша
🍇|грозде|плод|растение
🍈|плод|пъпеш|растение
🍉|диня|плод
🍊|витамин c|мандарина|оранжев|плод|растение|цитрус
🍋|кисел|лимон|плод|растение|цитрус
🍋‍🟩|кисело|коктейл|лайм|маргарита|мохито|плод|салса|текила|тропически плод|цитрус
🍌|банан|калий|плод|растение
🍍|ананас|пиня колада|плод|растение|тропически
🥭|манго|плод|тропически плод|храна
🍎|диета|плод|растение|храна|червена ябълка|ябълка
🍏|зелена ябълка|плод|растение|ябълка
🍐|круша|плод
🍑|плод|праскова
🍒|плод|растение|червен|череша|череши
🍓|плод|растение|ягода
🫐|боровинка|плодче|синьо|храна|черни боровинки
🥝|киви|плод|храна
🍅|домат|зеленчук|плод|растение|храна
🫒|маслина|храна
🥥|кокосов орех|палма|пиня колада
🥑|авокадо|плод|храна
🍆|зеленчук|патладжан|растение
🥔|зеленчук|картоф|храна
🥕|зеленчук|морков|храна
🌽|кочан|растение|царевица|царевичен кочан
🌶️|люта чушка|растение|чушка
🫑|зелена чушка|зеленчук|камба|капсикум|пипер тип долма|храна|чушка
🥒|зеленчук|кисела|краставица|краставичка|храна
🥬|бургери|зеле|кейл|листен зеленчук|маруля|салата|спанак
🥦|броколи|диво зеле|храна
🧄|подправка|чесън
🧅|лук|овкусяване|подправка
🥜|зеленчук|фъстък|фъстъци|храна|ядка
🫘|боб|бъбрек|храна|шушулка
🌰|бадем|кестен|растение
🫚|билка|бира|джинджифил|здраве|корен от джинджифил|подправка
🫛|бобово растение|грахова шушулка|зелен боб|зеленчук|шушулка
🍄‍🟫|вегетарианско|гъба|зеленчук|зеленчуци за пица|кафява печурка|природа|трюфел|храна
🫜|градина|зеленчук|корен|ряпа|цвекло
🍞|въглехидрати|жито|пшеница|пълнозърнест|ресторант|самун|филия хляб|хляб|храна
🥐|закуска|кроасан|френски|френско|хляб|храна
🥖|багета|багети|френско|хляб|храна
🫓|арепа|лаваш|наан|пита|плосък хляб|храна
🥨|брецел|геврек|преплетено
🥯|геврек|закуска от тесто|пекарна
🥞|закуска|палачинка|палачинки|храна
🧇|гофрета|закуска|форма за гофрети
🧀|резен сирене|сирене
🍖|кост|месо с кост
🍗|бутче|кост|пилешко|пуешко
🥩|агнешки котлет|котлет|месо|парче месо|свински котлет|стек
🥓|бекон|закуска|месо|храна
🍔|бургер|гладен|сандвич|хамбургер|храна
🍟|картофи|пържени|храна
🍕|гладен|парче|пеперони|пица|резен|сирене|храна
🌭|кренвирш|наденица|хотдог
🥪|сандвич|хляб
🌮|мексикански|мексиканско|тако
🌯|бурито|мексикански|сандвич
🫔|мексиканска храна|навити питки|тамалес
🥙|гирос|кебап|пълнена питка|фалафел|храна
🧆|кюфте|нахут|фалафел
🥚|закуска|храна|яйце
🍳|готвене|закуска|пържене|ресторант|тиган|храна|яйце
🥘|касерол|паеля|пайеля|плитка тава с храна|тава с храна|храна
🍲|варено|купа с храна|супа|тенджера с храна|яхния
🫕|разтопяване|сирене|съд|фондю|храна|швейцарско|шоколад
🥣|азиатска оризова каша|закуска|зърнена закуска|купа с лъжица
🥗|зелена|салата|храна
🍿|кино|пуканки|филм
🧈|масло|млечни продукти
🧂|вкус|подправка|солено|солница
🥫|консерва|консервирана храна
🍱|бенто|кутия за бенто|храна
🍘|крекер|оризов крекер|храна
🍙|ориз|топка|храна|японски
🍚|ориз|сготвен|храна
🍛|къри и ориз|ориз с къри
🍜|изпускащ пара|изпускаща пара купа|клечки|купа|нудълс|пара|рамен|супа
🍝|кюфтета|паста|ресторант|спагети|храна
🍠|картоф|печен|сладък
🍢|кебап|морска храна|оден|ресторант|храна|шиш
🍣|суши|храна
🍤|пържена|скарида|темпура|храна
🍥|камабоко със спирален орнамент|ресторант|риба|рибен кейк|спирала|храна
🥮|есен|китайски сладкиш|лунен кейк|лунен кекс|фестивал на есента
🍡|данго|десерт|пръчка|сладък|шиш|японски
🥟|гьоза|емпанада|китайски тестени топчета|кнедли|пелмен|тестено топче
🥠|бисквита с късметче|предсказание
🥡|доставка на храна|кутия за стриди|кутия за храна за вкъщи|пръчици за хранене|хартиена кутия за храна
🍦|десерт|крем|лед|ресторант|сладолед|сладък|храна
🍧|десерт|леден десерт|ресторант|сладък|храна
🍨|десерт|крем|лед|ресторант|сладолед|сладък
🍩|десерт|закуска|поничка|сладко|сладък|храна
🍪|бисквитка|десерт|курабийка|сладко|сладък
🎂|десерт|празненство|празнуване|рожден ден|сладкиш|торта за рожден ден
🍰|десерт|парче|сладкишче|сладък|торта|шорткейк
🧁|захар|кексче|къпкейк|лакомство|пекарна|сладкарница|сладкиш
🥧|пай|парче пай|плодов|пълнеж|тестени|тестено|ябълков пай
🍫|блокче|десерт|сладко|сладък|хелоуин|шоколадово блокче
🍬|бонбон|десерт|ресторант|сладък|хелоуин
🍭|близалка|десерт|ресторант|сладкиш|сладък|уили уонка
🍮|десерт|крем|пудинг|сладък|яйчен крем
🍯|гърне с мед|мед|мечка|мечо пух|сладък|храна
🍼|бебешка бутилка|бутилка|мляко|напитка|новородено|раждане
🥛|мляко|напитка|чаша
🫖|канче|пия|храна|чайник
🍵|напитка|пия|чаена чаша без дръжка|чай|чаша
🍶|бар|бутилка|напитка|ресторант|саке|чаша
🍾|бар|бутилка с изхвърчаща тапа|питие|тапа
🍷|алкохол|винена чаша|вино|напитка|питие|ресторант|чаша
🍸|алкохол|бар|клуб|коктейлна чаша|мартини|напитка|питие|чаша
🍹|алкохол|бар|клуб|май тай|напитка|парти|питие|тропическа напитка|тропическо
🍺|алкохол|бар|бира|германия|ейл|октоберфест|питие|халба
🍻|алкохол|бар|бира|звънтящи халби за бира|наздраве|удрящи се халби бира|халба
🥂|звънтящи чаши|наздраве|напитка|празнуване|стъкло
🥃|алкохол|ниска|скоч|уиски|чаша|шот
🫗|вода|изливаща се течност|инцидент|пия|празен|разливам|чаша
🥤|безалкохолно|вода|сода|сок|чаша със сламка
🧋|балончета|мляко|перлен чай|перли|тайван|храна|чай
🧃|кутия за напитки|кутия за сок|напитка|сладък|сламка|сок
🧉|мате|напитка|пия
🧊|айсберг|кубче лед|ледено парче|студено
🥢|пръчици за хранене|хаши
🍽️|вечеря|вилица|готвене|нож и вилица с чиния|чиния
🍴|вечеря|вилица|вкусно|гладен|готвене|закуска|нож и вилица|обяд|прибори|ресторант|хранене
🥄|лъжица|прибори|хранене
🔪|готвене|инструмент|кухненски нож|нож|оръжие
🫙|буркан|контейнер|подправка|празен|сос|съд
🏺|амфора|водолей|готвене|зодиак|зодия водолей|кана|оръжие|питие|съд
🌍|африка|глобус с европа и африка|европа|земята
🌎|глобус със северна и южна америка|земята|северна америка|южна америка
🌏|австралия|азия|глобус с азия и австралия|земята
🌐|глобус с меридиани|земята|интернет|меридиани|световната мрежа|свят
🗺️|карта на света|свят
🗾|карта на япония|япония
🧭|компас|магнит|навигация|ориентиране
🏔️|заскрежен планински връх|планина|покрита със сняг планина|сняг|студен
⛰️|планина
🛘|бедствие|земетресение|кална лавина|кално свлачище|канари|лавина|опасност|планина
🌋|време|вулкан|изригване|планина|природа
🗻|връх фуджи|планина|фуджи
🏕️|къмпинг
🏖️|плаж с чадър|чадър
🏜️|пустиня
🏝️|необитаем|остров
🏞️|национален парк|парк
🏟️|спорт|стадион
🏛️|класическа|сграда
🏗️|кран|сграда|строеж
🧱|глина|зидам|стена|тухла|тухли|хоросан
🪨|каменен блок|камък|масивен|скала|тежък
🪵|дънер|дърва|дървен материал|дървесина|пън
🛖|дом|колиба|кръгла къща|къща|подслон|юрта
🏘️|къща|къщи|сграда
🏚️|запусната|къща|сграда|съборетина
🏠|дом|къща|предградие|провинция|сграда
🏡|градина|дом|къща с градина|предградие|провинция|ранчо|сграда
🏢|офис сграда|офисна сграда|работа|сграда
🏣|поща|сграда|японска поща|японски
🏤|европейски|поща|сграда
🏥|болница|лекар|медицина|сграда
🏦|банка|сграда
🏨|сграда|хотел
🏩|любовен хотел|сграда|хотел
🏪|24|денонощен|магазин|сграда|смесен магазин
🏫|сграда|училище
🏬|магазин|сграда|универсален
🏭|сграда|фабрика
🏯|дворец|замък|сграда|японски
🏰|дворец|европейски|замък|сграда
💒|романтика|сватба|църква
🗼|кулата в токио|токио
🗽|ню йорк|свобода|статуята на свободата
⛪|кръст|религия|сграда|християнство|църква
🕌|джамия|ислям|мюсюлманин|религия
🛕|индуизъм|индуистки храм|храм
🕍|евреин|религия|синагога|храм|юдаизъм
⛩️|религия|храм|шинтоистки храм
🕋|ислям|кааба|мюсюлманин|религия
⛲|фонтан|шадраван
⛺|къмпинг|палатка
🌁|време|мъгла|мъгливо
🌃|време|звезда|звездна нощ|нощ
🏙️|градски изглед|сграда|сгради
🌄|изгрев над планини|планина|слънце|сутрин|утрин
🌅|време|изгрев|слънце|сутрин|утро
🌆|вечер|градски изглед по здрач|залез|здрач|сгради|слънце
🌇|време|залез|здрач|сграда|слънце
🌉|време|мост през нощта|нощ
🎠|въртележка|забавление|кон от въртележка
🛝|детска пързалка|игра|парк за забавления|площадка|пързалка
🎡|виенско|колело|лунапарк|увеселителен парк
🎢|влакче в увеселителен парк|лунапарк|увеселителен парк
💈|бръснар|знак на бръснар|подстригване
🎪|циркова шатра|шапито|шатра
🚂|влак|железница|локомотив|парен|превозно средство
🚃|вагон|влак|електрически|железница|трамвай|тролейбус
🚄|високоскоростен влак|влак стрела|железница|шинкансен
🚅|високоскоростен влак стрела|влак стрела|железница|пътуване|скорост|шинкансен
🚆|влак|железница|превозно средство|пуф-паф
🚇|метро|превозно средство|пътуване
🚈|железница|лека железница|превозно средство
🚉|влак|гара|железница|превозно средство
🚊|превозно средство|трамвай|тролейбус
🚝|монорелсова железница|превозно средство
🚞|вагон|железница|планина|планинска железница|превозно средство
🚋|вагон|превозно средство|трамваен вагон|трамвай|тролейбус
🚌|автобус|превозно средство|училище
🚍|автобус|превозно средство|приближаващ
🚎|превозно средство|трамвай|тролейбус
🚐|автобус|ван|минибус|превозно средство
🚑|линейка|превозно средство|спешен случай
🚒|камион|пожарен автомобил|превозно средство
🚓|автомобил|патрулка|полицейска кола|полиция|превозно средство
🚔|автомобил|полиция|превозно средство|приближаваща полицейска кола
🚕|жълто такси|превозно средство|такси
🚖|жълто такси|превозно средство|приближаващо такси|такси
🚗|автомобил|кола|превозно средство|шофиране
🚘|автомобил|кола|превозно средство|приближаващ
🚙|автомобил с повишена проходимост|кола|почивка|превозно средство за почивка
🛻|автомобил|камион|кола|пикап|товарене|транспорт
🚚|доставки|камион за доставки|превозно средство
🚛|камион с полуремарке|полуремарке|превозно средство|тир|шофиране
🚜|превозно средство|трактор
🏎️|автомобил|състезание|състезателен автомобил
🏍️|мотоциклет|състезание
🛵|моторен скутер|скутер
🦽|достъпна среда|достъпност|рингова инвалидна количка|ръчна инвалидна количка
🦼|акумулаторна инвалидна количка|достъпна среда|достъпност
🛺|авторикша|рикша|тук тук|тук-тук
🚲|велосипедист|колело|превозно средство|спининг
🛴|тротинетка
🛹|дъска|колела|скейтборд|скейтър
🛼|кънка|кънки|пързаляне|ролери|ролкови кънки|спорт
🚏|автобусна|спирка
🛣️|магистрала|път
🛤️|влак|железница|железопътна линия
🛢️|варел за нефт|нефт
⛽|бензиностанция|газ|гориво|колонка за гориво
🛞|автомобил|въртене|гума|кола|колело|кръг|превозно средство
🚨|автомобил|лампа|полицейска лампа|полиция|превозно средство|сирена|спешен случай
🚥|светофар|трафик|хоризонтален светофар
🚦|вертикален светофар|кръстовище|светофар|сигнализация|трафик
🛑|знак|осмоъгълен|стоп
🚧|преграда|строеж|строителни дейности|строителни работи
🛟|безопасност|плаване|плуване|спасителен пояс|спасяване на живот
⛵|кораб|курорт|море|превозно средство|яхта
🛶|кану|лодка
🚤|езеро|кораб|лукс|лято|милиардер|милионер|моторна лодка|превозно средство|пътуване
🛳️|кораб|превозно средство|пътнически
⛴️|кораб|пътнически|ферибот
🛥️|кораб|моторна яхта|превозно средство
🚢|кораб|лодка|превозно средство|пътник|пътнически|пътуване|титаник
🛩️|малък самолет|превозно средство|самолет
🛫|заминаване|излитане|излитащ самолет|превозно средство|самолет|чекиране
🛬|кацане|кацащ самолет|превозно средство|пристигане|самолет
🪂|делтапланеризъм|парасейлинг|парашутизъм|скок с парашут
💺|място|седалка
🚁|превозно средство|пътуване|хеликоптер
🚟|железница|окачена|превозно средство
🚠|въже|гондола|лифт|планина|превозно средство
🚡|въжена линия|кабинка|лифт|превозно средство
🛰️|космос|сателит|спътник
🚀|космос|превозно средство|пътуване|ракета
🛸|извънземни|летяща чиния|нло
🛎️|звънец за рецепция|рецепция|хотел
🧳|багаж|куфари|пътуване|чанта с колелца
⌛|пясък|пясъчен часовник|таймер|часовник
⏳|пясък|пясъчен часовник с падащ пясък|часовник
⌚|ръчен часовник|часовник
⏰|аларма|будилник|време|часовник
⏱️|хронометър|часовник
⏲️|таймер|часовник
🕰️|време|часовник за камина
🕛|00|12:00|време|дванадесет часът|полунощ|час
🕧|00:30|12:30|24:00|30|дванадесет часът и половина|половина
🕐|00|01:00|1:00|13:00|един часът
🕜|1:30|13:30|30|един и половина часът|половина|тридесет|час
🕑|00|02:00|14:00|2:00|два часът
🕝|02:30|14:30|2:30|два и половина часът|половина|тридесет
🕒|00|03:00|15:00|3:00|три часът
🕞|03:30|15:30|3:30|половина|три и половина часът|тридесет
🕓|00|04:00|16:00|4:00|четири часът
🕟|16:30|4:30|половина|тридесет|четири и половина часът
🕔|00|05:00|17:00|5:00|пет часът
🕠|05:30|17:30|5:30|пет и половина часът|половина|тридесет
🕕|00|06:00|18:00|6:00|шест часът
🕡|06:30|18:30|6:30|половина|тридесет|шест и половина часът
🕖|00|07:00|19:00|7:00|седем часът
🕢|07:30|19:30|7:30|половина|седем и половина часът|тридесет
🕗|00|08:00|20:00|8:00|осем часът
🕣|08:30|20:30|8:30|осем и половина часът|половина|тридесет
🕘|00|09:00|21:00|9:00|девет часът
🕤|09:30|21:30|9:30|девет и половина часът|половина|тридесет
🕙|00|10:00|22:00|десет часът
🕥|10:30|22:30|десет и половина часът|половина|тридесет
🕚|00|11:00|23:00|единадесет часът
🕦|11:30|23:30|единадесет и половина часът|половина|тридесет
🌑|време|космос|луна|новолуние|тъмен
🌒|космос|луна|нарастващ полумесец на луната|полумесец
🌓|време|космос|луната в първа четвърт|четвърт
🌔|космос|луна|нарастваща|полупълна
🌕|време|космос|луна|пълна|пълнолуние
🌖|космос|луна|намаляваща|полупълна
🌗|време|космос|луна|последна четвърт на луната|четвърт
🌘|космос|луна|намаляващ полумесец на луната|полумесец
🌙|време|космос|луна|полумесец|рамадан
🌚|време|космос|лице|луната в новолуние с лице
🌛|космос|лице|луната в първа четвърт с лице|четвърт
🌜|лице|луната в последна четвърт с лице|четвърт
🌡️|време|термометър
🌝|космос|лице|луната в пълнолуние с лице|пълна|ярък
🌞|време|ден|лице|плаж|слънце с лице|ярко|ярък
🪐|планета с пръстен|под влиянието на сатурн|под знака на сатурн|сатурн
⭐|астрономия|жълта звезда|звезда
🌟|блестяща звезда|блясък|звезда|искрящ|нощ
🌠|звезда|космос|небе|нощ|падаща
🌌|време|космос|млечният път
⛅|време|облак|слънце зад облак
⛈️|време|гръмотевица|дъжд|облак с дъжд и светкавица
🌤️|време|облак|слънце зад малък облак
🌥️|време|облак|слънце зад голям облак
🌦️|време|дъжд|облак|слънце зад облак с дъжд
🌧️|време|дъжд|облак с дъжд
🌨️|време|облак със сняг|сняг|студен
🌩️|време|облак със светкавица|светкавица
🌪️|вихрушка|време|облак|торнадо
🌫️|време|мъгла|облак
🌬️|време|вятър|издухвам|издухващо вятър|лице с издухване на вятър|лице, издухващо вятър|облак
🌀|вихър|време|спирала|тайфун|ураган|циклон
🌈|време|гей|дъга|дъжд|лгбти|лгбтк|лесбийка|прайд|транссексуален
🌂|време|дъжд|затворен чадър|облекло|чадър
⛱️|време|дъжд|плажен чадър|слънце|чадър на земята
⚡|високо напрежение|гръмотевица|електричество|опасност|природа|светкавица|токов удар
⛄|време|снежен човек без сняг|сняг|студен
🔥|горещо|запален|огън|пламък
💧|вода|време|капка|пот|студен|сълза
🌊|вода|време|вълна|море|океан|сърфист
🎃|празнуване|тиква|тиквен фенер|хелоуин
🎄|дърво|елха|коледа|коледна елха|празнуване
🎆|забавление|заря|празненство|празнуване|фойерверки
🎇|блестящи|празнуване|фойерверк
🧨|динамит|експлозив|искра|огън|пиратка|светлина|фойерверки
🎈|балон|празнуване|рожден ден|честване
🎉|конфети|купон|празненство|празнуване|развълнуван|рожден ден|ура
🎊|конфети|парти|празненство|празнуване|топка с конфети
🎋|дърво за танабата|знаме|празнуване|японски
🎍|бамбук|бор|празнуване|растение|украса кадомацу|японски
🎎|кукла|празник|празнуване|фестивал|японски кукли
🎏|знаме|коинобори|празнуване|шаран
🎐|вятърни камбанки|звънец|камбанки|празнуване
🎑|луна|празнуване|церемония цукими
🧧|китайски плик|късмет|пари|подарък|червен плик
🎀|панделка|празнуване
🎁|изненада|кутия|опакован|подарък|празнуване|рожден ден
🎗️|лента за напомняне|напомняне|празнуване|честване
🎟️|билети за вход|вход
🎫|билет|вход
🎖️|военен|медал|награда|празнуване|честване
🏆|награда|победа|победител|спортна купа|трофей|шампион
🏅|злато|медал|награда|победител|спортен медал
🥇|злато|медал за първо място|първи|първо
🥈|2|второ|медал за второ място|сребро
🥉|3|бронз|медал за трето място|трети|трето
⚽|меси|неймар|рашфорд|роналдо|спорт|топка|футболна топка
⚾|бейзболна топка|спорт|топка
🥎|ръкавица|софтбол|спорт с топка|топка
🏀|баскетболна топка|спорт|топка
🏐|волейбол|игра|топка
🏈|американски футбол|спорт|супер купа|топка за американски футбол
🏉|ръгби|спорт|топка за ръгби
🎾|ракета|спорт|тенис|топка
🥏|летящ диск|фризби
🎳|боулинг|игра|кегла|спорт|топка
🏏|бухалка|игра|крикет|топка
🏑|игра|игрище|спорт|стик|хокей на трева|шайба
🏒|игра|лед|стик и шайба за хокей на лед|хокей|шайба
🥍|гол|лакрос|спорт|стик|топка
🏓|игра|пинг-понг|тенис на маса|топка|хилка
🏸|бадминтон|игра|перце|ракета
🥊|боксова ръкавица|ръкавица|спорт
🥋|бойни изкуства|джудо|дреха за бойни изкуства|карате|таекуондо|униформа
🥅|гол|мрежа за голове|спорт
⛳|голф|дупка|спорт|флагче в дупка
⛸️|кънка за лед|кънки на лед|лед
🎣|въдица|риба|риболов|спорт
🤿|гмуркане|маска за гмуркане|скуба дайвинг|шнорхелинг
🎽|лента|потник|спортно горнище|тичане|фланелка
🎿|ски|сняг|спорт
🛷|карам шейна|сняг|чук и гек|шейна
🥌|игра|камък за кърлинг
🎯|в десетката|дарт|игра|попадение|стрела|стреличка|точен удар|цел|център на мишената
🪀|въртене|играчка|йо-йо|навиване
🪁|летене|полет|реене|хвърчило
🔫|вода|воден пистолет|оръжие|пистолет|револвер
🎱|8|билярд|игра|осмица|топка
🔮|бъдеще|гадателски инструмент|кристално кълбо|кълбо|предсказание|приказка|съдба
🪄|вещица|вълшебна пръчица|магическа пръчка|магия|магьосник|магьосница
🎮|видеоигра|забавление|игра|контролер
🕹️|видеоигра|джойстик|игра
🎰|игра|казино|ротативка|хазарт
🎲|зар за игра|зарове|зарче|игра
🧩|парче|пъзел|редя пъзел|следа|част от пъзел
🧸|играчка|мече|плюшена играчка|плюшено мече
🪅|мексико|парти|пети май|пинята|празнуване
🪩|блясък|диско|огледално|парти|танцувам|топка
🪆|една в друга|кукла|матрьошки|русия
♟️|маловажна фигура|незначителен човек|пешка|фигура за шах|шах
🃏|жокер|игра|карта
🀄|червен дракон в маджонг|игра|маджонг
🎴|игра|карта|карти за игра ханафуда|цвете|японски
🎭|актриса|актьор|изкуство|маска|сцена|сценични изкуства|театър|шекспир
🖼️|изкуство|картина в рамка|музей|рамка
🎨|изкуство|картина|музей|палитра на художник
🧵|игла|конец|макара|нишка|шиене
🪡|бодове|бродиране|игла|шевове|шивач|шивашка игла|шиене
🧶|кълбо|плетене|плетиво|прежда
🪢|връв|въже|възел|завързан|усукване
👓|облекло|око|очила
🕶️|око|очила|тъмен|тъмни очила
🥽|гмуркане|заваряване|защита на очите|очила|плуване|предпазни очила
🥼|бяла престилка|доктор|дрехи|експеримент|лабораторна престилка|лекар|учен
🦺|безопасност|жилетка|светлоотразителна жилетка|спешен случай
👔|вратовръзка|облекло|работа|риза|сериозен
👕|блуза|дрехи|облекло|синьо|тениска|уикенд|фланелка|яка
👖|дънки|небрежно|облекло|пазаруване|панталони|уикенд
🧣|врат|студ|шал
🧤|ръкавици
🧥|палто|студ|яке
🧦|три-четвърти чорапи|чорапи
👗|дрехи|облекло|пазаруване|рокля
👘|кимоно|облекло
🥻|дреха|рокля|сари
🩱|бански костюм|костюм за къпане|цял бански
🩲|бански костюм|бельо|долно бельо|слипове
🩳|бански костюм|бельо|долно бельо|къси панталони|плувни шорти
👙|бански костюм|бикини|облекло|плаж|плуване
👚|блуза|дамски дрехи|дамско облекло|жена|облекло|яка
🪭|веене|ветрило|горещо|разхлаждане|ръчно сгъваемо ветрило|срамежлив|танц|флирт|японско ветрило
👛|аксесоар|дрехи|монета|монети|портмоне|рокля
👜|дамска чанта|дрехи|облекло|пазаруване|чанта
👝|дамска чанта|клъч|облекло|чанта|чантичка
🛍️|пазарски чанти|пазаруване|хотел|чанта
🎒|образование|раница|ученическа раница|ученическа чанта|училище|чанта
🩴|джапанка|джапанки|обувка|плажни сандали|сандали|чехли
👞|кафява|крак|мъжка обувка|облекло|обувка|пазаруване
👟|гуменка|маратонка|облекло|обувка за тичане|спортна|тенис
🥾|ботуш|кафява обувка|къмпинг|походи с раница|туристическа обувка
🥿|балеринки|ниска обувка|обувка без ток|пантофка|удобно
👠|жена|облекло|обувка с висок ток|пазаруване|токче|червена обувка
👡|дамска отворена обувка|жена|облекло|обувка|отворена|сандал
🩰|балетни обувки|танц
👢|ботуш|дамски ботуш|жена|облекло|обувка
🪮|афроприческа|гребен|декоративен гребен|декорация|коса|прическа|фризьор
👑|игра на тронове|корона|кралица|кралска особа|облекло|царско семейство
👒|градинско парти|дамска шапка|жена|облекло|шапка
🎩|дрехи|линкълн|магически трикове|облекло|цилиндър|шапка
🎓|дипломиране|облекло|образование|празнуване|шапка за дипломиране
🧢|бейзболна шапка|шапка с козирка
🪖|армия|военна|воин|войник|войска|каска
⛑️|каска с бял кръст|кръст|помощ|шапка
📿|броеница|молитва|облекло|религия
💄|грим|козметика|среща|червило
💍|блестящ|годеж|диамант|пръстен|романтика|сватба|сгоден
💎|бижу|годеж|диамант|пари|романтика|сватба|скъпоценен камък
🔇|високоговорител|заглушен|изключен|сила на звука|тих
🔈|високоговорител със слаб звук|звук|ниска сила на звука
🔉|високоговорител със средносилен звук|включен високоговорител|сила на звука|средносилен
🔊|високоговорител със силен звук|звук|музика|сила на звука|силен|силно пуснат високоговорител
📢|високоговорител за обществени места|комуникация|обществен|силен
📣|мегафон|подкрепа
📯|поща|пощенски|рог
🔔|звук|звънец|камбана|църква
🔕|без звук|забрана|забранено|зачертан звънец|звънец|не|тих
🎼|запис|музика|нота|нотен запис
🎵|звук|музикална нота|нота
🎶|звук|музика|нота|ноти
🎙️|микрофон|музика|студиен микрофон|студио
🎚️|музика|ниво|плъзгач за нивото
🎛️|копчета за управление|музика|ръкохватки|управление
🎤|звук|караоке|микрофон|музика|пеене
🎧|звук|слушалка|слушалки
📻|видео|забавление|радио
🎷|инструмент|музика|саксофон
🎺|инструмент|музика|тромпет
🪊|джаз|духов инструмент|инструмент|музика|тъга
🪗|акордеон|баян|инструмент|концертина|музика
🎸|инструмент|китара|музика
🎹|инструмент|клавиатура на музикален инструмент|музика|пиано
🎻|инструмент|музика|цигулка
🪕|банджо|музика|струни
🥁|барабан|музика|палки
🪘|барабан|висок барабан|инструмент|конга|ритъм
🪇|инструмент|маракаси|музика|перкусии|раздрусване|танци|тракане
🪈|бенд|духов инструмент|инструмент|кавал|музика|оркестър|рекордер|флейта
🪉|арфа|инструмент|купидон|любов|музика|оркестър
📱|клетъчен|комуникация|мобилен|телефон
📲|входящо|клетъчен|комуникация|мобилен телефон със стрелка|получавам|стрелка|телефон
☎️|телефон
📞|комуникация|слушалка|телефонна слушалка
📟|комуникация|пейджър
📠|комуникация|факс
🔋|батерия
🪫|батерия|електроника|изтощена батерия|слабо захранване
🔌|електрически|електричество|щепсел
💻|компютър|лаптоп|офис|персонален
🖥️|компютър|монитор|настолен
🖨️|компютър|принтер
🖱️|бутон|компютърна мишка|мишка
🖲️|компютър|трекбол
💽|диск|компютърен диск|минидиск|оптичен
💾|дискета|компютър|флопи
💿|[blu-ray]|[cd]|[dvd]|cd|диск|компютър|оптичен
📀|[blu-ray]|[dvd]|blu-ray|cd|dvd|диск|компютър|оптичен|оптично устройство
🧮|калкулатор|сметало|смятане
🎥|записване|камера|кино|филмова|холивуд
🎞️|кадри|кино|лента|филмови кадри
📽️|видео|кинопроектор|проектор|филм
🎬|клапа|филмова
📺|видео|тв|телевизор
📷|[instagram]|видео|камера|селфи|фотоапарат
📸|видео|светкавица|фотоапарат със светкавица
📹|видеокамера|камера
📼|[vhs]|видеокасета|лента
🔍|инструмент|лаборатория|лупа|наклонена наляво лупа|наука|търсене
🔎|инструмент|лаборатория|лупа|наклонена надясно лупа|наука|търсене
🕯️|светлина|свещ
💡|електрическа крушка|идея|комикс|крушка|светлина
🔦|електрическа|електрическо|инструмент|светлина|фенерче
🏮|бар|ресторант|светлина|фенер|червен хартиен фенер|японски
🪔|дия|лампа|маслена лампа|масло
📔|бележник с декоративна корица|книга|корица|образование|писане|украсен|училище
📕|затворена книга|книга|образование
📖|библиотека|знание|книга|образование|отворена книга|романи|четене
📗|библиотека|зелена книга|книга|образование|фантастика|четене
📘|библиотека|книга|образование|синя книга|четене
📙|библиотека|книга|образование|оранжева книга|четене
📚|библиотека|знание|книга|книги|образование|романи|училище|четене
📓|бележник
📒|бележник|главна книга|счетоводна книга
📃|документ|завита|страница
📜|свитък|хартия
📄|документ|страница с лицето нагоре
📰|вестник|комуникация|новини
🗞️|вестник|навит на руло вестник|новини|руло
📑|знак|отбелязване|отметка|отметки
🔖|знак|отметка
🏷️|етикет
🪙|долар|евро|злато|метал|монета|пари|сребро|съкровище
💰|банка|богат|долар|злато|милион|пари|плащане|торба с пари|чичо скрудж
🪎|богатство|злато|награда|накити|пари|плячка|скъпоценен камък|скъпоценности|сребро
💴|банкнота със знак за йена|валута|йена|пари
💵|банкнота със знак за долар|валута|долар|пари
💶|банкнота със знак за евро|валута|евро|пари
💷|банкнота със знак за лира|валута|лира|милиард|милион|пари|паунд
💸|банкнота|долар|крила|милиард|милион|пари с крила
💳|банка|карта|кредитна|пари|таксуване
🧾|доказателство|разписка|счетоводство|фактура
💹|валута|възходяща диаграма със знак за йена|графика|диаграма с възходяща тенденция и знак за йена|йена|пазар|пари|ръст|тенденция
📧|имейл|писмо|поща
📨|входящ|имейл|плик|поща|пристигащ
📩|изпратен|изходящ|имейл|комуникация|писмо|плик със стрелка|стрелка
📤|изпратени|изходяща|кутия|писмо|поща|тава за изходящи
📥|входяща|имейл|кутия|писмо|получен|поща|тава за входящи
📦|доставка|изпращане|кашон|колет|кутия|пакет|пратка
📫|затворена пощенска кутия с вдигнато флагче|поща|пощенска кутия с вдигнато флагче
📪|затворена пощенска кутия със спуснато флагче|поща|пощенска кутия|свален
📬|отворена пощенска кутия с вдигнато флагче|поща|пощенска кутия
📭|отворена пощенска кутия със спуснато флагче|поща|пощенска кутия|свален
📮|поща|пощенска кутия
🗳️|кутия|урна за гласуване с бюлетина
✏️|молив
🖋️|писалка
🖊️|писалка|химикалка
🖌️|рисуване|четка
🖍️|пастел
📝|бележка|комуникация|молив
💼|куфарче|офис|чанта за документи
📁|папка за документи|файл
📂|отворена|папка|файл
🗂️|индекс|карта|показалец|разделители за картотека
📅|дата|календар
📆|календар с късащи се листове
🗒️|бележник със спирала|спирала
🗓️|календар със спирала|спирала
📇|индекс|карта|картотека|показалец
📈|възходяща диаграма|графика|данни|диаграма с възходяща тенденция|нагоре|ръст|тенденция
📉|графика|диаграма с низходяща тенденция|надолу|низходяща диаграма|спад|тенденция
📊|данни|диаграма|стълбовидна диаграма
📋|бележки|задачи|клипборд
📌|кабърче|колаж
📍|кабърче|кръгло
📎|кламер
🖇️|връзка|кламер|съединени кламери
📏|линия|математика|права линия|ъгъл
📐|линия|математика|триъгълна линия|триъгълник|ъгъл
🗃️|документ|карта|картотечна кутия|кутия
🗄️|карта|картотека|картотечен шкаф|шкаф
🗑️|кошче за боклук
🔒|заключен|затворен|катинар
🔓|катинар|отворен|отключен
🔏|заключен|катинар с писалка|мастило|писалка|писец|поверителност
🔐|заключен|затворен катинар с ключ|защитен|катинар|ключ|сигурен
🔑|заключване|ключ|отключване|парола
🗝️|заключване|ключалка|стар|указание|улика
🔨|инструмент|ремонт|чук
🪓|брадва|дърво|разцепвам|сека|секира|сеч
⛏️|инструмент|кирка|копане|мина|чук
🛠️|гаечен ключ|инструмент|чук и гаечен ключ
🗡️|кинжал|нож|оръжие|острие
💣|бомба|бум|експлозия|комикс|опасно
🪃|аборигени|австралия|бумеранг|връщане|оръжие|откат
🏹|зодия|лък и стрела|стрела|стрелец
🛡️|оръжие|щит
🪚|дърводелец|дървосекач|инструмент|режа|трион
🔧|гаечен ключ|инструмент|ремонт
🪛|инструмент|отвертка|плоска|развивам
🔩|болт и гайка|гайка|инструмент|ремонт
🗜️|инструмент|компресия|менгеме|скоба|стяга
🦯|бастун за незрящи|бял бастун|достъпна среда|достъпност|незрящ
🔗|верига|връзка|връзки|синджир
⛓️‍💥|белезници|верига|свобода|скъсана верига|скъсване
⛓️|верига|вериги
🪝|гега|извивка|кука|примка|търговско предимство|хващане
🧰|инструмент|кутия за инструменти|механика|ремонт|сандък|червена кутия
🧲|залепване|конска подкова|магнит|привличане
🪜|катеря се|стълба|стъпало
🪏|дупка|копая|лопата|остра лопата
🧪|експеримент|епруветка|лаборатория|химик|химия
🧫|бактериална култура|бактерия|биология|блюдо на петри|лаборатория
🧬|биолог|генетика|гени|днк|еволюция|живот
🔬|експеримент|инструмент|лаборатория|микроскоп|наука
🔭|инструмент|наука|телескоп
📡|антена|сателитна|чиния
💉|болен|ваксина|грип|игла|инструмент|лекар|медицина|спринцовка
🩸|даряване на кръв|капка кръв|кървене|медицина|менструация|нараняване
💊|болен|витамин|лекарства|лекарство|медицина|хапче
🩹|лейкопласт|лепенка за рани|пластир
🩼|бастун|болка|патерица|помощно средство за придвижване|увреждане
🩺|лекар|медицина|стетоскоп|сърце
🩻|кости|лекар|медицински|рентген|скелет
🚪|врата|външна врата|задна врата|килер
🛗|асансьор|достъпност|издигане|лифт
🪞|грим|огледало|отражател|отражение|спекулум
🪟|изглед|отваряне|прозорец|прозрачно|рамка|свеж въздух
🛏️|легло|сън|хотел
🛋️|диван|канапе и лампа|лампа|хотел
🪑|седене|стол|сядане
🚽|тоалетна чиния
🪠|вакуумна помпа за отпушване|водопроводчик|изсмукване|плунжер|тоалетна
🚿|вода|душ
🛁|баня|вана
🪤|капан за мишки|миши капан|примамка|примка|сирене
🪒|бръснач|бръснене|острие
🧴|бутилка с лосион|лосион|слънцезащитен продукт|хидратантен крем|хидратиращ крем|шампоан
🧷|безопасна игла|закопчавам|игла|пелена
🧹|баба яга|вещица|мета|метла|чистя
🧺|беритба|кош за пране|кошница|пазаруване|пикник
🧻|руло хартия|тоалетна хартия|тоалетно руло
🪣|ведро|кофа|леген
🧼|къпане|почистване|сапунерка|сапунисване|чист
🫧|балончета|под водата|сапун|чист
🪥|баня|дентален|зъби|миене|хигиена|четка за зъби
🧽|абсорбира|гъба за баня|къпане|накисване|попиване|пореста|почистване|хигиена
🧯|гасене на пожар|пожарогасител|пяна против пожар
🛒|количка за пазаруване|пазаруване
🚬|пушене|цигара
⚰️|вампир|ковчег|мъртъв|смърт
🪦|[rip]|гробище|мъртъв|надгробен паметник|надгробна плоча
⚱️|останки|погребална урна|погребение|прах|смърт|урна
🧿|амулет|късмет|мънисто|назар|синьо око|талисман
🪬|амулет|защита|мария|мириам|ръка|фатима|хамса
🗿|лице|моаи|пътуване|статуя
🪧|демонстрация|знак|плакат|протест
🪪|документ за идентификация|документ за самоличност|лична карта|свидетелство|сигурност
🏧|atm|банка|банков автомат|банкомат|знак за банкомат|пари в брой
🚮|боклук|кошче за боклук|символ за място за изхвърляне на боклук
🚰|вода|питейна|пия
♿|достъп|инвалидна количка|лица с увреждания|символ за инвалидна количка
🚹|wc|мъже|мъжка тоалетна|тоалетна
🚺|[wc]|дамска тоалетна|жени|женска тоалетна|тоалетна
🚻|wc|обществена тоалетна|тоалетна
🚼|бебе|повиване|символ на бебе|смяна на пелени
🚾|wc|вода|клозет|тоалетна
🛂|контрол|паспортен контрол
🛃|митница|опаковане
🛄|багаж|куфар|получаване на багаж|пътешествие|пътуване|самолет
🛅|багаж|забравен багаж|клетка|куфар|съхранение на багаж|шкафче
⚠️|внимание|предупредителен знак|предупреждение
🚸|движение|дете|деца|пешеходец|пешеходна пътека|пресичащи
⛔|влизането забранено|вход|движение|забрана|забранено|не|трафик
🚫|влизане|вход|забрана|забранено|не|пушене
🚳|велосипед|забрана|забранено за велосипедисти|колело|не
🚭|забрана|забранено|не|пушенето забранено
🚯|боклук|забрана|забранено е изхвърлянето на боклуци|забранено изхвърляне на боклук|не
🚱|вода|забранено|негодна за пиене вода|непитейна|неподходяща за пиене вода
🚷|забрана|забранено за пешеходци|не|пешеходец|пешеходци
📵|забранени мобилни телефони|забранено за мобилни телефони|клетъчен|мобилен|телефон
🔞|18-годишни|възрастово ограничение|забрана|забранено за лица под осемнадесет години|непълнолетни
⬆️|посока|север|стрелка нагоре
➡️|изток|посока|стрелка надясно
⬇️|надолу|посока|стрелка|юг
⬅️|запад|посока|стрелка наляво
↩️|извита наляво дясна стрелка|извита стрелка наляво|стрелка
↪️|извита надясно лява стрелка|извита стрелка надясно|стрелка
🔃|вертикални стрелки по часовниковата стрелка|по часовниковата стрелка|презареждане|стрелка
🔄|бутон със стрелки обратно на часовниковата стрелка|бутон със стрелки срещу часовниковата стрелка|обратно на часовниковата стрелка|отново|превъртане|срещу часовниковата стрелка|стрелка
🔙|back|стрелка с back
🔚|end|стрелка с end
🔛|on|стрелка с on!
🔜|soon|връщам се скоро|скоро|стрелка със soon|стрелка със скоро
🔝|top|нагоре|стрелка с top
🛐|молитва|място за религиозно преклонение|преклонение|религия
⚛️|атеист|атом|символ на атом
🕉️|индуизъм|ом|религия|хиндуизъм
☯️|даоизъм|ин и ян|религия|тао|ян
✝️|кръст|латински кръст|религия|християнство|христос
☪️|ислям|мюсюлманин|полумесец със звезда|рамадан|религия
☮️|мир|символ за мир|символ на мира
🕎|евреин|менора|религия|свещник|ханука
🔯|звезда|съдба|шестолъчка|шестолъчна звезда с точка|юдаизъм
🪯|вяра|кханда|религия|сикхизъм
♊|близнаци|зодиакален знак близнаци|зодия|хороскоп
♋|зодиакален знак рак|зодия|рак|хороскоп
♌|зодиакален знак лъв|зодия|лъв
♍|дева|зодиакален знак дева|зодия|хороскоп
♎|везни|зодиакален знак везни|зодия|хороскоп
♏|зодиакален знак скорпион|зодия|скорпион|хороскоп
⛎|змиеносец|зодиакален знак змиеносец|зодия
🔀|бутон за разбъркване|бутон за случаен запис|кръстосана|разбъркване|стрелка
🔁|бутон за повтаряне|по часовниковата стрелка|повтаряне|стрелка
🔂|бутон за единично повтаряне|единично|по часовниковата стрелка|стрелка
▶️|бутон за пускане|възпроизвеждане|надясно|пускане|стрелка|триъгълник
⏩|бутон за превъртане напред|бързо превъртане|напред|превъртане напред|стрелка
⏭️|бутон за следващия запис|следващата сцена|следващият запис|стрелка
⏯️|бутон за пускане или пауза|възпроизвеждане|надясно|пауза|пускане|стрелка|триъгълник
◀️|бутон за връщане|връщане|назад|стрелка|триъгълник
⏪|бутон за превъртане назад|превъртане назад|стрелка
⏮️|бутон за предишния запис|предишна песен|предишната сцена|предишният запис|стрелка
🔼|бутон за нагоре|стрелка
⏫|бутон за бързо изкачване|двойна|стрелка
🔽|бутон за надолу|надолу|стрелка
⏬|бутон за бързо слизане|двойна|надолу|стрелка
⏸️|бутон за пауза|вертикална|двойна|пауза|черта
⏹️|бутон за стоп|квадрат|стоп
⏺️|бутон за запис|запис|кръг
⏏️|бутон за изваждане|изваждане
🎦|камера|кино|филм
🔅|бутон за ниска яркост|ниска|слънце|яркост
🔆|бутон за висока яркост|висока|светло|яркост
📶|комуникация|мобилен|сигнал|сила на сигнал|стълбчета за сила на сигнал|телефон|чертички за силата на сигнала
🛜|[wi-fi]|[wifi]|безжичен|връзка|интернет|компютър|мрежа|смартфон|хотспот
📳|вибрация|клетъчен|комуникация|мобилен|режим на вибрация|телефон
📴|изключен|клетъчен|мобилен|телефон
⚧️|символ за трансджендър|трансджендър
🟰|математика|отговор|равенство|равно на|удебелен знак за равенство
♾️|безкрайност|вечност|завинаги|неограничено
‼️|!!|два удивителни знака|двоен удивителен знак|двойна|пунктуация|удивителна
💱|банка|валута|обмен на валута|пари
💲|валута|долар|милиард|милион|пари|плащане|таксуване|удебелен знак за долар
♻️|рециклиране|символ за рециклиране
⚜️|рицари|хералдическа лилия
🔱|емблема|инструмент|кораб|котва|посейдон|тризъбец
📛|бадж|име|табелка
🔰|инструмент|листо|начинаещ|японски символ за начинаещ
⭕|кръг|окръжност|удебелена голяма окръжност|удебелена червена окръжност|червен
❌|×|x|кръстче|отказ|умножение
❎|×|x|бутон с кръстче|квадрат|умножение
➰|клуп|примка
➿|двойна|примка
〽️|знак за смяна на ролята|роля
🫟|боя|опръсквам|петно|разливам|холи
🔠|abcd|букви|въвеждане на главни букви на латиница|главни|латиница
🔡|[abcd]|букви|въвеждане на малки букви на латиница|латиница
🔢|1234|въвеждане на цифри|цифри
🔣|〒♪&%|въвеждане на символи
🔤|[abc]|букви|въвеждане на букви на латиница|латиница
🅰️|[а]|а|бутон с a|бутон с а (кръвна група)|кръвна група
🆎|[ab]|ab|бутон с ab (кръвна група)|кръвна група
🅱️|[b]|b|бутон с b (кръвна група)|кръвна група
🆑|cl в квадрат|бутон
🆒|cool в квадрат|бутон
🆓|free в квадрат|бутон
🆔|id в квадрат|бутон id|самоличност i id
Ⓜ️|[m]|буква m в кръг|кръг
🆕|new в квадрат|бутон|ново
🆖|ng в квадрат|бутон ng|бутон с ng
🅾️|0|бутон с o|бутон с 0 (кръвна група)|кръвна група|о
🆗|ok в квадрат|окей в квадрат|бутон
🅿️|p|бутон с p|паркинг
🆘|sos в квадрат|бутон|помощ
🆙|up!|бутон с up!|отличителен знак
🆚|vs в квадрат|бутон vs i vs
🈁|коко от катакана в квадрат|бутон тук на японски|катакана|тук|японски
🈂️|са от катакана в квадрат|бутон за такса за обслужване на японски|такса за обслужване|японски
🈷️|идеограма луна в квадрат|идеограма месечна сума в квадрат|месечна сума|японски
🈶|идеограма не е безплатно в квадрат|идеограма съществувам в квадрат|не е безплатно|японски
🈯|идеограма пръст в квадрат|идеограма резервирано в квадрат|резервирано|японска|японски
🉐|идеограма "сделка" в кръг|идеограма за предимство в кръг|сделка|японски
🈹|идеограма отстъпка в квадрат|идеограма разделяне в квадрат|отстъпка|японски
🈚|безплатно|идеограма безплатно в квадрат|идеограма отрицание в квадрат|японски
🈲|идеограма забранявам в квадрат|японски
🉑|идеограма "приемливо" в кръг|идеограма за приемане в кръг|китайски|приемливо|японски
🈸|идеограма прилагам в квадрат|идеограма приложение в квадрат|приложение|японски
🈴|идеограма заедно в квадрат|идеограма преминаваща оценка в квадрат|преминаваща оценка|японски
🈳|бутон празно на японски|идеограма празно в квадрат|празно|японски
🈺|идеограма отворено в квадрат|отворено|японски
🈵|идеограма пълнота в квадрат|японски
🔴|геометричен|кръг|червен
🟠|кръг|оранжев кръг|оранжево
🟡|жълт кръг|жълто|кръг
🟢|зелен кръг|зелено|кръг
🔵|геометричен|кръг|син
🟣|кръг|лилаво
🟤|кафяв кръг|кафяво|кръг
⚫|геометричен|кръг|черен кръг
⚪|бял кръг|геометричен|кръг
🟥|квадрат|червен квадрат|червено
🟧|квадрат|оранжев квадрат|оранжево
🟨|жълт квадрат|жълто|квадрат
🟩|зелен квадрат|зелено|квадрат
🟦|квадрат|син квадрат|синьо
🟪|квадрат|лилав квадрат|лилаво
🟫|кафяв квадрат|кафяво|квадрат
⬛|геометричен|квадрат|черен голям квадрат
⬜|бял голям квадрат|геометричен|квадрат
◼️|геометричен|квадрат|черен среден квадрат
◻️|бял среден квадрат|геометричен|квадрат
◾|геометричен|квадрат|черен средномалък квадрат
◽|бял средномалък квадрат|геометричен|квадрат
▪️|геометричен|квадрат|малък черен квадрат
▫️|геометричен|квадрат|малък бял квадрат
🔶|геометричен|голям оранжев ромб|оранжев|ромб
🔷|геометричен|голям син ромб|ромб|син
🔸|геометричен|малък оранжев ромб|оранжев|ромб
🔹|геометричен|малък син ромб|ромб|син
🔺|геометричен|сочещ нагоре червен триъгълник|червен
🔻|геометричен|надолу|сочещ надолу червен триъгълник|червен
💠|геометричен|комикс|ромб с точка в средата
🔘|бутон за избор|геометричен|избор
🔳|бутон|геометричен|квадратен бутон с бял контур|контур
🔲|бутон|геометричен|квадратен бутон с черен контур
🏁|знаме|кариран|наскар|победа|спорт|състезание|финал|флаг
🚩|голф|знаме|триъгълно знаме|флагщок
🎌|кръстосани знамена|празнуване|японски
🏴|веещо се черно знаме|развяващ се|черен флаг|черно знаме
🏳️|бял флаг|бяло знаме|веещо се бяло знаме|развяващ се|развяващо се
🏳️‍🌈|бисексуален|гей|гордост|дъга|знаме|лгбти|лгбтк|лесбийка|прайд|транссексуален|флагът на дъгата
🏳️‍⚧️|бяло|знаме в синьо, розово и бяло|розово и бяло|светлосиньо|транссексуален
🏴‍☠️|веселия роджър|грабежи|пиратски флаг|съкровище
🇦🇩|андора
🇦🇪|обединени арабски емирства
🇦🇫|афганистан
🇦🇬|антигуа и барбуда
🇦🇮|ангуила
🇦🇱|албания
🇦🇲|армения
🇦🇴|ангола
🇦🇶|антарктика
🇦🇷|аржентина
🇦🇸|американска самоа
🇦🇹|австрия
🇦🇺|австралия
🇦🇼|аруба
🇦🇽|оландски острови
🇦🇿|азербайджан
🇧🇦|босна и херцеговина
🇧🇧|барбадос
🇧🇩|бангладеш
🇧🇪|белгия
🇧🇫|буркина фасо
🇧🇬|българия
🇧🇭|бахрейн
🇧🇮|бурунди
🇧🇯|бенин
🇧🇱|сен бартелеми
🇧🇲|бермудски острови
🇧🇳|бруней даруссалам
🇧🇴|боливия
🇧🇶|карибска нидерландия
🇧🇷|бразилия
🇧🇸|бахамски острови
🇧🇹|бутан
🇧🇼|ботсвана
🇧🇾|беларус
🇧🇿|белиз
🇨🇦|канада
🇨🇨|кокосови острови (острови кийлинг)
🇨🇩|конго (киншаса)
🇨🇫|централноафриканска република
🇨🇬|конго (бразавил)
🇨🇭|швейцария
🇨🇮|кот д’ивоар
🇨🇰|острови кук
🇨🇱|чили
🇨🇲|камерун
🇨🇳|китай
🇨🇴|колумбия
🇨🇶|сарк
🇨🇷|коста рика
🇨🇺|куба
🇨🇻|кабо верде
🇨🇼|кюрасао
🇨🇽|остров рождество
🇨🇾|кипър
🇨🇿|чехия
🇩🇪|германия
🇩🇯|джибути
🇩🇰|дания
🇩🇲|доминика
🇩🇴|доминиканска република
🇩🇿|алжир
🇪🇨|еквадор
🇪🇪|естония
🇪🇬|египет
🇪🇭|западна сахара
🇪🇷|еритрея
🇪🇸|испания
🇪🇹|етиопия
🇪🇺|европейски съюз
🇫🇮|финландия
🇫🇯|фиджи
🇫🇰|фолкландски острови
🇫🇲|микронезия
🇫🇴|фарьорски острови
🇫🇷|франция
🇬🇦|габон
🇬🇧|обединеното кралство
🇬🇩|гренада
🇬🇪|грузия
🇬🇫|френска гвиана
🇬🇬|гърнзи
🇬🇭|гана
🇬🇮|гибралтар
🇬🇱|гренландия
🇬🇲|гамбия
🇬🇳|гвинея
🇬🇵|гваделупа
🇬🇶|екваториална гвинея
🇬🇷|гърция
🇬🇸|южна джорджия и южни сандвичеви острови
🇬🇹|гватемала
🇬🇺|гуам
🇬🇼|гвинея-бисау
🇬🇾|гаяна
🇭🇰|хонконг, сар на китай
🇭🇳|хондурас
🇭🇷|хърватия
🇭🇹|хаити
🇭🇺|унгария
🇮🇨|канарски острови
🇮🇩|индонезия
🇮🇪|ирландия
🇮🇱|израел
🇮🇲|остров ман
🇮🇳|индия
🇮🇴|британска територия в индийския океан
🇮🇶|ирак
🇮🇷|иран
🇮🇸|исландия
🇮🇹|италия
🇯🇪|джърси
🇯🇲|ямайка
🇯🇴|йордания
🇯🇵|япония
🇰🇪|кения
🇰🇬|киргизстан
🇰🇭|камбоджа
🇰🇮|кирибати
🇰🇲|коморски острови
🇰🇳|сейнт китс и невис
🇰🇵|северна корея
🇰🇷|южна корея
🇰🇼|кувейт
🇰🇾|кайманови острови
🇰🇿|казахстан
🇱🇦|лаос
🇱🇧|ливан
🇱🇨|сейнт лусия
🇱🇮|лихтенщайн
🇱🇰|шри ланка
🇱🇷|либерия
🇱🇸|лесото
🇱🇹|литва
🇱🇺|люксембург
🇱🇻|латвия
🇱🇾|либия
🇲🇦|мароко
🇲🇨|монако
🇲🇩|молдова
🇲🇪|черна гора
🇲🇬|мадагаскар
🇲🇭|маршалови острови
🇲🇰|северна македония
🇲🇱|мали
🇲🇲|мианмар (бирма)
🇲🇳|монголия
🇲🇴|макао, сар на китай
🇲🇵|северни мариански острови
🇲🇶|мартиника
🇲🇷|мавритания
🇲🇸|монтсерат
🇲🇹|малта
🇲🇺|мавриций
🇲🇻|малдиви
🇲🇼|малави
🇲🇽|мексико
🇲🇾|малайзия
🇲🇿|мозамбик
🇳🇦|намибия
🇳🇨|нова каледония
🇳🇪|нигер
🇳🇫|остров норфолк
🇳🇬|нигерия
🇳🇮|никарагуа
🇳🇱|нидерландия
🇳🇴|норвегия
🇳🇵|непал
🇳🇷|науру
🇳🇺|ниуе
🇳🇿|нова зеландия
🇴🇲|оман
🇵🇦|панама
🇵🇪|перу
🇵🇫|френска полинезия
🇵🇬|папуа-нова гвинея
🇵🇭|филипини
🇵🇰|пакистан
🇵🇱|полша
🇵🇲|сен пиер и микелон
🇵🇳|острови питкерн
🇵🇷|пуерто рико
🇵🇸|палестински територии
🇵🇹|португалия
🇵🇼|палау
🇵🇾|парагвай
🇶🇦|катар
🇷🇪|реюнион
🇷🇴|румъния
🇷🇸|сърбия
🇷🇺|русия
🇷🇼|руанда
🇸🇦|саудитска арабия
🇸🇧|соломонови острови
🇸🇨|сейшели
🇸🇩|судан
🇸🇪|швеция
🇸🇬|сингапур
🇸🇭|света елена
🇸🇮|словения
🇸🇰|словакия
🇸🇱|сиера леоне
🇸🇲|сан марино
🇸🇳|сенегал
🇸🇴|сомалия
🇸🇷|суринам
🇸🇸|южен судан
🇸🇹|сао томе и принсипи
🇸🇻|салвадор
🇸🇽|синт мартен
🇸🇾|сирия
🇸🇿|есватини
🇹🇨|острови търкс и кайкос
🇹🇩|чад
🇹🇫|френски южни територии
🇹🇬|того
🇹🇭|тайланд
🇹🇯|таджикистан
🇹🇰|токелау
🇹🇱|тимор лесте
🇹🇲|туркменистан
🇹🇳|тунис
🇹🇴|тонга
🇹🇷|турция
🇹🇹|тринидад и тобаго
🇹🇻|тувалу
🇹🇼|тайван
🇹🇿|танзания
🇺🇦|украйна
🇺🇬|уганда
🇺🇸|съединени щати
🇺🇾|уругвай
🇺🇿|узбекистан
🇻🇦|ватикан
🇻🇨|сейнт винсънт и гренадини
🇻🇪|венецуела
🇻🇬|британски вирджински острови
🇻🇮|американски вирджински острови
🇻🇳|виетнам
🇻🇺|вануату
🇼🇫|уолис и футуна
🇼🇸|самоа
🇽🇰|косово
🇾🇪|йемен
🇾🇹|майот
🇿🇦|южна африка
🇿🇲|замбия
🇿🇼|зимбабве
🏴󠁧󠁢󠁥󠁮󠁧󠁿|англия
🏴󠁧󠁢󠁳󠁣󠁴󠁿|шотландия
🏴󠁧󠁢󠁷󠁬󠁳󠁿|уелс