⁉️|!?|?|exclamació|interrogació|pregunta amb exclamació|puntuació|signe d’exclamació i d’interrogació
ℹ️|informació|punt d’informació
↔️|dreta|esquerra|fletxa cap a l’esquerra i cap a la dreta
↕️|amunt|avall|fletxa cap amunt i cap avall
↖️|amunt a l’esquerra|direcció|fletxa cap amunt a l’esquerra|intercardinal|nord-oest
↗️|amunt a la dreta|direcció|fletxa cap amunt a la dreta|intercardinal|nord-est
↘️|avall a la dreta|direcció|fletxa cap avall a la dreta|intercardinal|sud-est
↙️|avall a l’esquerra|direcció|fletxa cap avall a l’esquerra|intercardinal|sud-oest
⌨️|ordinador|pc|teclat
☀️|assolellat|brillant|clar|espai|raigs|solejat|temps
☁️|ennuvolat|núvol|temps
☂️|paraigua|pluja
☃️|fred|neu|nevada|ninot de neu
☄️|cometa|espai
☑️|✓|casella amb marca de verificació|fet|marcat|quadre|selecció|verificació|votació
☔|gota|gotes|meteorologia|paraigua amb gotes de pluja|pluja|temps
☕|beguda|cafè|cafeïna|calenta|fumejant|matí|te|xocolata calenta
☘️|irlandès|irlandesa|planta|trèvol
☠️|calavera|cara|crani amb ossos|monstre|mort|ossos
☢️|radioactiu|radioactiva|senyal
☣️|perill|risc biològic|senyal
☦️|creu|cristià|cristiana|cristianes|cristians|ortodoxa|religió
☸️|budisme|budista|dharma|religió|roda del dharma
☹️|cara arrufada|emmurriada|emmurriat|empipada|empipat|enfadada|enfadat|trista
♈|àries|be|horòscop|marrà|zodíac
♉|bou|brau|horòscop|taure|toro|zodíac
♐|arquer|horòscop|sagitari|zodíac
♑|cabra|capricorn|horòscop|zodíac
♒|aigua|aquari|horòscop|portador|zodíac
♓|horòscop|peixos|zodíac
♠️|carta|cartes|coll de piques|joc|pal de piques|partida|piques
♣️|carta|coll de trèvols|joc|pal de trèvols|partida|trèvols
♥️|cartes|coll de cors|cors|emoció|joc|pal de cors|partida
♦️|cartes|coll de diamants|diamants|joc|pal de diamants|partida
♨️|aigües termals|brolladors|calor|complex turístic|fonts termals|fumejant|vapor
⚒️|eina|martell i pic|pic
⚓|àncora|eina|vaixell
⚔️|arma|creuades|espases
⚖️|aparell|balança (aparell)|balances|eina|justícia|pes|zodíac
⚗️|alambí|eina|instrument|química
⚙️|eina|engranatge|marxa
✂️|eina|paper|retall|tallar|tisores
✅|✓|arreglat|botó de marca de verificació|completat|fet|marca de verificació|marcat|selecció|verificació
✈️|aeroplà|avió|jet|vehicle|viatge|volant|volar
✉️|carta|correu electrònic|mail|sobre
✒️|bolígraf|negra|ploma
✔️|✓|fet|marca de verificació|marca de vistiplau gruixuda|marcar|marcat|selecció|verificació
✖️|×|cancel·lar|multiplicació|multiplicar|signe de multiplicar|x
✡️|david|estrella de david|judaisme|jueu|jueva|religió
✨|*|brillar|centellejar|espurna|espurnes|estrella|màgia
✳️|*|asterisc de vuit radis
✴️|*|estrella de vuit puntes
❄️|floc de neu|fred|neu|temps|volva de neu
❇️|*|espurna
❓|?|interrogació|puntuació|signe d’interrogació vermell
❔|?|blanc|interrogació|perfilat|puntuació|signe d’interrogació blanc
❕|!|blanc|exclamació|perfilat|puntuació|signe d’exclamació blanc
❗|!|exclamació|puntuació|signe d’exclamació vermell
❣️|cor|exclamació en forma de cor gruixuda|puntuació|signe
❤️|amor|cor vermell|emoció
➕|+|matemàtiques|més|signe de sumar gruixut
➖|-|−|matemàtiques|menys|signe de restar gruixut
➗|÷|divisió|matemàtiques|signe de dividir gruixut
⤴️|amunt|dreta|fletxa dreta que gira cap amunt|gir
⤵️|avall|dreta|fletxa dreta que gira cap avall|gir
〰️|guió|ondulat|puntuació
㊗️|botó "enhorabona" en japonès|botó japonès "enhorabona"|enhorabona|ideograma|japonès|kanji
㊙️|"secret"|botó "secret" en japonès|botó japonès "secret"|ideograma|japonès|kanji
😀|alegre|animada|animat|cara molt somrient|dents|feliç|rialla|somrient|somriure|ulls
😃|boca oberta|cara molt somrient amb els ulls ben oberts|dents|feliç|genial|sí!|somriure obert
😄|boca oberta|cara amb rialla i els ulls somrients|feliç|rialla|riure|somriure|ull
😁|cara molt somrient amb els ulls alegres|dents|feliç|gran somriure|simpàtica|somrient|ulls
😆|boca|cara somrient amb els ulls tancats fortament|feliç|ha ha ha!|oberta|petar-se de riure|satisfet|somrient|somriure|ulls tancats
😅|cara somrient amb una gota de suor|emocionada|emocionat|estrès|estressada|estressat|nerviós|nerviosa|obert|somriure|suor freda|estrés
🤣|cara que es peta de riure|divertit|ha ha ha|hilarant|llàgrima|molt de riure|mort de riure|partir-se|petar-se de riure|pixar-se|plorar de riure|riure
😂|alegria|cara amb llàgrimes d’alegria|divertida|divertit|feliç|llàgrimes|molt de riure|mort de riure|plorant|riure
🙂|cara que somriu una mica|feliç|somrient|somriure tímid
🙃|cara de cap per avall|ha ha ha|revés|somriure
🫠|acalorada|acalorat|calor|cara que es desfà|desaparèixer|desfer-se|dissoldre’s|fondre’s|haha|líquid|sarcasme|vergonya
😉|cara que pica l’ullet|flirteig|picar l’ullet|provocar|sexy|trencacors|ullets
😊|cara somrient amb els ulls alegres|contenta|galtes vermelles|rubor|satisfeta|somrient|somriure|ull
😇|angelet|aurèola|bíblia|cara somrient amb aurèola|conte de fades|fantasia|halo|innocent|pacífica|santa|somrient
🥰|amor|aventura|cara somrient amb 3 cors|cara somrient amb cors|cors|enamorada|enamorament|enamorat|estimar moltíssim|somriure|t’estimo
😍|amorós|amorosa|aventura|cara somrient amb ulls en forma de cor|cors als ulls|enamorada|enamorat|romàntica|sentiments|somriure|t’estimo|tendra|tendre|ulls en forma de cor
🤩|apa!|cara amb estrelles als ulls|emocionada|emocionat|estrella|somrient|somriure|ulls amb estrelles
😘|adorables|amor|aventura amorosa|bon dia|bona nit|cara que llança un petó|cor|et trobo a faltar|flirteig|muac|petó|petonejar-se|petons i abraçades|t’estimo
😗|amor|cara que fa un petó|cita|flirteig|petó|petonejar-se|petons i abraçades|t’estimo
☺️|cara|feliç|relaxada|relaxat|somrient|somriure
😚|cara que fa un petó amb els ulls tancats|cita|flirteig|petó|petonejar-se|petons|rubor|t’estimo|ulls tancats
😙|amor|cara que fa un petó amb els ulls alegres|cita|flirteig|nit|petó|petons|somriure|t’estimo|ulls alegres|ulls tancats
🥲|agraïment|alleujament|cara somrient amb una llàgrima|emoció|llàgrima|orgull|smiley|somriure
😋|afamada|afamat|assaborir|cara d’assaborir un menjar deliciós|cara que assaboreix menjar|deliciós|deliciosa|gustós|gustosa|llengua|llépol|menjar|nyam|somrient|somriure
😛|cara que fa llengotes|dolça|excel·lent|festa|genial|guai|llengota|llengua fora
😜|cara que fa llengotes i pica l’ullet|diversió|divertida|divertit|estrafolari|estrafolària|festa|llengota|llengua|ullet
🤪|boig|boja|cara de bogeria|ull gran|ull petit|ulls
😝|cara amb els ulls tancats i la llengua fora|cara que fa llengotes i amb els ulls tancats|déu meu|ecs|el que sigui|fastigós|horrible|llengota|llengua|només es viu una vegada|sabor|ulls tancats
🤑|boca|cara de diners|diners|llengua|pagat|ulls
🤗|abraçada|abraçant|cara amb abraçada|mans
🤭|adonar-se sobtadament|ai!|cara amb la mà sobre la boca|riure ximplet|secret|sorpresa|tapant-se la boca|tenir el riure ximplet|ups|xoc
🫢|al·lucinar|callar|cara amb els ulls oberts i la mà sobre la boca|cara amb ulls oberts i mà sobre la boca|estupefacció|incredulitat|increïble|por|sorpresa|vergonya
🫣|amagar-se|cara tapada que espia amb un ull|espiar|fascinació|mirada|mirar|por|timidesa|vergonya
🤫|callar|cara que demana silenci|psit|pst|silenci
🤔|barbeta|cara|considerar|curiós|curiosa|mentó|mmm|pensant|pensatiu|pensativa|reflexionant|reflexionar
🫡|bona sort|cara que saluda|exèrcit|ordre|respecte|salutació|sí, senyora|val
🤐|boca tancada|callada|callat|cara amb cremallera a la boca|cremallera|mantenir la boca tancada|secret|silenci
🤨|cara amb una cella aixecada|desaprovació|desconfiada|desconfiat|escèptica|escepticisme|incredulitat|sorpresa
😐|bé|cara neutra|cara seriosa|en blanc|gelós|gelosa|inexpressiu|inexpressiva|infeliç|neutral|no és divertit|no és per riure|no impressiona
😑|bàsica|cara de pòquer|déu meu|dolenta|gelós|gelosa|incòmoda|incòmode|inexpressió|inexpressiu|inexpressiva|infeliç|morta|no|oh!|què coi
😶|callada|callat|cara sense boca|en blanc|inexpressiu|inexpressiva|secret|sense boca|sense paraules|silenciós|silenciosa
🫥|amagar-se|cara amb línia de punts|depressió|desaparèixer|introversió|invisible|m’és igual
😶‍🌫️|cap als núvols|cara entre núvols|distracció|distret
😏|broma|cap|cara que somriu amb superioritat|celles|fatxenda|flirteig|mirada impúdica|murri|múrria|riure per sota el nas|somriure astut|somriure de manera afectada|superioritat
😒|avorrida|avorriment|avorrit|cara de desaprovació|desaprovació|emprenyada|emprenyat|estranya|gelós|gelosa|infeliç|negació amb el cap|no és divertit|que coi
🙄|cara amb els ulls en blanc|el que sigui|en blanc|ulls en blanc
😬|cara que fa una ganyota amb les dents|dentista|dents|estrany|ganyota|res|somrient
😮‍💨|alleujament|cara que exhala|exhalar|exhaust|xiulet|xiuxiueig
🤥|cara de mentider|mentider|nas|pinotxo
🫨|cara que tremola|caram|pànic|sorpresa|terratrèmol|tremolar|tremolor|vibració|vibrar|xoc
🙂‍↔️|cap que tremola horitzontalment|negació|no|tremolar|tremolor
🙂‍↕️|afirmació|cap que tremola verticalment|sí|tremolar|tremolor
😌|alleugerida|alleugerit|alleujada|alleujament|alleujat|calma|cara d’alleujament|zen
😔|abatuda|avorrida|avorrit|cara|decebuda|decebut|desanimada|desanimat|pensatiu|pensativa|perduda|perdut|que malament|trista
😪|cansada|cansat|cara de son|dormint|dormir|plorant|son|trista
🤤|bava|bavejant|cara que baveja
😴|badallar|becaina|bona nit|cansada|cansat|cara de dormir|cara de son|dormint|dormir|el que sigui|hora de dormir|llit|son|zzz
🫩|cansament|cara que fa ulleres|esgotament|son
😷|cara amb màscara|cara amb mascareta|dentista|dermatòleg|dermatòloga|doctora|dr.|dra.|gèrmens|malalta|malaltia|màscara|mascareta|medecina|refredat
🤒|cara amb termòmetre|malalta|malaltia|termòmetre
🤕|ai|bena|cap embenat|cara amb el cap embenat|ferida|ferit|lesió
🤢|cara de nàusees|mareig|marejada|marejat|nàusea|repugnant|vomitar
🤮|cara que vomita|fastigós|marejada|marejat|repugnant|vòmit|vomitar
🤧|cara que esternuda|constipat|esternudant|esternut|febre|malalta|mocs|salut
🥵|calor|cara de calor|cara vermella|cop de calor|febre|febril|fogots|insolació|suada|suat|suor
🥶|blau|blava|cara blava|cara de fred|caramells|congelació|dents fredes|fred|gelada|gelat|glaçada|glaçat
🥴|beguda|begut|boca ondulada|cara de mareig|embriac|embriaga|intoxicada|intoxicat|mareig|marejada|marejat|ulls desiguals
😵|cansada|cansat|cara|malalta|marejada|marejat|morta
😵‍💫|cara amb ulls d’espiral|confós|confosa|déu meu|espiral|hipnosi|mareig|marejada|marejat|ostres|problema|vaja
🤯|cap que explota|estupefacta|estupefacte|explotar|impossible|impressionada|impressionat|sorprès|sorpresa|sorprés
🤠|barret|cara amb barret de vaquer|cowboy|vaquera
🥳|aniversari|barret|cara festiva|celebració|celebrar|emocionada|emocionat|espanta-sogres|festa|hurra|per molts anys
🥸|bigoti|cara disfressada|celles|disfressa|incògnit|mostatxo|nas|persona|ulleres
😎|cara somrient amb ulleres de sol|estil|fatxenda|genial|impressionant|platja|relaxada|relaxat|sí|sol|somriure|ulleres|victòria
🤓|aplicada|aplicat|cara de setciències|estudiar|estudiós|estudiosa|intel·ligent|rata de biblioteca|setciències|ulleres
🧐|amb classe|cara amb monocle|estirada|estirat|monocle|rica
😕|arrufada|cara de confusió|confós|confosa|confusió|ho sento|m’és igual|ni idea|no ho sé|trista|um um
🫤|cara amb la boca en diagonal|cara d’escepticisme|cara d’inseguretat|cara de decepció|confós|confusió|decepcionat|dubte|dubtós|escèptic|frustració|frustrat|insegur|m’és igual|meh
😟|cara de preocupació|estrès|nerviós|nerviosa|nervis|preocupació|preocupada|preocupat|sorprès|sorpresa|estrés|sorprés
🙁|cara una mica arrufada|emmurriada|emmurriat|empipada|empipat|trista
😮|apa!|bocabadada|bocabadat|cara amb la boca oberta|estupefacta|estupefacte|increïble|no et crec|oberta|sorprès|sorpresa|sorprés
😯|atònita|cara de sorpresa|déu meu|èpic|oh!|sorprès|sorpresa|sorprés
😲|cara|déu meu!|escandalitzada|escandalitzat|estupefacta|estupefacte|i ara!|que coi!|totalment
😳|apa!|avergonyida|avergonyit|cara|culpa|enrojolada|galtes vermelles|impressionada|impressionat|incòmoda|incòmode|incredulitat|vergonya
🫪|ansietat|inflamat|pànic|sorprès|vulnerable|xoc
🥺|cara de súplica|compassió|per què no|pietat|si us plau|sispli|súplica|suplicar|trista|ulls de cadell|ulls grans
🥹|admiració|agraït|avergonyit|cara que s’aguanta les llàgrimes|dolor|emoció|enuig|gratitud|llàgrimes d’alegria|oh|orgull|resistir|sentiments|si us plau
😦|agafar per sorpresa|apa!|arrufada|boca|cara emmurriada amb la boca oberta|emmurriada|esgarrifada|esgarrifat|espantada|espantat|oberta|què|sorpresa
😧|angoixada|angoixat|cara d’angoixa|espantada|espantat|estressada|estressat|infeliç|sopresa
😨|atemorida|atemorit|cara de por|espantada|espantat|por|preocupada|preocupat
😰|boca oberta|cara amb la boca oberta i suor freda|espantada|espantat|nerviós|nerviosa|nervis|suor freda
😥|alleujament|cara de decepció|complicada|complicat|decebuda|decebut|decepció|preocupada|preocupat|suor|uf
😢|cara que plora|infeliç|llàgrimes|plorant|plorar|sentiments|terrible|trista|trobar a faltar
😭|bramar|cara que plora desconsoladament|infeliç|llàgrima|llàgrimes de desconsol|plorant|plorar|sanglot
😱|cara que crida de por|crit de por|espantada|espantat|munch|pànic|por|sorprès|sorpresa|temorós|temorosa|terror|sorprés
😖|cara de frustració|confós|confosa|encongir-se|frustració|frustrada|frustrat|furiós|furiosa|molesta|sentiments|torbada|torbat|trista
😣|cara de perseverança|centrar-se|concentració|concentrar-se|mal de cap|perseverança|perseverar
😞|abatuda|abatut|cara de decepció|culpa|decebuda|decebut|decepció|fracàs|infeliç|perdedora|terrible|trista
😓|cara amb suor freda|espantada|espantat|mal de cap|nerviós|nerviosa|sentiments|suor freda|trista|uf
😩|afamada|afamat|cansada|cansat|cara d’esgotament|esgotada|esgotament|esgotat|fracàs|infeliç|no|plorant|sentiments|somnolenta|trista
😫|becaina|cansada|cansament|cansat|cara de cansament|sentiments|trista
🥱|adormida|adormit|avorriment|badall|becaina|bona nit|cansada|cansament|cansat|cara que badalla|zzz
😤|cara que treu fum del nas|enfadada|enfadat|enrabiada|enrabiat|fum|fúria|furiós|furiosa|infeliç|ira|nas|sentiments
😡|cara vermella|enutjada|enutjat|furiós|furiosa|ira|irritant|ràbia|sentiments|vermell
😠|cara|culpa|empipada|empipat|enfadada|enfadat|frustrada|frustrat|furiós|furiosa|infeliç|ira
🤬|cara amb símbols a la boca|censurar|emprenyada|emprenyat|furiós|furiosa|insults|maledicció|paraulotes|renecs
😈|banyes|cara somrient amb banyes|conte de fades|dimoni|fantasia|foscor|malvat|somriure
👿|cara enfadada amb banyes|conte de fades|diable|dimoniet|entremaliada|entremaliat|fantasia|malvada|malvat|trapella
💀|calavera|cara|conte|crani|estic morta|ha ha ha|monstre|morta|només es viu una vegada
💩|caca amb ulls|cara|còmic|fa pudor|fer pudor|merda|monstre|pudenta|ulls
🤡|cara de pallasso|pallassa|pallasso
👹|cara|conte de fades|criatura|dimoni|esgarrifós|fantasia|japonès|màscara|monstre|ogre|japonés
👺|cara|conte de fades|criatura|enfadat|fantasia|follet|japonès|malvat|màscara|monstre|japonés
👻|agitada|agitat|aparició|buu|cara de fantasma|conte de fades|criatura|esgarrifós|fantasia|fantasma|halloween|monstre|ximple
👽|alienígena|cara|conte de fades|criatura|espai|extraterrestre|fantasia|monstre|ovni
👾|àlien|alienígena|conte de fades|extraterrestre|fantasia|invasors de l’espai|jocs|jugador|monstre|ovni|pixelat
🤖|cara de robot|monstre|robot
😺|animal|boca|cara|gat somrient amb la boca oberta|oberta|somrient|somriure
😸|animal|cara|gat somrient amb els ulls alegres|somrient|somriure obert|ulls alegres
😹|alegria|animal|cara|fart de riure|gat amb llàgrimes d’alegria|llàgrimes|riure
😻|amor|cara|cor|gat somrient amb cors als ulls|somriure|ulls
😼|animal|cara|gat amb somriure irònic|ironia|irònica|somriure
😽|animal|cara|gat que fa un petó amb els ulls tancats|petó|ulls tancats
🙀|animal|cara de gat espantat|espantat|gat|oh|por|sorprès|sorpresa|sorprés
😿|animal|cara de gat que plora|gat que plora|llàgrima|llàgrimes|plorar|trista
😾|animal|cara de gat enutjat|enuig|gat enfadat|gat enutjat
🙈|animal|avergonyida|cara|déu meu|espantada|gest|malvada|mona que no mira|no mira|oblit|prohibida|secret|ulls tapats
🙉|animal|escoltar|gest|massa informació|mona que no escolta|no|orelles tapades|prohibit|pst|secret
🙊|animal|boca tapada|gest|mona que no parla|no|parlar|prohibit|secret|sigil|silenci|ui!
💌|amor|aventura amorosa|carta d’amor|correu|sant valentí
💘|adorables|amor|aventura|cita|cor amb fletxa|cupido|emoció|fletxa|sant valentí|t’estimo
💝|abraçades i petons|aniversari|cor amb un llaç|emoció|llaç|petons|sant valentí|t’estimo
💖|bona nit|cor espurnejant|emocionada|emocionat|espurna|espurneig|petons i abraçades|t’estimo
💗|abraçades i petons|batec|cor que creix|creixent|emoció|emocionada|emocionat|muac|petons|t’estimo
💓|amor|batec|bategant|càrdio|cor que batega|cor rosa que batega|emoció|t’estimo|vibrant
💞|adorable|aniversari|cors que giren|emoció|girant
💕|amor|aniversari|cita|cor|dos cors|emoció|petons|t’estimo
💟|cor blanc sobre fons morat|cor decoratiu|cor morat
💔|cor|desolada|desolat|emoció|solitari|solitària|trencar|trencat|trista
❤️‍🔥|amor|cor en flames|cor sagrat|foc|luxúria
❤️‍🩹|cor embenat|millora|recuperació|salut
🩷|adorable|agradar|amor|bonic|cor|especial|rosa
🧡|cor taronja|taronja
💛|amor|cardíaca|cor|emoció|groc|t’estimo
💚|amor|cor|emoció|romàntica|t’estimo|verd
💙|amor|aventura amorosa|cor blau|emoció|t’estimo
🩵|amor|blau cel|bonic|cian|cor blau cel|turquesa
💜|amor|cor lila|el millor|emoció|la millor|t’estimo
🤎|cor|marró
🖤|cor|dolenta|malvada|malvat|negre
🩶|amor|bonic|cor|gris|plata|platejat
🤍|blanc|cor
💋|aventura amorosa|cita|cor|emoció|fer un petó|llavis|marca de petó|petó|sexy
💯|100|cent punts|cert|clarament|estic d’acord|punts|puntuació perfecta|sens dubte|sí|veritat
💢|còmic|enfadada|enfadat|enuig|furiós|furiosa|malhumorada|malhumorat|símbol d’enuig|símbol d’ira
🫯|baralla|batalla|debat|desacord|discussió|lluita
💥|bomba|bum|col·lisió|col·lisionar|còmic|esclat|explotar
💫|brillant|còmic|estel fugaç|estrella|estrelles|mareig|marejada|marejat
💦|aigua|còmic|entrenament|entrenar-se|esquitxada|gota|gotes de suor|suor
💨|còmic|córrer|he de marxar|núvol|pet|pressa|ràpid|sortir corrent
🕳️|forat
💬|bafarada de parlar|còmic|conversa|diàleg|discurs|escrivint|missatge|parlar|sms|text
👁️‍🗨️|bafarada|testimoni|ull dins d’una bafarada|vist
🗨️|bafarada de parlar cap a l’esquerra|diàleg|esquerra|parlar
🗯️|bafarada d’enuig cap a la dreta|dreta|empipada|empipat|enfadada|enfadat|furiós|furiosa|parlar
💭|adonar-se|bafarada de pensar|còmic|decisions|dibuix animat|idea|il·lusió|invenció|invent|pensaments|pensant|pensar|preguntar-se|somnis
💤|adormida|adormit|bona nit|cansada|cansat|còmic|dormir|son|zzz
👋|adéu|ei|ens veiem|fins aviat|fins després|he de marxar|hola|mà que saluda|me’n vaig|que hi ets?|saludant|saludar|salutació
🤚|alçada|mà|revers de la mà
🖐️|alto|dits oberts|mà aixecada amb els dits oberts|mà amb els dits oberts|mà oberta
✋|alto|cinc|mà aixecada|xoca-la
🖖|dit|mà|mans|salutació vulcaniana|spock|star trek|vulcanià
🫱|a la dreta|agafar|dreta|encaixada de mans|encaixar|mà cap a la dreta
🫲|a l’esquerra|agafar|encaixada de mans|encaixar|esquerra|mà cap a l’esquerra
🫳|abaixa|agafar|deixar anar|descarta|mà amb el palmell cap avall|no|rebutja|recollir
🫴|acosta’t|aixeca|digue’m|dona’m|mà amb el palmell cap amunt|no ho sé|ofereix|vine
🫷|aturar|bloquejar|empènyer|esperar|esquerra|mà que empeny cap a l’esquerra|prou|rebutjar|xocar
🫸|aturar|bloquejar|dreta|empènyer|esperar|mà que empeny cap a la dreta|prou|rebutjar
👌|acceptació|d’acord|entesos|genial|impressionant|mà d’acceptació|ok|perfecte|senyal d’aprovació amb la mà
🤌|dits junts|gest de la mà|interrogació|italià|paciència|què dius|relaxació|sarcàstic
🤏|dits|mà que pessiga|petit|quantitat petita|una mica
✌️|mà|pau|senyal de la victòria|victòria
🤞|creuar|creuats|dits|mà|sort
🫰|<3|amor|car|cor|diners|fregar els dits|mà amb el dit índex i el polze creuats|petar els dits
🤟|dits|gest de t’estimo|mà|t’estimo|tres dits
🤘|banyes|dits en forma de banyes|genial|rock|signe de les banyes
🤙|mà que representa una trucada|trucada|trucar
👈|assenyalar|dit índex que apunta cap a l’esquerra|esquerra|índex|mà
👉|assenyalar|dit índex que apunta cap a la dreta|dreta|índex|mà
👆|amunt|assenyalar|dit índex que apunta cap amunt|mà
🖕|dit cor|dit del cor|dit del mig|dit mitger|fer la figa|mà
👇|avall|dit índex que apunta cap avall|índex
☝️|això|amunt|assenyalar|dit|índex que apunta cap amunt|mà
🫵|apuntar|assenyalar|dit|índex que assenyala l’espectador|mà|tocar|tu
👍|+1|amunt|bé|brutal|d’acord|entesos|fantàstic|genial|guai|m’agrada|mà|polze cap amunt|sí
👎|-1|avall|aversió|malament|no m’agrada|polze cap avall
✊|mà|puny alçat|puny tancat|solidaritat
👊|a prop|artells|col·lega|cop de puny|copejar|correcte|d’acord|mà|puny|totalment
🤛|cap a l’esquerra|esquerre|puny cap a l’esquerra|salutació
🤜|cap a la dreta|dret|puny cap a la dreta|salutació
👏|aplaudiment|aplaudint|aprovació|ben fet|bona feina|enhorabona|entusiasme|fantàstic|genial|mans que aplaudeixen|picar de mans|visca!
🙌|celebració|gest|hurra|lloança|mans aixecades|mans enlaire
🫶|<3|amor|cor|mans que formen un cor|t’estimo
👐|abraçada|cos|mà|mans de jazz|mans obertes|oberta|virar bruscament
🤲|desig|duà|mans en forma còncava|mans juntes amb els palmells cap amunt|pregar|pregària
🤝|acord|encaixada de mans|mans|salutació|tracte
🙏|apreciar|demanar|gest|gràcies|mà|mans ajuntades|mans en oració|oració|pregar|si us plau
✍️|escriure|mà que escriu
💅|cosmètics|cura|esmalt d’ungles|manicura|maquillatge|s’ha acabat|ungla
🤳|autofoto|càmera|foto|mòbil|selfie
💪|aixecament de peses|bíceps tensat|braç|còmic|cos|culturista|flexió de bíceps|forçuda|forçut|forta|múscul|musculada|musculat
🦾|accessibilitat|braç mecànic|pròtesi de braç
🦿|accessibilitat|cama mecànica|cama ortopèdica|pròtesi de cama
🦵|cama doblegada|cama flexionada|extremitat|genoll|peu|puntada de peu
🦶|peus|puntada de peu|trepitjada|turmell
👂|cos|escoltar|oïda|orella|orelles|sentir|so
🦻|accessibilitat|orella amb audiòfon|problema d’audició
👃|cos|nassos|olors|pudor|tafanera
🧠|cervell|coneixement|intel·ligent|llest|saviesa
🫀|anatomia|batec|cardiologia|cor real|òrgan|pols|vermell
🫁|exhalació|inhalació|òrgan|pulmó|pulmons|respiració|respirar
🦷|blanc|dentista|dents|perlí|perlina
🦴|esquelet|gos|os de la sort|ossos
👀|cara|cos|déu meu|mirant|mirar|ullada|ulls|veure|vista
👁️|cos|ull
👅|cos|llengua|llepada|llepar|xarrupada|xarrupar
👄|bellesa|boca|cos|fer un petó|llavis|petó|pintallavis
🫦|boca que es mossega el llavi|flirteig|incomoditat|llavi|mossegada|nervis|petó|pintallavis|por|preocupació|preocupat|sexy
👶|bebès|embarassada|jove|nadó|nounat|bebés
🧒|criatura|gènere neutre|infant|jove|nen
👦|jove|nen|noi
👧|filla|jove|nena|noia|trenes|ulls brillants
🧑|adult|gènere neutre|persona
👱|cabells curts rossos|cabells rossos|cara|home|persona amb cabells curts i rossos|persona amb cabells rossos|persona amb els cabells rossos|persona rossa|persona: cabells rossos|ros
👨|amic|home|masculí|noi|xicot
🧔|barba|barbut|bigoti|bigotut|persona amb barba|persona: barba
🧔‍♂️|barba|home: barba
👱‍♂️|cabell|home: cabell ros|ros
👩|adulta|castanya|dona|femení|senyora|tall de cabells
🧔‍♀️|barba|dona: barba
👱‍♀️|cabell|dona: cabell ros|rossa
🧓|adult|gènere neutre|gran|persona anciana
👴|ancià|avi|calb|gran|home|iaio|perdent cabell|savi|vell
👵|anciana|àvia|cabell gris|dona|gran|iaia|monyo|sàvia|vella
🙍|afectada|cara trista|disgustada|dona emmurriada|emmurriament|gest|molesta|persona arrufada|persona emmurriada|trista
🙍‍♂️|arrufar|arrufat|celles|disgustat|gest|home emmurriat|masculí
🙍‍♀️|arrufar|celles|dona emmurriada|femení|gest
🙎|arrufar les celles|cara d’enfadada|dona empipada|enfadada|enuig|ganyota|gest|morros|persona enutjada
🙎‍♂️|enuig|gest|home enutjat|home fent morros|masculí
🙎‍♀️|dona enutjada|enuig|femení|gest
🙅|barrar el pas|braços|dona fent el gest de negació|gest de negació|mà|negació|no|persona fent el gest de negació|prohibit
🙅‍♂️|gest|home amb gest de negació|mà|no|prohibit
🙅‍♀️|dona amb gest de negació|gest|mà|prohibit
🙆|aprovació|braços amunt|cara|d’acord|exercici|gest d’aprovació|mans al cap|persona amb els braços amunt|persona amb les mans amunt|persona fent el gest d’aprovació
🙆‍♂️|acord|d’acord|déu meu|exercici|gest|home amb gest d’aprovació|mà|mans al cap|ok
🙆‍♀️|acord|dona amb gest d’aprovació|gest|mà|ok
💁|ajuda|és igual|flexió|informació|mà|moviment dels cabells|persona amb la mà inclinada cap amunt|persona amb mà inclinada cap amunt|sarcasme|sarcàstica|xafarderia
💁‍♂️|ajuda|home amb mà inclinada cap amunt|inclinant|informació|mà|moviment del cabell|sarcasme|sarcàstic|xafarderia
💁‍♀️|ajuda|dona amb mà inclinada cap amunt|informació|mà
🙋|dona que aixeca la mà|gest|ho sé|jo|mà aixecada|noia que aixeca la mà|persona amb la mà aixecada|persona contenta que aixeca la mà|persona que aixeca la mà|pregunta|somriure
🙋‍♂️|gest|ho sé|home amb la mà aixecada|jo|mà|mans|masculí|persona amb la mà aixecada|pregunta
🙋‍♀️|dona amb la mà aixecada|femení|gest|mà
🧏|accessibilitat|oïda|persona sorda|sentir|sorda
🧏‍♂️|home|sord
🧏‍♀️|dona|sorda
🙇|capbaix|capcot|demanar perdó|disculpa|gest|inclinació|meditació|meditar|perdó|persona capbaixa|persona capcota|persona fent una reverència|persona inclinant-se|reverència
🙇‍♂️|disculpa|gest|home capcot|reverència
🙇‍♀️|disculpa|dona capcota|gest|meditació|meditar|perdó|reverència
🤦|cara|exasperació|frustració|incredulitat|mà a la cara|persona amb la mà a la cara|vergonya
🤦‍♂️|cara|exasperació|home amb la mà a la cara|incredulitat|mà a la cara|persona
🤦‍♀️|cara|dona amb la mà a la cara|exasperació|incredulitat|mà a la cara|perplexitat|persona
🤷|arronsar|desconeixement|dubte|espatlles|ignorància|indiferència|ni idea|no ho sé|persona arronsant les espatlles|persona dubtant|persona que arronsa les espatlles|persona que dubta
🤷‍♂️|dubte|encongir-se d’espatlles|home que arronsa les espatlles|ignorància|indiferència|ni idea|no ho sé|noi que arronsa les espatlles|persona que arronsa les espatlles|potser
🤷‍♀️|cara|dona que arronsa les espatlles|dubte|encongir les espatlles|ignorància|indiferència|ni idea|no ho sé|noia que arronsa les espatlles|persona que arronsa les espatlles|potser
🧑‍⚕️|doctor|infermer|professional de la salut|salut|terapeuta
👨‍⚕️|assistència sanitària|doctor|home professional de la salut|infermer|metge|salut|terapeuta
👩‍⚕️|assistència sanitària|doctora|dona professional de la salut|infermera|metgessa|professional de la salut|salut|terapeuta
🧑‍🎓|estudiant|graduat
👨‍🎓|estudiant|graduació|graduat|home|masculí|noi estudiant
👩‍🎓|dona|estudiant|femení|graduació|graduada|noia estudiant
🧑‍🏫|instructor|mestre|professor
👨‍🏫|home|instructor|masculí|mestre|professor
👩‍🏫|dona|femení|instructora|mestra|professora
🧑‍⚖️|balança|jutge
👨‍⚖️|balança|home|justícia|jutge|masculí
👩‍⚖️|balança|dona|femení|justícia|jutgessa
🧑‍🌾|agricultor|granger|jardiner|llaurador|pagès|ramader|rural
👨‍🌾|agricultor|granger|home|jardiner|llaurador|masculí|pagès|ramader|rural
👩‍🌾|agricultora|dona|femení|grangera|jardinera|llauradora|pagesa|ramadera|rural
🧑‍🍳|cuiner|xef
👨‍🍳|cuiner|home|masculí|xef
👩‍🍳|cuinera|dona|femení|xef
🧑‍🔧|electricista|lampista|mecànic
👨‍🔧|comerciant|electricista|home|lampista|masculí|mecànic|operari
👩‍🔧|comerciant|dona|electricista|femení|lampista|mecànica|operària
🧑‍🏭|fàbrica|industrial|operari|treballador
👨‍🏭|fàbrica|industrial|muntatge|operari|treballador
👩‍🏭|dona|fàbrica|industrial|muntatge|operària|treballadora
🧑‍💼|arquitecte|negoci|oficina|treballador d’oficina
👨‍💼|arquitecte|director|gerent|negoci|oficina|oficinista|treballador d’oficina
👩‍💼|arquitecta|directora|dona|gerent|negoci|oficina|oficinista|treballadora d’oficina
🧑‍🔬|biòleg|científic|enginyer|físic|químic
👨‍🔬|biòleg|científic|enginyer|físic|home|matemàtic|químic
👩‍🔬|biòloga|científica|enginyera|física|matemàtica|química
🧑‍💻|desenvolupador|inventor|programador|tecnòleg
👨‍💻|codificador|desenvolupador|home|inventor|ordinador|programador|programari|tecnòleg
👩‍💻|codificadora|desenvolupadora|dona|inventora|ordinador|programadora|programari|tecnòloga
🧑‍🎤|actor|cantant|estrella|presentador
👨‍🎤|actor|artista|cantant home|estrella del rock|presentador
👩‍🎤|actriu|artista|cantant|dona|estrella del rock|presentadora
🧑‍🎨|artista|paleta
👨‍🎨|artista|home|masculí|paleta|pintor
👩‍🎨|artista|dona|femení|paleta|pintora
🧑‍✈️|avió|pilot
👨‍✈️|avió|home|masculí|pilot
👩‍✈️|avió|dona|femení|pilot
🧑‍🚀|astronauta|coet
👨‍🚀|astronauta|coet|espai|home
👩‍🚀|astronauta|coet|dona|espai
🧑‍🚒|bombera|camió de bombers
👨‍🚒|bomber|camió de bombers|home|masculí
👩‍🚒|bombera|camió de bombers|dona|femení
👮|agent de policia|detenir|gorra de policia|home|persona|policia|seguretat
👮‍♂️|agent de policia home|home|masculí|policia
👮‍♀️|agent de policia dona|arrest|detenir|dona|femení|gorra de policia|persona|policia
🕵️|detectiu|espia|home|investigador
🕵️‍♂️|detectiu|espia|home|investigador
🕵️‍♀️|detectiu|dona|espia|investigadora
💂|barret|guarda|londres|palau de buckingham
💂‍♂️|guarda|home|masculí
💂‍♀️|casc|dona|femení|guarda|londres|palau de buckingham
🥷|assassí|guerrer|lluitador|ninja|ocult|persona|sigilós
👷|casc de protecció|casc de seguretat|construcció|feina|home|obra|paleta|persona|treballador de la construcció
👷‍♂️|construcció|home paleta|masculí|treballador
👷‍♀️|casc de protecció|casc de seguretat|construcció|dona|feina|femení|obra|paleta|treballadora de la construcció
🫅|monarca|noblesa|persona amb corona|reialesa|reina
🤴|príncep|reialesa
👸|conte de fades|corona|fades|fantasia|princesa|reialesa|reina
👳|home amb turbant|persona amb turbant|turbant
👳‍♂️|home amb turbant|masculí|turbant
👳‍♀️|dona amb turbant|femení|turbant
👲|barret|gorra|guapimao|home amb barret xinès|xinès
🧕|cap cobert|dona amb el cap cobert|dona amb mocador de cap|hijab|mantellina|mocador de cap
🤵|elegant|esmòquing|formal|home|nuvi|persona amb esmòquing
🤵‍♂️|esmòquing|home amb esmòquing
🤵‍♀️|dona amb esmòquing|esmòquing
👰|casament|núvia amb vel|persona amb vel|vel
👰‍♂️|home amb vel|vel
👰‍♀️|dona amb vel|vel
🤰|dona|embaràs|embarassada|prenyada
🫃|embaràs|embarassat|home embarassat|menjar massa|panxa|prenyat
🫄|embaràs|embarassada|embarassat|menjar massa|panxa|persona embarassada|prenyada|prenyat
🤱|alletar|dona que alleta|lactància|lactant|nadó|pit
👩‍🍼|alimentar|alletar|amor|bebè|biberó|dona que alleta un bebè|mama|mare
👨‍🍼|alimentar|alletar|amor|bebè|biberó|home que alleta un bebè|pare
🧑‍🍼|alimentar|alletar|bebè|biberó|dona|home|persona que alleta un bebè
👼|ales|àngel|angelet|bebè|conte de fades|església|fantasia
🎅|celebració|conte de fades|fantasia|nadal|noel|pare|santa claus
🤶|àvia|còfia|mare|nadal|noel|senyora
🧑‍🎄|festes|nadal|noel|persona|santa claus
🦸|bé|bo|heroi|heroïna|persona amb superpoders|superheroi|superheroïna|superman|superpoders
🦸‍♂️|bo|heroi|home superheroi|superpoder
🦸‍♀️|bo|dona superheroïna|heroïna|superpoder
🦹|criminal|dolent|malvat|persona dolenta|persona malvada|superdolent|superpoders
🦹‍♂️|criminal|dolent|home superdolent|malvat|superpoder
🦹‍♀️|criminal|dolenta|dona superdolenta|malvada|superpoder
🧙|barret de punta|bruixa|bruixot|conjur|encantament|fantasia|fetillera|mag|personatge fantàstic|sortilegi
🧙‍♂️|bruixot|fetiller|home mag
🧙‍♀️|bruixa|dona maga|fetillera
🧚|ales|conte de fades|fada|fantasia|follet|mitologia|oberó|personatge fantàstic|puck|titània
🧚‍♂️|home fada|oberó|puck
🧚‍♀️|dona fada|titània
🧛|dents|disfressa|dràcula|esgarrifós|fantasia|halloween|mort vivent|morta vivent|personatge fantàstic|sang|supernatural|ullals|vampir|xuclar la sang
🧛‍♂️|dràcula|home vampir|mort vivent
🧛‍♀️|dona vampir|morta vivent|vampiressa
🧜|cant de sirena|conte de fades|criatura del mar|fantasia|folklore|mitologia|persona sirena|personatge fantàstic|sirena|trident|tritó
🧜‍♂️|conte de fades|criatura del mar|fantasia|folklore|mar|mitologia|neptú|personatge fantàstic|poseidó|trident|tritó
🧜‍♀️|cant de sirena|conte de fades|criatura del mar|fantasia|folklore|mar|mitologia|personatge fantàstic|sirena|trident
🧝|el senyor dels anells|elf|encantament|fantasia|folklore|màgic|mitologia|orelles de punta|personatge fantàstic
🧝‍♂️|home elf|màgica
🧝‍♀️|dona elfa|màgica
🧞|desitjos|fantasia|fregar la llàntia|geni blau|geni de la llàntia|personatge fantàstic
🧞‍♂️|geni|home geni
🧞‍♀️|dona geni|geni
🧟|esgarrifós|halloween|horror|mort vivent|por|terrorífic|walking dead|zombi
🧟‍♂️|home zombi|mort vivent
🧟‍♀️|dona zombi|morta vivent
🧌|conte|fades|fantasia|monstre|trol
🫈|bigfoot|bosc|gegant|ieti|monstre|pèl|pelut|sasquatch
💆|bellesa|calmar|cara|mal de cap|massatge de cap|massatge facial|persona que rep un massatge al cap|persona que rep un massatge facial|relaxació|relaxant|saló|spa|tensió
💆‍♂️|calmar|cara|home que rep un massatge|mal de cap|masculí|massatge facial a un home|relaxant|saló|tensió
💆‍♀️|cara|dona que rep un massatge|femení|massatge facial a una dona|relaxant
💇|bellesa|cabells|cara|perruqueria|persona a la perruqueria|persona que es talla els cabells|tallada de cabells|tallar els cabells|tallat de cabells
💇‍♂️|barber|bellesa|cabells|home que es talla els cabells|masculí|perruqueria|saló|tall de cabell|tallada de cabells|tallat de cabells
💇‍♀️|cabells|dona que es talla els cabells|femení|tallada de cabells
🚶|caminada|caminar|home que camina|noi|passeig|passejada|passejar xino-xano|persona caminant|persona que camina|vianant
🚶‍♂️|caminada|home caminant|home que camina|masculí|passejada
🚶‍♀️|caminada|caminar|deambular|dona caminant|dona que camina|femení|gambada|passejada|passejar xino-xano|vianant
🧍|dempeus|dreta|persona dreta
🧍‍♂️|dempeus|dret|home
🧍‍♀️|dempeus|dona|dreta
🧎|agenollada|agenollat|de genolls|genolls|persona agenollada
🧎‍♂️|agenollat|de genolls|home
🧎‍♀️|agenollada|de genolls|dona
🧑‍🦯|accessibilitat|invident|persona amb un bastó per a invidents
👨‍🦯|accessibilitat|cec|home amb un bastó per a cecs|home amb un bastó per a invidents|invident
👩‍🦯|accessibilitat|cega|dona amb un bastó per a invidents|invident
🧑‍🦼|accessibilitat|cadira de rodes amb motor|cadira de rodes elèctrica|persona amb una cadira de rodes amb motor|persona amb una cadira de rodes elèctrica
👨‍🦼|accessibilitat|cadira de rodes|home amb una cadira de rodes amb motor|home amb una cadira de rodes elèctrica|home amb una cadira de rodes motoritzada
👩‍🦼|accessibilitat|cadira de rodes|dona amb una cadira de rodes amb motor|dona amb una cadira de rodes elèctrica|dona amb una cadira de rodes motoritzada
🧑‍🦽|accessibilitat|cadira de rodes manual|persona amb una cadira de rodes manual
👨‍🦽|accessibilitat|cadira de rodes|home amb una cadira de rodes manual
👩‍🦽|accessibilitat|cadira de rodes|dona amb una cadira de rodes manual
🏃|corredora|corrent|cursa|esport|marató|persona que corre|pressa|ràpida|velocitat
🏃‍♂️|córrer|cursa|home que corre|marató
🏃‍♀️|afanyar-se|corredora|corrent|córrer|cursa|de pressa|dona que corre|marató|pressa|ràpid|velocitat
🧑‍🩰|ballarí|ballet
💃|ballant|ballarina|dansa|dona que balla|elegant|festiva|flamenca|ritme|salsa|talent|tango
🕺|ballant|ballem|dansa|disco|elegant|flamenc|home que balla|música|ritme|salsa|talent|tango
🕴️|home amb vestit de negocis que levita|home de negocis que levita|levitar|negocis|vestit
👯|amigues|ballarines|bessones|conilletes|dansaires|dobles|dones idèntiques|dues dones|dues noies|festa|germanes|noies idèntiques|orelles de conill|orelletes de conill|parella|persones que ballen disfressades
👯‍♂️|ballarí|ballarins amb orelles de conill|conillet|dos homes idèntics|festa|homes que ballen disfressats|millor amic
👯‍♀️|ballarina|ballarines amb orelles de conill|conilleta|dones que ballen disfressades|festa
🧖|bany de vapor|persona a la sauna|persona en un bany de vapor|persona en una sauna|relaxació|sauna|spa|vapor
🧖‍♂️|home a la sauna|sauna|vapor
🧖‍♀️|dona a la sauna|sauna|vapor
🧗|escalada|escaladora|escalar|esport|muntanya|persona escalant|persona que escala
🧗‍♂️|escalada|escalador|home
🧗‍♀️|dona|escalada|escaladora
🤺|esgrima|esgrimidora|espasa|floret|persona que fa esgrima|sabre|tiradora
🏇|cavall de cursa|cavalls|curses de cavalls|equitació|genet|joquei|triple corona
⛷️|esquiadora|esquiar|neu
🏂|esport|esquí|esquiar|neu|surf de neu|surfista de neu
🏌️|birdie|bola|esport|golfista|green|home que juga al golf|pal|persona que juga al golf|pilota|putt
🏌️‍♂️|golfista|home que juga a golf|masculí
🏌️‍♀️|dona que juga a golf|femení|golfista|pilota
🏄|esport|mar|onada|persona fent surf|persona que fa surf|platja|surfista|taula
🏄‍♂️|home que fa surf|masculí|surf|taula
🏄‍♀️|dona que fa surf|femení|oceà|ones|persona fent surf|platja|surfera|taula
🚣|aigua|barca de rems|bot|canoa|esport|llac|navegar|persona que rema en una barca|persona remant en una barca|pesca|remar|rems|riu
🚣‍♂️|barca|home que rema en una barca|masculí|rem
🚣‍♀️|barca|dona que rema en una barca|femení|llac|navegar|pesca|remant|remar|riu
🏊|crol|esport|natació|nedador|nedar|persona nedant|persona que neda|triatló
🏊‍♂️|home que neda|masculí|nedador|nedar
🏊‍♀️|dona que neda|femení|nedadora|nedar
⛹️|bàsquet|basquetbol|esportista|home amb una pilota|home fent botar una pilota|jugador de bàsquet|jugador de basquetbol|persona amb una pilota|persona fent botar una pilota|pilota|tir lliure
⛹️‍♂️|home amb una pilota|masculí|pilota
⛹️‍♀️|dona amb una pilota|femení|pilota
🏋️|aixecador|culturista|entrenament|esport|exercici|halterofília|home que aixeca pesos|persona que aixeca pesos|persona que practica halterofília|pes
🏋️‍♂️|aixecador|home que aixeca pesos|masculí|pesos
🏋️‍♀️|aixecadora|dona que aixeca pesos|femení|pesos
🚴|bicicleta|ciclisme|ciclista|esport|persona amb bicicleta|persona en bicicleta|persona pedalejant
🚴‍♂️|bicicleta|ciclisme|ciclista|home|masculí
🚴‍♀️|anar amb bicicleta|bicicleta|ciclisme|ciclista|dona amb bicicleta|femení
🚵|anar amb bicicleta|bicicleta|ciclisme de muntanya|ciclista de muntanya|esport|muntanya|pedalejar|persona amb bicicleta de muntanya
🚵‍♂️|bicicleta|ciclista de muntanya home|home|muntanya
🚵‍♀️|anar amb bicicleta|bicicleta|ciclista de muntanya dona|dona|esport|muntanya
🤸|esport|exercici|gimnasta|gimnàstica|persona fent la roda|persona que fa la roda|roda
🤸‍♂️|emoció|esport|felicitat|fer la roda|gimnàstica|home actiu|home emocionat|home que fa la roda|noi actiu|noi emocionat|noi que fa la roda|persona|roda|salt|tombarella
🤸‍♀️|dona activa|dona emocionada|dona que fa la roda|emoció|esport|felicitat|fer la roda|gimnàstica|noia activa|noia emocionada|noia que fa la roda|persona|roda|salt|tombarella
🤼|combat|enfrontament|esport|lluita grecoromana|lluita lliure|lluitadores|lluitadors|lluitar|persones lluitant|persones que lluiten|quadrilàter
🤼‍♂️|combat|enfrontament|esport|homes lluitant|homes que lluiten|jugadors de lluita|lluita grecoromana|lluita lliure|lluitadors|lluitar|masculí|persones|quadrilàter
🤼‍♀️|combat|dona|dones lluitant|dones que lluiten|enfrontament|esport|femení|jugadores de lluita|lluita grecoromana|lluita lliure|lluitadores|lluitar|persona|persones|quadrilàter
🤽|aigua|esport aquàtic|esportista|persona jugant a waterpolo|persona que juga a waterpolo|waterpolista|waterpolo
🤽‍♂️|esport aquàtic|esportista|home jugant a waterpolo|home que juga a waterpolo|jugador de waterpolo|masculí|persona jugant a waterpolo|persona que juga a waterpolo|waterpolista|waterpolo
🤽‍♀️|dona que juga a waterpolo|esportista|femení|jugadora de waterpolo|noia que juga a waterpolo|persona que juga a waterpolo|waterpolista|waterpolo
🤾|esportista|handbol|persona jugant a handbol|persona que juga a handbol|pilota
🤾‍♂️|esport|handbol|home|jugador d’handbol|masculí
🤾‍♀️|dona|esport|femení|handbol|jugadora d’handbol|jugar a handbol|llançament de pilota|llançar|noia|persona|pilota
🤹|circ|home fent malabars|home que fa malabars|joc malabar|malabarisme|malabarista|malabars|multitasca|persona fent malabars|persona que fa malabars
🤹‍♂️|home fent malabars|malabarista home|malabars|masculí|multitasca|noi fent malabars|persona fent malabars
🤹‍♀️|dona|femení|fer jocs malabars|malabarista dona|malabars|multitasca
🧘|amb les cames creuades|cames creuades|ioga|iogui|lotus|meditació|pau|persona en la posició de lotus|persona en posició de lotus|persona meditant|relax|zen
🧘‍♂️|home en la posició de lotus|ioga|lotus|meditació
🧘‍♀️|dona en la posició de lotus|ioga|lotus|meditació
🛀|banyera|persona a la banyera
🛌|becaina|bona nit|cansada|cansat|dormir|hotel|llit|nit|persona al llit|zzz
🧑‍🤝‍🧑|agafar-se de la mà|mà|mans agafades|parella|persona|persones que s’agafen de la mà
👭|agafar-se de la mà|amigues|amistat|cita|dones que s’agafen de la mà|gai|germana|germanes|lesbiana|lgbtqia|mans agafades|millor amiga|millors amigues|noies|parella de dones|queer
👫|agafar-se de la mà|amics|amigues|cita|dona|enamorats|flirteig|home i dona que s’agafen de la mà|mans agafades|parella|tothom
👬|agafar-se de la mà|amics|bessons|cita|els millors amics|enamorats|gai|gèmini|homes que s’agafen de la mà|lgbtqia|mà|mans agafades|nois|parella|queer
💏|amor|aniversari|aventura|cita|cor|parella|petó|romàntic
💑|amor|aniversari|aventura amorosa|cor|parella amb un cor|petó|romàntic
🗣️|cap que parla|parlant|parlar|persona que parla|silueta que parla
👤|bust|misteriós|misteriosa|ombra|silueta d’un bust
👥|amics|bustos|persones|silueta de bustos|siluetes|tothom
🫂|abraçada|adeu|amistat|amor|gràcies|hola|persones que s’abracen
👪|criatura|família|filla|mare|nena|pare
🧑‍🧑‍🧒|adult|família|infant
🧑‍🧑‍🧒‍🧒|adult|família|infants
🧑‍🧒|adult|família|infant
🧑‍🧒‍🧒|adult|família|infant
👣|caminar|cos|descalça|empremta|petjades|roba|vestit
🫆|empremta dactilar|empremta digital|forense|identitat|seguretat
🐵|animal|cara de mona|curiosa|mona
🐒|animal|mico|mona
🦍|animal|goril·la|simi
🦧|animal|mico|mona|orangutan|simi
🐶|animal|cadells|cara de gos|gos|mascota
🐕|animals|gossos|mascota
🦮|accessibilitat|cec|cega|gos guia|gos pigall|guia|invident
🐕‍🦺|accessibilitat|assistència|gos de servei|servei
🐩|caniche|gos|peluda|pelut|púdel
🐺|animal|cara de llop|llop
🦊|animal|cara|guineu
🦝|animal|astut|curiós|os rentador
🐱|animal|cara de gat|gatet|mascota
🐈|animals|gatet|gats|mascota
🐈‍⬛|animal|felí|gat|mala sort|marrameu|negre
🦁|alfa|animal|bram|cara de lleó|fort|leo|lleó|rugit|safari|zodíac
🐯|animal|cara de tigre|depredador|gran felí|tigre
🐅|animals|depredador|gran felí|tigre|zoo
🐆|animal|depredador|gran felí|lleopard|pantera|zoo
🐴|animal|cara de cavall|cavalls|domatge|equí|equina|granja
🫎|animal|ant|banyes|mamífer|uapití
🫏|animal|ase|mamífer|mula|ruc|somer|tossut
🐎|animal|cavall|cursa de cavalls|curses|derbi|eqüestre|equitació|granja|hípica|triple corona
🦄|cara d’unicorn|unicorn
🦓|ratlla|zebra
🦌|animal|cérvol
🦬|animal|bisó europeu|búfal|ramat
🐮|animal|cara de vaca|granja|llet|muuu|vaca
🐂|animals|bou|brau|granja|taure|zodíac
🐃|aigua|animals|búfal aquàtic|zoo
🐄|animals|granja|llet|muuu|vaca
🐷|animal|cansalada|cara de porc|granja|porc
🐖|animals|cansalada|granja|grassa|porc|truja
🐗|animal|porc|senglar
🐽|animal|cara|granja|morro|nas de porc|porc
🐏|animals|àries|banyes|mardà|marrà|ovella|zodíac|zoo
🐑|animal|bel|femella|granja|llana|ovella|pècora|xai
🐐|animals|cabra|capricorn|granja|llet|zodíac
🐪|animal|desert|dromedari|gepa|una gepa
🐫|animal|camell amb dues gepes|camell bactrià|dues gepes|gepa|gepes
🦙|alpaca|animal|guanac|llama|llana|vicunya
🦒|girafa|taques
🐘|animal|elefant
🦣|animal|extinció|gran|llanut|mamut|ullal
🦏|animal|rinoceront
🦛|animal|hipopòtam
🐭|animal|cara de ratolí|ratolí
🐁|animals|ratolí
🐀|animal|rata|ratolí
🐹|animal|cara de hàmster|hàmster|mascota
🐰|animal|cara de conill|conillet|mascota
🐇|animal|conillet|mascota
🐿️|esquirol nord-americà
🦫|animal|castor|dents|presa
🦔|eriçó|punxes
🦇|animal|muricec|ratapenada|ratapinyada|ratpenat|vampir|voliac
🐻|animal|cara d’os|esbramec|mel|os
🐻‍❄️|àrtic|blanc|os polar
🐨|animal|austràlia|coala|marsupial|os
🐼|animal|bambú|cara de panda|panda
🦥|gandul|lent|mandrós|peresós
🦦|juganera|llúdria|llúdriga|pescadora
🦨|fer pudor|mofeta|pudor
🦘|animal|austràlia|cangur|cria de cangur|marsupial|saltar
🦡|animal|teixó|toixó
🐾|animal|petjades d’animal|potes
🦃|au|dia d’acció de gràcies|engolir|gall dindi|indiot
🐔|animal|au|gallina|ornitologia|pollastre
🐓|animals|aus|gall|ornitologia
🐣|animal|au|cria|desclosa|eclosió|ou|pollet que surt de l’ou|sortida de l’ou
🐤|au|bebè|cria|ornitologia|petit|pollet de perfil
🐥|au|bebè|cria|nadó|ornitologia|petit|pollet de cara
🐦|animal|au|ocell|ornitologia
🐧|antàrtida|au|ornitologia|pingüí
🕊️|au|colom|ocell|ornitologia|pacifista|pau|volar
🦅|àguila|àliga|animal|au|ocell
🦆|ànec|animal|au|ocell
🦢|aneguet lleig|animal|au|cigne|ocell|ornitologia
🦉|animal|au|mussol|ocell|ornitologia|savi
🦤|animal|au|dodo|extinció|gran|maurici|ornitologia
🪶|au|lleuger|plomatge|volar
🦩|animal|au|cridaner|flamenc|llampant|ocell|ornitologia|tropical
🦚|animal|bonic|colors vius|cua|ocell|orgull|ornitologia|ostentós|ostentosa|paó|paona
🦜|animal|au|lloro|ocell|ornitologia|parlar|pirata
🪽|ala|angelical|aviació|mitologia|ocell|volar
🐦‍⬛|animal|au|corb|còrvids|grall|merla|negre|ocell|ornitologia
🪿|ànec|animal|au|clacar|oca|ocell
🐦‍🔥|au|cendres|fantasia|fènix|flama|foc|mitologia|ocell|reencarnació|reencarnar-se|renaixement|renéixer|resiliència|resorgir|transformació|transformar-se
🐸|animal|cara de granota|granota
🐊|animals|cocodril|zoo
🐢|animal|tortuga aquàtica|tortugues
🦎|animal|llangardaix|rèptil
🐍|ofiüc|portador|rèptil|serpentari|zodíac
🐲|animal|cara de drac|conte de fades|drac
🐉|animal|cavallers|conte de fades|drac|fades|fantasia|xinès
🦕|braquiosaure|brontosaure|dinosaure|diplodocus|sauròpode
🦖|dinosaure|tiranosaure|tyrannosaurus rex
🐳|aigua|animal|balena que treu aigua|cara|oceà|platja|sortir a raig
🐋|animal|balena|oceà|platja
🐬|aleta|animal|dofí|oceà|platja
🫍|animal|balena|marí|oceà
🦭|animal|foca|lleó marí|oceà
🐟|animal|peixos|pesca|sopar|zodíac
🐠|animal|peixos|tropical
🐡|animal|globus|peix
🦈|animal|peix|tauró
🐙|animal|criatura|mar|oceà|pop
🐚|animal|caragol de mar|cargol de mar|closca|conquilla|espiral|mar|platja
🪸|canvi climàtic|corall|escullera|mar|oceà
🪼|animal|aquari|coïssor|cremada|dolor|invertebrat|marí|medusa|oceà|picada|plàncton|tentacles
🦀|càncer|cranc|horòscop|zodíac
🦞|animal|bisque|llagosta vermella|marisc|pinces|sopa de marisc
🦐|crustaci|gamba|llagostí|marisc|menjar
🦑|animal|calamar|menjar|molusc
🦪|busseig|ostra|perla
🐌|animal|caragol|cargol|jardí|llimac|natura
🦋|animal|bonica|insecte|papallona
🐛|animal|bestiola|eruga|insecte|jardí
🐜|animal|formiga|insecte|jardí
🐝|abella|abellot|insecte|mel|natura|primavera
🪲|animal|cuca|escarabat|insecte
🐞|animal|escarabat|insecte|jardí|marieta|natura
🦗|bestiola|grill|insecte|llagosta|ortòpter|saltamartí
🪳|animal|ballarola|cuca molla|cuca panissera|escarabat de cuina|insecte|panderola|panerola|plaga|repugnant
🕷️|aranya|insecte
🕸️|aranya|teranyina
🦂|animal|escorpí|escorpió|zodíac
🦟|febre|fiblada|insecte|malaltia|malària|mosquit|picada|picar|virus
🪰|animal|epidèmia|insecte|larva|malaltia|mosca blava|podrit
🪱|animal|annèl·lid|cuc de terra|paràsit
🦠|ameba|bacteri|ciència|microbi|virus
💐|amor|aniversari|aventura|cita|flor|planta|ram de flors
🌸|cirerer|flor de cirerer|florir|planta|primavera
💮|blanca|flor
🪷|budisme|calma|ellesa|flor|hinduisme|índia|lotus|pau|puresa|serenitat
🏵️|planta|roseta
🌹|bellesa|elegant|flor|planta|rosa d’amor|sant valentí|vermella
🥀|flor|marcida|mústia|pansida|rosa
🌺|flor|hibisc|planta
🌻|aire lliure|flor|gira-sol|planta|sol
🌼|dent de lleó|floració|margarida|planta|ranuncle
🌷|cultiu|floració|planta|tulipa
🪻|antirrínum|flor|jacint|lavanda|lilà|lupinus|planta|violeta
🌱|brot|jove|nou|plançó|planta
🪴|casa|créixer|decoració|planta amb test|test
🌲|arbre de fulla perenne|arbre de nadal|avet|bosc|fulla perenne|perenne|pi
🌳|arbre de fulla caduca|bosc|caduc|caiguda de fulles|hàbitat|verd
🌴|arbre|palma|palmera|planta|tropical
🌵|cactus|desert|natura|planta|sequera
🌾|arròs|espiga d’arròs|grans|planta
🌿|fulla|herba|planta
🍀|4|afortunada|afortunat|fulles|irlandès|irlandesa|quatre|sort|trèvol de quatre fulles
🍁|auró|caient|fulla d’auró
🍂|fulla que cau|seca|tardor
🍃|fulla que vola amb el vent|sortir volant|vent|voletejar
🪹|branca|covar|llar|niu buit
🪺|covar|niu amb ous|ocell|ous
🍄|bolet verinós|fong|mario|planta
🪾|caiguda de la fulla|fulla caduca|hivern|sequera
🍇|dionís|dionisi|fruita|planta|raïm
🍈|cantalup|fruita|meló|planta
🍉|fruita|meló d’aigua|meló d’alger|meló de moro|planta|síndria
🍊|cítric|fruita|mandarina|nectarina|planta|taronja|vitamina c
🍋|àcida|cítric|fruita|llimona|planta
🍋‍🟩|àcid|aliment|cítric|fruita|llima|menjar|planta|refrescant|tropical|verd
🍌|fruita|plàtan|potassi
🍍|colada|fruita|pinya|tropical
🥭|aliment|fruita|mango|menjar|tropical
🍎|dieta|fruita|madura|menjar|poma|sana|vermella
🍏|fruita|poma|verda
🍐|fruita|pera|planta
🍑|fruita|planta|préssec
🍒|cirera|cireres|fruita|planta|vermell
🍓|baia|fruita|maduixa|planta
🫐|blau|fruit del bosc|gerd|menjar|nabius
🥝|fruita|kiwi|menjar
🍅|hortalissa|planta|tomàquet|tomata|verdura
🫒|menjar|oliva|olivera
🥥|cocoter|palmera|pinya colada
🥑|alvocat|fruita|menjar
🍆|albergínia|hortalissa|planta|verdura
🥔|hortalissa|menjar|patata|tubercle
🥕|hortalissa|menjar|pastanaga|verdura
🌽|blat de moro|collita|conrear|cultiu|dacsa|moresc|panís|panotxa
🌶️|bitxo|pebrot|picant|planta|xili
🫑|capsicum|hortalissa|menjar|pebrot|verd
🥒|cogombret|hortalissa|menjar
🥬|amanida|bleda xinesa|col|enciam|fulla verda|hamburgueses|kale
🥦|bròcoli|bròquil|col silvestre
🧄|all|aromatitzant|cabeça d’alls|condiment
🧅|aromatitzant|ceba|condiment
🥜|cacauets|fruita seca|llegum|menjar|sec
🫘|fesols|llegum|menjar|mongeta|petit|ronyó
🌰|castanya|fruita seca|planta|tardor
🫚|arrel de gingebre|beguda|espècia|gingebre|gínger|herba|natural|salut
🫛|beina de pèsol|edamame|fesol|llegum|mongeta|pèsol|soja|verdura
🍄‍🟫|aliment|bolet marró|fong|menjar|natura|vegetal|vegetarià|xampinyó
🫜|arrel|hort|rave|remolatxa|verdura
🍞|blat|gra|llesca|menjar|pa|restaurant|torrada
🥐|brioixeria|croissant|francès|menjar|pa
🥖|baguet|barra|menjar|pa
🫓|arepa|coca|lavash|naan|pa de coca|pita
🥨|brètzel|brioixeria|cargolat|menjar
🥯|bagel|esmorzar|fleca|forn|panet
🥞|americanes|creps|menjar|pancake
🧇|esmorzar|gofra|gofrera|indecís|indecisa
🧀|formatge|porció de formatge|tall de formatge|tros de formatge
🍖|carn amb os|os
🍗|afamada|afamat|carn de pollastre|cuixa de pollastre|gall d’indi|pollastre
🥩|bistec|carn vermella|tall de carn|tall de porc|tall de xai
🥓|bacó|cansalada|carn|menjar|porc|viada
🍔|afamada|afamat|hamburguesa|menjar ràpid
🍟|fregides|menjar ràpid|patates
🍕|afamada|afamat|formatge|pepperoni|pizza|porció|tall
🌭|frankfurt|hot dog|salsitxa
🥪|entrepà|pa
🌮|mexicà|taco
🌯|burrito|enrotllat|mexicà|rotlle|tortilla
🫔|enrotllat|menjar|mexicà|pamonha|tamal
🥙|durum|falàfel|farcit|kebab|menjar|pa
🧆|cigró|croqueta|falàfel|mandonguilla|pilota
🥚|menjar|ou
🍳|cuina|esmorzar|fàcil|fregir|ou ferrat|paella|restaurant
🥘|arròs|cassola|menjar|paella|poc fonda|valenciana
🍲|cassola de menjar|estofat|guisat|menjar|olla|sopa
🫕|cassola|desfet|esquí|fondue|formatge|menjar|suís|suïssa|xocolata
🥣|arròs congee|bol amb cullera|cereals|esmorzar|farina de civada|farinetes
🥗|amanida|bol|enciam|menjar|verd
🍿|blat de moro|crispetes|pel·lícula
🧈|mantega|producte lacti
🧂|condiment|disgustada|disgustat|fada|fat|gust|sabor|salat|saler
🥫|aliments enllaunats|conserva|llauna de conserva|menjar
🍱|bento|caixa de bento|menjar
🍘|arròs|galeta d’arròs|galeta salada|menjar
🍙|arròs|bola d’arròs|japonès|menjar|onigiri
🍚|arròs|bullit|menjar
🍛|arròs al curri|curri|menjar
🍜|bastonets|bol|fideus|fumejant|menjar|palets|pho|plat|ramen|sopa
🍝|espaguetis|italià|mandonguilles|menjar|pasta|restaurant
🍠|dolç|menjar|moniato|rostit
🍢|broqueta de marisc|kebab|marisc|menjar|oden|pal|restaurant
🍣|cru|menjar|peix|sushi
🍤|fregida|gamba|tempura
🍥|menjar|pastís de peix amb remolí|peix|remolí|restaurant
🥮|festival|pastís de lluna|pastisset de lluna|tardor|yuèbǐng
🍡|broqueta dolça japonesa|dango|dolç|japonès|postres
🥟|cresta japonesa|cresta xinesa|empanada|gyōza|jiaozi|pierogui
🥠|fortuna|futur|galeta de la sort|profecia|sort
🥡|bastonets|emportar|envàs|menjar a domicili|menjar per emportar|menjar xinès|paper
🍦|dolç|gelat de màquina|màquina|menjar|postres|restaurant
🍧|dolç|gelat|granissat|picat|postres
🍨|crema|dolç|gelat|menjar|postres|restaurant
🍩|dolç|dònut|menjar|postres|rosquilla
🍪|dolç|galeta de xocolata|postres|xocolata
🎂|aniversari|celebració|dolç|pastís d’aniversari|per molts anys|postres
🍰|dolç|massa|pastís|porció de pastís|postres|tall
🧁|cupcake|dolç|fideus|fleca|forn|magdalena|postres|sucre
🥧|carn|coca|farcit|fruita|pastís de carbassa|pastís de poma|tros de pastís
🍫|dolç|halloween|llaminera|rajola de xocolata|xocolata|xocolatina
🍬|caramel|càries|dolç|embolcall|halloween|llaminadura|llaminera|postres|restaurant
🍭|caramel|confits|dolç|llaminadura|menjar|pal|piruleta|postres|restaurant
🍮|crema|dolç|flam|postres|púding
🍯|mel|menjar|os|pot de mel
🍼|bebès|beguda|beure|biberó|llet|nadó|nadons|naixement|nascuda|nascut
🥛|beguda|beure|got de llet|llet
🫖|beguda|menjar|tetera
🍵|beguda|beure|oolong|tassa de te amb nansa|te
🍶|ampolla|bar|beguda|got|restaurant|sake
🍾|ampolla amb tap de suro destapat|ampolla de cava|bar|beguda|cava|destapar|suro|tap
🍷|alcohol|bar|beguda|begudes|copa de vi|restaurant|vi
🍸|alcohol|bar|beguda|begudes|beure|club|còctel|copa de còctel|martini
🍹|alcohol|bar|beguda|begut|club|còctel|copa|festa|mai tai|tròpic|tropical
🍺|alcohol|alemanya|bar|cervesa d’estiu|gerra de cervesa|oktoberfest|pinta|tanc de cervesa
🍻|alcohol|bar|beguda|begudes|brindar|brindis amb gerra de cervesa|cervesa|gerra|salut
🥂|beguda|beure|brindis|cava|celebrar|copes|tritlleig|xampany|xin-xin
🥃|beguda|copeta|got de licor|licor|whisky escocès
🫗|abocar|accident|aigua|beguda|buit|got que aboca un líquid|rajar|vaja|vessar
🥤|aigua|beguda|canya|got amb canya|refresc|suc
🧋|bombolla|llet|menjar|perla|taiwan|te amb bombolles
🧃|beguda|bric de suc|dolç|palla|suc
🧉|beguda|beure|mate
🧊|fred|gel|glaçó|iceberg
🥢|bastonets xinesos|oriental|xinès
🍽️|cuina|forquilla, ganivet i plat|ganivet i plat|menjar|plat|sopar
🍴|afamada|afamat|alimentar-se|cobert|deliciós|dinar|esmorzar|forquilla i ganivet|ganivet|menjar|restaurant|sopar
🥄|cobert|cullera|menjar
🔪|arma|cuina|eina|ganivet de cuina|ganivet japonès|xef
🫙|buit|condiment|contenidor|emmagatzemar|pot|res|salsa|vidre
🏺|àmfora|aquari|beguda|cuina|eina|gerra|zodíac
🌍|àfrica|bola del món|europa|globus terraqüi amb europa i àfrica|món|terra
🌎|amèrica|bola del món|globus terraqüi amb amèrica|món|terra
🌏|àsia|austràlia|bola del món|globus terraqüi amb àsia i austràlia|món|terra
🌐|bola del món|globus terraqüi amb meridians|meridians|món|terra|xarxa d’abast mundial
🗺️|mapa del món|món
🗾|japó|mapa del japó
🧭|brúixola|direcció|magnètica|navegació|orientació
🏔️|fred|muntanya amb neu al cim|muntanya nevada|neu
⛰️|muntanya
🛘|allau|desastre|devessall|muntanya|perill|roques|terratrèmol
🌋|erupció|muntanya|natura|volcà
🗻|fuji|mont|muntanya|natura
🏕️|acampada|campament|càmping
🏖️|para-sol|platja amb para-sol
🏜️|desert|desèrtic
🏝️|deserta|illa
🏞️|nacional|parc
🏟️|estadi
🏛️|clàssic|edifici
🏗️|construcció d’edificis|edificis|grua|obra
🧱|fang|maó|morter|mur|paret|totxana|totxanes|totxos
🪨|còdol|dura|pedra|penyal|pesada|pesat|roca|sòlid
🪵|fusta|llenya|tronc
🛖|cabana|casa rodona|iurta|refugi
🏘️|casa|cases|edifici
🏚️|abandonada|casa en ruïnes|ruïnes
🏠|afores|casa de camp|casa senzilla|edifici|instal·lar-se|llar|on és el cor|ranxo|suburbà|suburbana
🏡|afores|casa amb jardí|casa de camp|casa senzilla|edifici|jardí|on és el cor|suburbà|suburbana
🏢|ciutat|cúbic|edifici d’oficines|feina
🏣|correus|edifici|japonès|oficina de correus japonesa
🏤|correus|europea|oficina de correus europea
🏥|clínica|doctora|edifici|hospital|medicina|metgessa|salut
🏦|banc|edifici
🏨|edifici|hotel
🏩|cites|edifici|hotel de cites
🏪|24 hores|botiga a l’abast|botiga de conveniència|edifici
🏫|edifici|escola
🏬|botiga|centre comercial|edifici|magatzem
🏭|edifici|fàbrica
🏯|castell|edifici|japonès
🏰|castell|construcció|edifici|europeu
💒|amor|capella|casament|noces
🗼|tòquio|torre de tòquio
🗽|estàtua de la llibertat|llibertat|nova york|ny
⛪|benedicció|beneir|capella|creu|cristià|edifici|església|religió
🕌|islam|mesquita|musulmà|musulmana|religió
🛕|hindú|hinduisme|temple
🕍|judaisme|jueu|jueva|religió|sinagoga|temple
⛩️|religió|santuari|temple|xintoista
🕋|islam|ka’ba|musulmà|religió
⛲|font
⛺|acampada|campament|càmping|tenda de campanya
🌁|boira|bromós|bromosa|paisatge emboirat
🌃|estel|estrella|estrelles|nit estelada|nit estrellada
🏙️|ciutat|paisatge|urbà
🌄|alba sobre les muntanyes|matí|muntanya|muntanyes|sol|sortida del sol
🌅|alba|matí|sol|sortida del sol|temps
🌆|ciutat|crepuscle|edifici|ocàs|paisatge urbà al vespre|posta de sol|vespre
🌇|ciutat|crepuscle|edifici|ocàs|posta de sol|sol
🌉|nit|pont de nit
🎠|atraccions|cavallets|entreteniment
🛝|divertit|jugar|lliscar|parc|togoban
🎡|fira|parc d’atraccions|roda de fira
🎢|atraccions|muntanya russa|parc d’atraccions
💈|afaitada|barberia|pal de barberia|tallada de cabells
🎪|carpa de circ|circ
🚂|ferrocarril|locomotora|motor|trens|vagó de cua|vapor|vehicle|viatge
🚃|elèctric|ferrocarril|tramvia|transport|tren elèctric|troleibús|vagó de tren elèctric|viatge
🚄|alta velocitat|ferrocarril|shinkansen|tren d’alta velocitat|velocitat|via del tren
🚅|alta velocitat|bala|ferrocarril|shinkansen|tren|velocitat|via del tren|viatge
🚆|arribada|arribat|ferrocarril|tren|vehicle|via del tren|xuc-xuc
🚇|metro|transport|túnel|vehicle|viatge
🚈|arribada|arribat|ferrocarril lleuger|metro lleuger|monorail|tren lleuger|vehicle
🚉|estació|ferrocarril|tren|vehicle|vies
🚊|tramvia|transport|tròlei|troleibús|vehicle
🚝|monocarril|monorail|vehicle
🚞|ferrocarril de muntanya|muntanya|vagó|viatge
🚋|autobús|tramvia|troleibús|vagó de tramvia
🚌|autobús|bus|vehicle
🚍|autobús de cara|autobús que arriba|bus de cara|proper
🚎|autobús|bus|tramvia|tròlei|troleibús
🚐|autobús|bus|conduir|furgoneta|microbús|minibús|vehicle
🚑|ambulància|emergència|urgència|vehicle
🚒|bombers|camió de bombers|cotxe de bombers|motor
🚓|cotxe de policia|policia|policies
🚔|arribant|cotxe de policia de cara|cotxe de policia que arriba|policia|proper
🚕|conduir|taxi groc|transport|vehicle
🚖|aturar un taxi|cotxes|proper|taxi de cara|taxi groc|taxi que arriba
🚗|automòbil|conducció|cotxe|vehicle
🚘|arribant|automòbil de cara|automòbil que arriba|cotxes|proper
🚙|conduir|cotxe|recreatiu|tot camí|totterreny|vehicle tot camí|vehicle tot terreny
🛻|camioneta|descoberta|pickup|transport
🚚|camió de repartiment|conduir|cotxe|repartiment|vehicle
🚛|articulat|camió|conduir|cotxe|moure|semiremolc|vehicle
🚜|agricultura|tractor|vehicle
🏎️|carreres|cotxe de curses|curses|fórmula 1
🏍️|curses|motocicleta
🛵|escúter|motocicleta|transport
🦽|accessibilitat|cadira de rodes manual
🦼|accessibilitat|cadira de rodes elèctrica|cadira de rodes motoritzada
🛺|bicitaxi amb motor|rickshaw
🚲|anar amb bicicleta|bicicleta|ciclisme de sala|ciclista|vehicle
🛴|patinet|transport
🛹|monopatí|patí|patinadora|rodes
🛼|esport|patí de rodes|rodes
🚏|autobús|bus|parada d’autobús|parada de bus
🛣️|autopista|autovia|carretera|via ràpida
🛤️|ferrocarril|tren|via de tren
🛢️|barril de petroli|bidó de petroli|petroli
⛽|assortidor de gasolina|benzina|benzinera|combustible|gasolina
🛞|cercle|cotxe|girar|pneumàtic|rodar|vehicle
🚨|alarma|alerta|cotxe|emergència|girant|llum de cotxe de policia|policia|sirena
🚥|horitzontal|intersecció|semàfor|senyal|trànsit
🚦|conducció|intersecció|semàfor|senyal|trànsit|vertical
🛑|detenció|estop|octogonal|senyal d’estop|senyal de detenció obligatòria|stop
🚧|barrera|construcció|obres|tanca
🛟|boia|cèrcol|flotador|nedar|rescat|salvament|salvavides|seguretat
⛵|iot|mar|vaixell|vehicle|vela|veler
🛶|barca|caiac|canoa|kayak|nau
🚤|barca|estiu|llac|llanxa|luxe|milionari|milionària|ràpida|viatge
🛳️|passatgers|vaixell de passatgers
⛴️|ferri|passatger|vaixell de passatgers
🛥️|llanxa de motor|motor|vaixell
🚢|mar|passatgers|riu|titànic|vaixell|vehicle|viatge
🛩️|aeroplà|avió|avioneta|vehicle|vol
🛫|avió|enlairament d’avió|facturació|sortida d’avió|sortides|vehicle
🛬|arribada d’avió|arribades|arribant|aterratge d’avió|avió|vehicle
🪂|ala delta|fer paracaigudisme|paracaigudes|paracaigudisme|paracaigudista|parapent
💺|cadira|seient
🚁|helicòpter|vehicle|viatge
🚟|ferrocarril de suspensió|suspensió|tramvia elevat|vehicle
🚠|muntanya|telecabina|telecadira|telefèric de muntanya
🚡|aeri|cabina|telecabina|telefèric|tramvia|vehicle
🛰️|espacial|espai|satèl·lit|vehicle
🚀|coets|espacial|espai|llançament|llançar|vehicle|viatge
🛸|extraterrestres|objecte volador no identificat|ovni|plat volador|ufo
🛎️|grum|hotel|recepció|timbre del grum
🧳|bossa de viatge amb rodes|equipatge|fer la maleta|maleta amb rodes|viatge|viatjar
⌛|rellotge d’arena|rellotge de sorra|sorra|temporitzador
⏳|ampolleta|hores|només es viu una vegada|rellotge amb sorra que cau|rellotge d’arena que cau|rellotge de sorra|sorra|temporitzador
⌚|hora|rellotge
⏰|alarma|despertador|espera|hora|hores|rellotge|retard|tard
⏱️|cronòmetre|hora|rellotge
⏲️|rellotge|temporitzador
🕰️|hora|rellotge de sobretaula|rellotge de taula|taula
🕛|00.00|12.00|dotze|en punt|hora|les dotze en punt|rellotge
🕧|00.30|12.30|dos quarts d’una|hora|rellotge
🕐|1.00|13.00|en punt|hora|la una en punt|rellotge
🕜|1.30|13.30|dos quarts de dues|hora|rellotge|una
🕑|14.00|2.00|dues|en punt|hora|les dues en punt|rellotge
🕝|14.30|2.30|dos quarts de tres|dues|hora|rellotge|tres
🕒|15.00|3.00|en punt|hora|les tres en punt|rellotge|tres
🕞|15.30|3.30|dos quarts de quatre|hora|rellotge
🕓|16.00|4|en punt|hora|les quatre en punt|quatre|rellotge
🕟|16.30|4.30|dos quarts de cinc|hora|rellotge
🕔|17.00|5.00|cinc|en punt|hora|les cinc en punt|rellotge
🕠|17.30|5.30|dos quarts de sis|hora|rellotge
🕕|18.00|6.00|en punt|les sis en punt|rellotge|sis
🕡|18.30|6.30|dos quarts de set|hora|rellotge
🕖|19.00|7.00|en punt|hora|les set en punt|rellotge|set
🕢|19.30|7.30|dos quarts de vuit|hora|rellotge
🕗|20.00|8|en punt|hora|les vuit en punt|rellotge|vuit
🕣|20.30|8.30|dos quarts de nou|hora|rellotge
🕘|21.00|9.00|en punt|hora|les nou en punt|nou|rellotge
🕤|21.30|9.30|dos quarts de deu|hora|rellotge
🕙|10.00|22.00|deu|en punt|hora|les deu en punt|rellotge
🕥|10.30|22.30|dos quarts d’onze|hora|rellotge
🕚|11.00|23|en punt|hora|les onze en punt|onze|rellotge
🕦|11.30|23.30|dos quarts de dotze|hora|rellotge
🌑|fosca|lluna|nova
🌒|creixent|espai|lluna en quart creixent|quart|somnis
🌓|creixent|espai|lluna en el primer quart creixent|quart
🌔|creixent|espai|gibosa|lluna
🌕|espai|lluna|plena
🌖|espai|gibosa|lluna|minvant
🌗|espai|lluna en l’últim quart minvant|lluna en quart minvant|minvant|quart
🌘|espai|lluna|minvant
🌙|creixent|espai|lluna|ramadà
🌚|cara de lluna nova|espai|lluna nova
🌛|cara|creixent|espai|lluna en el primer quart amb cara|quart
🌜|cara|fase lunar|lluna en l’últim quart amb cara|lluna en quart minvant amb cara|lluna minvant amb cara|minvant|quart|somnis
🌡️|temperatura|temps|termòmetre
🌝|brillant|cara|lluna plena amb cara|plena
🌞|assolellat|calor|cara|clar|dia|llum del sol|sol amb cara|temps
🪐|planeta amb anells|saturní|saturnià|saturniana
⭐|astronomia|estels|estrella mitjana blanca|estrelles
🌟|brillantor|brillar|centellejar|espurna|estrella|nit|victòria
🌠|cel|espai|estel|estrella|fugaç|pluja d’estels
🌌|espai|temps|via làctia
⛅|ennuvolat|núvol|sol darrere un núvol|temps
⛈️|llamp|núvol amb llamp i pluja|pluja|temps|tronada
🌤️|núvol petit|sol darrere d’un núvol petit|temps
🌥️|núvol gran|sol darrere d’un núvol gran|temps
🌦️|núvol|pluja|sol darrere d’un núvol amb pluja|temps
🌧️|núvol amb pluja|pluja|temps
🌨️|fred|neu|núvol amb neu|temps
🌩️|llamp|núvol amb llamp|temps
🌪️|núvol|remolí de vent|temps|tornado
🌫️|boira|núvol|temps
🌬️|bufar|cara de vent|núvol|vent
🌀|cicló|mareig|marejada|marejat|remolí|temps|tifó|tornado
🌈|arc de sant martí|bisexual|gai|gènere no-binari|lgbtia|lgbtq|natura|orgull|pluja|queer|sant martí|temps|transgènere|transsexual
🌂|paraigua|pluja|tancat
⛱️|para-sol a la sorra|pluja|sol|sorra
⚡|alta tensió|elèctrica|electricitat|fulminar|llampec|natura|perill|tensió|tro|voltatge
⛄|fred|neu|ninot de neu sense neu
🔥|calenta|cremar|eina|encès|encesa|flama|foc|genial
💧|aigua|còmic|fred|gota|llàgrima|natura|suor|temps|trista
🌊|aigua|mar|natura|oceà|onada|surfista
🎃|carabassa de halloween|carbassa|celebració|halloween|llanterna
🎄|arbre de nadal|celebració|nadal
🎆|bum|celebració|entreteniment|focs artificials|focs d’artifici|només es viu una vegada
🎇|bengala|bum|celebració|espurna|focs artificials|pirotècnia
🧨|dinamita|espurna|explosiu|focs d’artifici|llum|petard
🎈|aniversari|celebració|celebrar|globus
🎉|celebració|confeti|emocionada|emocionat|festa|genial|hurra!|tatxam|tub de confeti|visca!
🎊|bola de confeti|celebració|celebrar|confeti|festa
🎋|arbre dels desitjos|celebració|desitjos|japonès|pancarta|tanabata
🎍|bambú|celebració|decoració de pi|japonès|pi
🎎|celebració|festival|nines japoneses
🎏|banderins de carpes|carpa|carpes|celebració
🎐|campaneta de vent|celebració|vent
🎑|celebració|cerimònia de la lluna|lluna
🧧|bona sort|diners|hóngbāo|lai see|regal|sobre vermell
🎀|celebració|cinta|llaç
🎁|aniversari|caixa|celebració|embolicat|llaç|nadal|regal|sorpresa
🎗️|celebració|cinta|commemorar|llaç commemoratiu
🎟️|accés|admissió|bitllet d’entrada|bitllets d’entrada|entrada
🎫|admissió|entrada|resguard|tiquet
🎖️|celebració|condecoració|condecorar|medalla|militar|premi
🏆|campió|campiona|esport|guanyar|premi|trofeu|victòria
🏅|esport|guanyadora|medalla|or|premi
🥇|medalla d’or|or|posició|primer
🥈|argent|medalla de plata|plata|posició|segon
🥉|bronze|medalla de bronze|posició|tercer
⚽|esport|futbol|pilota de futbol
⚾|beisbol|esport|pilota de beisbol
🥎|esports|guant|mà baixa|pilota|softbol
🏀|bàsquet|cistella|esport|pilota de bàsquet
🏐|bola|joc|partit|pilota de voleibol|voleibol
🏈|americà|esport|futbol americà|pilota de futbol americà|super bowl
🏉|esport|pilota de rugbi|rugbi
🎾|pilota|raqueta i pilota de tennis|tenis|tennis
🥏|disc volador|esport|frisbee|plat a gol|plat volador|ultimate
🎳|bitlles|bola|esport|joc de bitlles|ple
🏏|bat|bola|criquet|joc|partit
🏑|estic|herba|hoquei sobre herba|joc|pilota
🏒|disc|estic|gel|hoquei sobre gel|joc
🥍|esports|estic|gol|lacrosse|pilota
🏓|joc|ping-pong|raqueta|tenis de taula|tennis de taula
🏸|bàdminton|joc|partit|raqueta|volant
🥊|boxa|esport|guant de boxa
🥋|arts marcials|judo|karate|quimono|taekwondo|uniforme
🥅|esport|gol|porteria|xarxa
⛳|banderí al forat|esport|forat|golf
⛸️|gel|patí|patinar sobre gel|patinatge sobre gel|patins
🎣|canya de pescar|entreteniment|esport|peix|pescar
🤿|busseig|immersió lleugera|submarinisme amb tub|ulleres de busseig
🎽|atletisme|banda|córrer|samarreta de tirants|samarreta per córrer
🎿|esport|esquiar|esquís|neu
🛷|lliscar|neu|trineu
🥌|esport|gel|joc|pedra de cúrling
🎯|dards|diana|entreteniment|joc|punteria
🪀|fluctuar|io-io|joguina
🪁|enlairar-se|estel|fer volar|grua|volar
🔫|arma de foc|eina|pistola d’aigua|revòlver
🎱|8|billar|bola 8 de billar|bola de billar|bola negra de billar|joc|vuit
🔮|bola de vidre|conte de fades|fantasia|fortuna|futur|màgia|sort|vidre
🪄|bruixa|bruixot|màgia|vareta màgica
🎮|comandament|consola|entreteniment|joc|videoconsola
🕹️|control|joystick|palanca de control|videojoc
🎰|apostar|apostes|atzar|casino|escurabutxaques|joc|màquina escurabutxaques
🎲|daus|entreteniment|joc de daus
🧩|encaixar|peça|peces de trencaclosques|pista|puzle|trencaclosques
🧸|joc|joguina|os de peluix|pelfa|peluix
🪅|caramels|celebració|festa|mexicà|pinyata
🪩|ballar|bola de miralls|brillant|discoteca|festa
🪆|matrioixca|nina|nines russes|russa
♟️|escacs|peó|prescindible|sacrificable
🃏|carta|cartes|comodí|joc|partida
🀄|drac|joc|mahjong|vermell
🎴|cartes de flors|cartes de les flors|flors|hanafuda|japonès|joc
🎭|actor dramàtic|actriu dramàtica|arts interpretatives|entreteniment|interpretació|màscara|shakespeare|teatre
🖼️|art|marc amb quadre|museu|pintura|quadre emmarcat
🎨|artista|artística|creatiu|creativa|entreteniment|museu|paleta d’artista|pintora|pintura
🧵|bobina|cordill|cosir|enfilar|fil|rodet
🪡|agulla de cosir|brodat|cosir|costura|fil|modista|puntada|sutura
🧶|bola|cabdell|ganxet|llana|mitja
🪢|bramant|corda|nus
👓|complements|roba|ulleres|vestuari
🕶️|fosques|sol|ulleres de sol
🥽|busseig|natació|protecció dels ulls|protecció ocular|soldadura|submarinisme|ulleres de piscina
🥼|bata blanca|bata de laboratori|científic|doctor|dr.|experiment|roba
🦺|armilla de seguretat|armilla salvavides|emergència|seguretat
👔|camisa|corbata|empleat|roba|seriós
👕|camiseta|cap de setmana|coll|compres|informal|roba|samarreta|verd|vestit
👖|cap de setmana|compres|informal|pantaló|pantalons|roba texana|texans
🧣|abrigar-se|bufanda|coll|fred
🧤|guants|mà
🧥|abric|abrigar-se|brrr|fred|jaqueta
🧦|mitges|mitja|mitjó|mitjons
👗|compres|elegant|roba|ropa|vestida|vestit
👘|còmoda|còmode|japonès|quimono|roba|vestit
🥻|peça de roba|roba|sari|vestit
🩱|banyador|vestit de bany d’una peça
🩲|banyador|eslip|roba interior|una peça|vestit de bany
🩳|banyador|pantaló|pantalons curts|roba interior|vestit de bany
👙|banyador|biquini|nedar|piscina|platja|roba|vestit de bany
👚|brusa|camisa|coll|compres|dona|roba de dona|senyora|vestimenta
🪭|aire|calor|dansa|vano|ventall|ventar|vergonya
👛|accessori|bossa de mà|compres|luxe|moneda|moneder|roba|vestimenta
👜|accessori|bossa de mà|compres|roba|senyora
👝|accessori|bossa de mà|roba|vestimenta
🛍️|bossa|bosses de compres|compra|equipatge|hotel
🎒|bossa|educació|escola|motxilla d’escola
🩴|xancleta de dit|xancleta de platja
👞|calçat|compres|home|marró|peus|roba|sabata d’home|sabates
👟|bambes|calçat esportiu|compres|córrer|ràpid|sabatilla de córrer|sabatilles
🥾|a l’aire lliure|acampada|bota de muntanya|càmping|excursionisme|sabata marró|senderisme|trekking|tresc|viatjar amb motxilla
🥿|ballarina|calçat|còmode|sabata plana|sabatilla|xinel·la
👠|calçat|compres|dona|moda|sabata de taló|sabates de taló d’agulla|sabates de talons alts|taló|vestit
👡|calçat|dona|sandàlia de dona
🩰|ballet|dansa|sabatilles de ballet
👢|bota de dona|botina amb taló|calçat|compres|dona|roba|sabata|sabates|vestimenta
🪮|afro|cabell|pinça|pinta|recollir
👑|cap|complement|corona|família reial|reialesa|reina|roba|victòria
👒|accessori|barret de dona|barrets|dona|festa al jardí|roba
🎩|barret de copa|copa|formal|luxe|màgia|roba|sofisticat
🎓|acadèmica|barret de graduació|birret|celebració|educació|graduació
🧢|beisbol|gorra amb la visera corbada|gorra amb visera|gorra de beisbol|visera
🪖|casc|exèrcit|guerrer|militar|soldat
⛑️|ajuda|cara|casc amb creu blanca|casc de rescatadora|creu blanca|emergència|urgència
📿|collaret|granadura|oració|religió|rosari
💄|cita|cosmètics|maquillatge|pintallavis
💍|anell|brillant|casada|casament|casat|compromís|diamant|promès|promesa
💎|aventura amorosa|casament|compromís|diamant|diners|gemma|joia
🔇|altaveu desactivat|silenciar|silenciat|so
🔈|altaveu amb el volum baix|baix|so|volum suau
🔉|altaveu amb el volum mitjà|mitjà|so|volum mitjà
🔊|altaveu amb el volum alt|fort|música|so|volum fort
📢|altaveu de megafonia|comunicació|megafonia|so
📣|animació|animar|aplaudiments|megàfon|so
📯|corn de posta|corn de postilló|corneta de posta|corneta de postilló|correus|posta|símbol de correus|trompa
🔔|campana|descans|església|so|timbre
🔕|campana ratllada|campana silenciada|no|prohibit|silenci|so
🎼|música|nota|partitura|pentagrama
🎵|música|nota musical|so
🎶|música|nota|notes musicals|so
🎙️|estudi|micròfon d’estudi|música
🎚️|control lliscant de nivell|música|nivell
🎛️|botons de control|control|música
🎤|cantar|karaoke|micròfon|música|so
🎧|auriculars|so
📻|entreteniment|ràdio
🎷|instrument|música|saxofon|saxòfon
🎺|instrument|música|trompeta|vent
🪊|instrument|jazz|metall|música|tristesa|vent
🪗|acordió|concertina|instrument|música
🎸|corda|guitarra|instrument|música|rock|stratocaster
🎹|instrument|música|piano|teclat musical
🎻|corda|instrument|música|violí
🪕|banjo|corda|de corda|música
🥁|baquetes|música|tambor|timbal
🪘|conga|instrument|percussió|ritme|timbal
🪇|ball|diversió|festa|instrument|maraques|música|percussió|ritme|sacsejar|sonall
🪈|flauta dolça|flautista|instrument de vent de fusta|música|orquestra|vent
🪉|amor|arpa|cupido|instrument|música|orquestra
📱|comunicació|mòbil|telèfon
📲|comunicació|fletxa|mòbil|rebre|telèfon mòbil amb fletxa|trucar
☎️|telèfon
📞|auricular de telèfon|comunicació|telèfon|voip
📟|buscapersones|cercapersones|comunicació
📠|comunicació|fax
🔋|bateria|càrrega
🪫|bateria baixa|electrònica|esgotada|poca bateria
🔌|connexió|elèctric|electricitat|endoll
💻|equip|oficina|ordinador portàtil|pc|personal|portàtil
🖥️|equip|escriptori|monitor|ordinador d’escriptori|ordinador de sobretaula|pc
🖨️|impressora|ordinador
🖱️|ordinador|ratolí d’ordinador
🖲️|ordinador|pc|ratolí de bola
💽|disc de pc|equip|minidisc|òptic|pc
💾|desar|disc|disquet|equip|ordinador|pc
💿|cd|disc|dvd|equip|òptic|ordinador|pc
📀|blu-ray|cd|disc|dvd|equip|òptic|ordinador|pc
🧮|àbac|càlcul|calculadora
🎥|bollywood|càmera cinematogràfica|cinema|enregistrar|hollywood|pel·lícula
🎞️|cinema|fotograma de pel·lícula|fotogrames|pel·lícula
📽️|cinema|pel·lícula|projector cinematogràfic|vídeo
🎬|acció|cinema|claqueta|pel·lícula
📺|televisió|televisor|tv|vídeo
📷|autofoto|càmera|foto|instagram|instantània|viatge|vídeo
📸|càmera amb flaix|flaix|vídeo
📹|càmera de vídeo|vídeo|videocàmera
📼|antiga|cinta|vhs|vídeo|videocasset
🔍|augment|buscar|ciència|eina|esquerra|laboratori|lent d’augment cap a l’esquerra|lupa cap a l’esquerra|recerca
🔎|augment|buscar|ciència|contacte|dreta|eina|laboratori|lent d’augment cap a la dreta|lupa cap a la dreta
🕯️|cera|espelma|flama|llum
💡|bombeta|còmic|electricitat|idea|llum
🔦|eina|elèctrica|electricitat|llanterna|llum
🏮|bar|fanal de paper vermell|fanalet|japonès|llum|paper|restaurant|vermell
🪔|ble|bricolatge|làmpada d’oli|llàntia d’oli|llum d’oli|oli
📔|coberta decorativa|educació|escola|escriptura|llibreta|quadern amb coberta decorativa
📕|educació|llibre|tancat
📖|biblioteca|coneixement|educació|fantasia|lectura|llibre|novel·les|obert
📗|biblioteca|educació|fantasia|lectura|llibre|verd
📘|biblioteca|blau|educació|fantasia|lectura|llibre
📙|biblioteca|educació|fantasia|lectura|llibre|taronja
📚|biblioteca|coneixement|educació|escola|estudi|fantasia|lectura|llibres|novel·les
📓|llibreta|quadern
📒|comptabilitat|llibre de comptabilitat
📃|cargolada|document|pàgina que es cargola
📜|escriptura|paper|pell|pergamí
📄|amunt|document|pàgina cap amunt
📰|comunicació|diari|notícies
🗞️|diari|enrotllat|notícies
📑|fitxa|marcadors|punt de llibre|punts de llibre
🔖|marcador|punt de llibre
🏷️|etiqueta
🪙|diners|dòlar|euro|metall|moneda|or|plata|ric|tresor
💰|banc|bossa de diners|cost|diners|dòlar|efectiu|rica
🪎|bagul|botí|diners|gemma|joies|or|plata|premi|riquesa
💴|banc|bitllets de ien|diners|divisa|ien|moneda|signe
💵|banc|bitllet de dòlar|bitllets de dòlar|divisa|dòlar|moneda|signe
💶|bitllets d’euro|euro|signe
💷|banc|bitllets de lliura|diners|divisa|efectiu|lliura|lliures|milions|moneda|signe
💸|ales|banc|bilió|bitllet|diners amb ales|efectiu|milió|pagar|volar
💳|banc|càrrec|cobrar|crèdit|diners|efectiu|pagar|targeta de crèdit
🧾|comptabilitat|factura|llibres|prova|rebut|tiquet
💹|augment|cap amunt|creixement|gràfic d’augment amb el signe del ien|ien|mercat|moneda|signe|tendència
📧|carta|correu|electrònic|mail
📨|carta|correu electrònic|entrada|enviant|enviat|rebre|recepció|sobre que arriba
📩|avall|comunicació|correu electrònic|enviar|enviat|fletxa|sobre amb fletxa|sortint
📤|bústia|carta|correu electrònic|enviats|safata de sortida|sortida
📥|bústia|carta|correu electrònic|entrada|rebre|safata d’entrada a zero
📦|caixa|comunicació|enviament|lliurament|paquet|repartiment
📫|bandera aixecada|bústia tancada amb la bandera aixecada|comunicació|correu|tancada
📪|abaixada|bandera abaixada|bústia tancada amb la bandera abaixada|correu|tancada
📬|bandera aixecada|bústia oberta amb la bandera aixecada|bústia plena amb la bandera aixecada|correu|oberta
📭|abaixada|bandera abaixada|bústia oberta amb la bandera abaixada|correu|oberta
📮|bústia|carta|correu
🗳️|papereta|urna amb papereta|urna amb vot|votació
✏️|llapis
🖋️|estilogràfica|ploma
🖊️|bolígraf
🖌️|brotxa|pintar|pintura|pinzell
🖍️|color|llapis de color
📝|comunicació|llapis|mitjà|nota|notes
💼|maletí|oficina
📁|arxius|carpeta d’arxius|carpeta de fitxers|fitxers
📂|arxius|carpeta d’arxius oberta|carpeta de fitxers oberta|fitxers|oberta
🗂️|organitzador|separadors per a organitzador de targetes|targeta|targetes
📅|calendari|data
📆|bloc|calendari de bloc
🗒️|bloc de notes d’espiral|espiral|notes
🗓️|bloc|calendari d’espiral|espiral
📇|fitxer rotatiu|organitzador de targetes|targetes|vella escola
📈|a l’alça|amunt i cap a la dreta|augment|cap amunt|creixement|dades|gràfic d’augment|tendència
📉|a la baixa|cap avall|dades|descendent|disminució|gràfic de disminució|negatiu|tendència
📊|barres|dades|gràfic de barres
📋|clip|llista de tasques pendents|notes|petjapapers|porta-retalls|portanotes
📌|agulla|collage|xinxeta
📍|mapa|rodona|ubicació|xinxeta
📎|clip
🖇️|clips|enganxats
📏|angle|matemàtiques|recte|regle de vora recta
📐|angle|cartabó|esquadra|matemàtiques|regle de càlcul|triangle
🗃️|arxiu|arxivador de targetes|caixa|dossier|targeta
🗄️|armari|arxivador|dossier|moble
🗑️|cubell|paperera
🔒|cadenat|privat|tancar|tancat
🔓|cadenat|obert|obrir|tancar
🔏|cadenat amb ploma|cadenat tancat|ploma|privacitat|privadesa|tinta
🔐|bloqueig|cadenat tancat amb clau|clau|segur|tancat
🔑|bloqueig|bloquejar|clau important|claus|contrasenya|desbloqueig|desbloquejar
🗝️|antiga|clau|pany|tancar
🔨|eina|martell|reforma de la llar|reparacions
🪓|clivellar|cop de destral|destral|llenya|tallar
⛏️|eina|martell|mineria|pic
🛠️|clau anglesa|eina|martell i clau anglesa
🗡️|arma|daga|ganivet
💣|bomba|bum|calenta|còmic|explosió|perillós|perillosa
🪃|aborigen|arma|austràlia|bumerang|rebot|repercussió
🏹|arc i fletxa|arquera|eina|fletxa|sagitari|tir amb arc|zodíac
🛡️|arma|escut
🪚|eina|fuster|llenyataire|serra|tallar|xerrac
🔧|clau|eina|fixa|reforma de la llar
🪛|eina|punta plana|tornavís|útil|vis
🔩|cargol i femella|eina|femella|reforma de la llar
🗜️|cargol d’aplacar|cargol d’estrènyer|cargol de banc|compressió|eina|serjant
🦯|accessibilitat|bastó per a invidents|cec|cega|invident
🔗|anella|anelles|baula|cadena|enllaçar
⛓️‍💥|baula|cadena trencada|llibertat|malbé|manilla|trencar
⛓️|cadena|cadenes
🪝|atrapar|corba|ganxo|ham|pescar|punt de venda
🧰|caixa d’eines|caixa vermella|eines|mecànic
🧲|atracció|ferradura|forma d’u|imant|magnètic|positiu negatiu
🪜|escala de mà|esglaó|graó|pujar
🪏|cavar|forat|pala
🧪|ciència|experiment|laboratori|química|tub d’assaig
🧫|bacteri|biòleg|biòloga|biologia|cultiu|laboratori|placa de cultiu|placa de petri
🧬|adn|biòleg|biòloga|evolució|genètica|vida
🔬|augment|ciència|eina|laboratori|microscopi
🔭|augment|ciència|contacte|eina|extraterrestre|instrument|telescopi
📡|antena de satèl·lit|ciència|contacte|extraterrestres|plat|satèl·lit
💉|agulla|doctora|injecció contra la grip|instrument mèdic|malalta|medicina|metge|vacunació|xeringa
🩸|donació de sang|ferida|gota de sang|lesió|medicina|menstruació|sagnar
💊|malalta|medicada|medicaments|medicat|medicina|metge|pastilla|píndola|píndoles|vitamina
🩹|bena adhesiva|tireta
🩼|ajuda a la mobilitat|bastó|crossa|discapacitat|lesió
🩺|cor|doctor|estetoscopi|medicina
🩻|diagnòstic|esquelet|medicina|ossos|radiografia
🚪|armari|porta del darrere|porta principal
🛗|accessibilitat|ascensor|muntacàrregues
🪞|espill|maquillatge|mirall|reflector|reflex
🪟|aire fresc|finestra|marc|obertura|transparent|vista
🛏️|dormir|hotel|llit
🛋️|hotel|làmpada|llum|sofà i làmpada|sofà i llum
🪑|cadira|seient|seure
🚽|bany|inodor|lavabo|tassa|vàter
🪠|desembossador|embós|lampista|lavabo|succió
🚿|aigua|dutxa
🛁|banyera
🪤|atreure|formatge|parany|rata|ratera|ratolí|trampa
🪒|afaitada|afaitar-se|afilada|esmolada|maquineta d’afaitar|navalla d’afaitar
🧴|ampolla de crema|crema hidratant|loció|protecció solar|suavitzant|xampú
🧷|imperdible|punk rock
🧹|bruixa|escombrar|netejar
🧺|bugada|cistella|cultiu|granja|pícnic
🧻|paper de vàter|paper higiènic|rotlle de paper|tovalloleta de paper|tovalloletes de paper
🪣|cubell|galleda
🧼|bany|bombolles|ensabonar-se|higiene|neta|netejar|pastilla|sabó|sabonera
🫧|bombolla|bombolles|flotant|net|perla|sabó|subaquàtic|submarí
🪥|dental|dents|higiene|lavabo|raspall de dents|rentar
🧽|absorbent|absorbir|amarar|esponja|netejar|porosa
🧯|apagar|extingir|extintor|foc
🛒|carretó|compra
🚬|cigarreta|fumar
⚰️|mort|taüt|vampir
🪦|cementiri|làpida|rip|tomba
⚱️|cendres|funeral|incineració|incinerar|mort|urna funerària
🧿|amulet|blau|nazar|pedra del mal d’ull|talismà
🪬|amulet|fortuna|guia|hamsa|mà de fàtima|mà de míriam|palmell|protecció
🗿|cara de pedra|estàtua|moai|viatge
🪧|cartell|manifestació|pancarta|placa|protesta|senyal|targeta
🪪|carnet|credencials|document|identificació|seguretat|targeta d’identificació
🏧|atm|automàtic|banc|caixer|diners|efectiu|signe
🚮|brossa|escombraries|llençar|paperera|senyal|signe
🚰|aigua|aixeta|got|potable|vas
♿|accés|accessible|cadira|discapacitat|rodes|símbol
🚹|homes|lavabo|servei|wc
🚺|dones|lavabo|servei|wc
🚻|lavabos|servei|tocador|wc
🚼|bebè|canviador per a nadons|canviar|nadó|símbol de bebè|símbol de nadó
🚾|bany|lavabo|servei|vàter|wc
🛂|control de passaports|passaport
🛃|duana|equipatge
🛄|arribada|avió|bosses|equipatges|facturat|maleta|recollida d’equipatges|trajecte|viatge|viatjar
🛅|armari|consigna|equipatge|maleta|maletes|servei de consigna
⚠️|advertència|advertiment|alerta|avís|cautela|precaució
🚸|creuant|nens que creuen|trànsit|vianant
⛔|direcció prohibida|entrada|no passeu|prohibició|prohibit entrar|trànsit
🚫|accés|entrada|fumar|no passeu|prohibició|prohibit
🚳|bicicletes prohibides|bicis prohibides|prohibició
🚭|fumar|no|prohibició|prohibit fumar
🚯|brossa|llençar|no|prohibició|prohibit llençar brossa
🚱|aigua no potable|no potable|prohibit
🚷|no|prohibició|prohibit el pas als vianants|vianants
📵|mòbil|no|prohibició|prohibit l’ús de telèfons mòbils|prohibits els telèfons mòbils|telèfons mòbils
🔞|18|divuit|menors d’edat|ningú menor de divuit anys|no|prohibició|prohibit a menors d’edat|prohibit a menors de 18 anys|prohibit a menors de divuit anys|restricció d’edat
⬆️|amunt|cardinal|direcció|fletxa cap amunt|nord|punt cardinal
➡️|cardinal|direcció|dreta|est|fletxa cap a la dreta|punt cardinal
⬇️|avall|cardinal|direcció|fletxa cap avall|punt cardinal|sud
⬅️|cardinal|direcció|esquerra|fletxa cap a l’esquerra|oest|punt cardinal
↩️|dreta|esquerra|fletxa dreta que gira cap a l’esquerra|gir
↪️|dreta|esquerra|fletxa esquerra que gira cap a la dreta|gir
🔃|actualitzar|dreta|fletxa|fletxes que giren cap a la dreta|fletxes verticals en sentit horari|gir|tornar a carregar
🔄|actualitzar|botó de fletxes que giren cap a l’esquerra|de nou|déjà vu|esquerra|fletxa|fletxes en sentit antihorari|gir|rebobinar|sentit antihorari
🔙|back|fletxa amb la paraula back|paraula
🔚|end|fletxa amb la paraula end|paraula
🔛|fletxa amb la paraula on!|on!|paraula
🔜|aviat|de camí|fletxa amb la paraula soon|paraula|soon|torno aviat
🔝|fletxa amb la paraula top|paraula|top
🛐|culte|lloc de culte|oració|religió
⚛️|atea|ateisme|ateu|àtom|símbol d’àtom
🕉️|hindú|hinduisme|om|religió|símbol d’om
☯️|daoisme|daoista|difícil|religió|taoisme|taoista|total|vides|yin i yang|yin-yang
✝️|creu llatina|cristià|cristiana|cristianisme|religió
☪️|creixent lunar i estel|creixent lunar i estrella|islamisme|lluna creixent i estel|lluna creixent i estrella|musulmà|ramadà|religió
☮️|curació|curatiu|curativa|pacífica|pacifisme|pacifista|pau|símbol de la pau
🕎|canelobre de set braços|judaisme|jueu|jueva|menorà|religió|set braços
🔯|estrella de sis puntes amb punt|fortuna|judaisme|jueu|jueva|punt|sis puntes
🪯|fe|khanda|religió|sikhisme
♊|bessons|gèmini|horòscop|zodíac
♋|càncer|cranc|horòscop|zodíac
♌|horòscop|lleó|zodíac
♍|horòscop|verge|virgo|zodíac
♎|balança|bàscula|horòscop|justícia|zodíac
♏|escorpí|escorpió|horòscop|zodíac
⛎|ofiüc|portador|serpentari|zodíac
🔀|aleatòria|botó de reproducció aleatòria|creuada|fletxa|reproducció
🔁|botó de repetició|fletxa|fletxes en sentit horari|repetició|sentit horari
🔂|botó de repetició única|fletxa|fletxes en sentit horari|repetició|sentit horari|una vegada|única
▶️|botó de reproducció|dreta|fletxa cap a la dreta|reproducció|reproduir|triangle
⏩|avançar|botó d’avançar ràpidament|doble|dues fletxes|fletxa|ràpidament
⏭️|botó de pista següent|escena següent|fletxa|pista|següent|triangle
⏯️|botó de pausa o de reproducció|dreta|fletxa|pausa|posar en pausa|reproducció|reproduir|triangle
◀️|botó de retrocedir|esquerra|fletxa cap a l’esquerra|retrocedir
⏪|botó de retrocedir ràpidament|doble|dues fletxes|fletxa|ràpidament|retrocedir
⏮️|anterior|botó d’última pista|botó de pista anterior|escena anterior|fletxa|pista|triangle
🔼|amunt|botó d’anar amunt|botó d’apujar|fletxa|vermell
⏫|amunt|botó d’anar amunt ràpidament|botó d’apujar ràpidament|doble|dues fletxes|fletxa|ràpidament
🔽|abaixar|avall|botó d’anar avall|fletxa|vermell
⏬|avall|botó d’abaixar ràpidament|botó d’anar avall ràpidament|doble|dues fletxes|fletxa|ràpidament
⏸️|botó de pausa|doble|dues barres|pausa|posar en pausa|vertical
⏹️|aturada|aturar|botó d’aturada|quadrat
⏺️|botó d’enregistrar|cercle|enregistrar
⏏️|botó d’expulsar|expulsar
🎦|càmera|cinema|film|pel·lícula
🔅|abaixar|atenuar|botó d’atenuar la brillantor|brillantor
🔆|apujar|augmentar|botó d’augmentar la brillantor|brillantor|clar|llum
📶|barres de cobertura|cobertura|comunicació|mòbil|senyal|telèfon
🛜|banda ampla|connectivitat|internet|ordinador|sense fil|telèfon intel·ligent|wi-fi|xarxa
📳|comunicació|mòbil|mode de vibració|telèfon|vibració
📴|apagat|desactivat|desconnectat|mòbil|telèfon
⚧️|símbol transgènere|transgènere
🟰|és igual a|igualtat|matemàtiques|resposta|signe d’igual gruixut
♾️|il·limitat|infinit|per sempre|universal
‼️|!!|doble exclamació|exclamació|puntuació|signe d’exclamació doble
💱|banc|canvi de divisa|diners|divisa|moneda
💲|bilió|càrrec|cobrar|diners|divisa|dòlar|efectiu|gran|mil milions|miliard|milió|moneda|pagar|signe de dòlar gran
♻️|reciclar|reciclatge|símbol de reciclatge
⚜️|cavallers|flor de lis|lis
🔱|àncora|eina|emblema|marca de trident|posidó|trident|vaixell
📛|etiqueta identificadora|identificació|nom
🔰|eina|full|galó|groc|japonès|principiant|símbol japonès de principiant|verd
⭕|cercle buit vermell|cercle gran gruixut|gran|o|vermell
❌|×|cancel·lar|creu|marca de creu|multiplicació|multiplicar|x
❎|×|botó de creu|marca|multiplicació|multiplicar|quadrat|x
➰|bucle|llaç arrissat
➿|bucle|doble|enrotllat|llaç
〽️|alternança|marca d’alternança de la part|part|signe d’alternança
🫟|esquitx|holi|pintura|taca|vessament
🔠|abcd|botó de lletres llatines en majúscules|llatines|lletres|majúscules
🔡|abcd|botó de lletres llatines en minúscules|entrada|llatines|lletres|minúscules
🔢|1234|botó de números|dígits|entrada|números per introduir|xifres
🔣|〒♪&%|botó de símbols|entrada|símbols per introduir
🔤|abc|alfabet|botó de lletres llatines|entrada|lletres llatines
🅰️|a|botó a (grup sanguini)|grup sanguini
🆎|ab|botó ab (grup sanguini)|grup sanguini
🅱️|botó b (grup sanguini)|grup sanguini
🆑|botó cl|botó esborrar|cl|esborrar|quadre
🆒|botó cool|cool|paraula|quadre
🆓|botó free|free|paraula|quadre
🆔|botó id|identificació|identitat|símbol d’identificació
Ⓜ️|cercle|lletra m en cercle|m encerclada
🆕|botó new|new|nou|paraula|quadre
🆖|botó ng|ng|paraula|quadre
🅾️|botó o (grup sanguini)|grup sanguini|o
🆗|botó ok|d’acord|ok|paraula
🅿️|aparcament|botó p|lletra p|pàrquing
🆘|ajuda|auxili|botó sos|emergència|socors|sos
🆙|botó amb la paraula up!|paraula|up!
🆚|botó vs|contra|versus|vs.
🈁|botó "aquí" en japonès|botó japonès "aquí"|japonès|katakana|koko|quadre
🈂️|botó "càrrec per servei" en japonès|botó japonès "càrrec per servei"|japonès|katakana|quadre|sa
🈷️|"quantitat mensual"|botó "import mensual" en japonès|botó japonès "import mensual"|ideograma|japonès|kanji
🈶|"de pagament"|botó japonès "de pagament"|ideograma|japonès|kanji
🈯|"reservat"|botó "reservat" en japonès|botó japonès "reservat"|ideograma|japonès|kanji
🉐|"ganga"|botó "ganga" en japonès|botó japonès "ganga"|ideograma|japonès|kanji
🈹|botó japonès "descompte"|ideograma|japonès|kanji|quadre
🈚|"gratis"|botó "gratis" en japonès|botó japonès "gratis"|ideograma|japonès|kanji
🈲|botó "prohibit" en japonès|botó japonès "prohibit"|ideograma|japonès|kanji|prohibició|prohibit
🉑|acceptable|botó "acceptable en japonès"|botó japonès "acceptable"|ideograma|japonès|kanji
🈸|aplicar|botó japonès "aplicació"|ideograma|japonès|kanji
🈴|"qualificació d’aprovat"|botó "qualificació d’aprovat" en japonès|botó japonès "qualificació d’aprovat"|ideograma|japonès|kanji
🈳|botó "plaça lliure" en japonès|botó japonès "plaça lliure"|buit|ideograma|japonès|kanji|plaça lliure
🈺|botó "negoci obert" en japonès|botó japonès "negoci obert"|ideograma|japonès|kanji|obert
🈵|botó "cap plaça lliure" en japonès|botó japonès "cap plaça lliure"|cap plaça lliure|ideograma|japonès|kanji|ple
🔴|cercle|circumferència vermella|geometria|vermell
🟠|cercle|circumferència|geometria|taronja
🟡|cercle|circumferència groga|geometria|groc
🟢|cercle|circumferència verda|geometria|verd
🔵|blau|cercle|circumferència blava|geometria
🟣|cercle|circumferència morada|geometria|morat
🟤|cercle|circumferència|geometria|marró
⚫|cercle|circumferència negra|geometria|negre
⚪|blanc|cercle|circumferència blanca|geometria
🟥|quadrat|roig|targeta vermella|vermell
🟧|quadrat|taronja
🟨|groc|quadrat|targeta groga
🟩|quadrat|verd
🟦|blau|quadrat
🟪|lila|morat|quadrat|violeta
🟫|marró|quadrat
⬛|geometria|gran|negre|quadrat
⬜|blanc|geometria|gran|quadrat
◼️|geometria|mitjà|negre|quadrat
◻️|blanc|geometria|mitjà|quadrat
◾|geometria|negre|petit-mitjà|quadrat
◽|blanc|geometria|petit-mitjà|quadrat
▪️|geometria|negre|petit|quadrat
▫️|blanc|geometria|petit|quadrat
🔶|geometria|gran|rombe|taronja
🔷|blau|geometria|gran|rombe
🔸|geometria|petit|rombe|taronja
🔹|blau|geometria|petit|rombe
🔺|amunt|geometria|triangle vermell cap amunt|vermell cap amunt
🔻|avall|geometria|triangle vermell cap avall|vermell
💠|flor|geometria|interior|pètals|rombe amb punt
🔘|botó d’opció|geometria|opció
🔳|blanc|botó de quadrat blanc|geometria|perfilat|quadrat
🔲|botó de quadrat negre|geometria|negre|quadrat
🏁|automobilisme|bandera de quadres|banderes|cursa|curses de cotxes|de quadres|esport|joc|meta|motor|nascar|victòria
🚩|bandera triangular|banderí|construcció|golf|pal
🎌|banderes creuades|celebració|japó|japoneses
🏴|bandera negra|oneig|onejant
🏳️|bandera blanca|oneig
🏳️‍🌈|arc de sant martí|bandera de l’arc de sant martí|bisexual|gai|gènere no binari|lesbiana|lgbtqia|orgull|queer|transgènere
🏳️‍⚧️|bandera|blanc|blau cel|rosa|transgènere
🏴‍☠️|bandera pirata|botí|jolly roger|pirata|tresor
🇦🇩|andorra
🇦🇪|emirats àrabs units
🇦🇫|afganistan
🇦🇬|antigua i barbuda
🇦🇮|anguilla
🇦🇱|albània
🇦🇲|armènia
🇦🇴|angola
🇦🇶|antàrtida
🇦🇷|argentina
🇦🇸|samoa americana
🇦🇹|àustria
🇦🇺|austràlia
🇦🇼|aruba
🇦🇽|illes åland
🇦🇿|azerbaidjan
🇧🇦|bòsnia i hercegovina
🇧🇧|barbados
🇧🇩|bangladesh
🇧🇪|bèlgica
🇧🇫|burkina faso
🇧🇬|bulgària
🇧🇭|bahrain
🇧🇮|burundi
🇧🇯|benín
🇧🇱|saint-barthélemy
🇧🇲|bermudes
🇧🇳|brunei
🇧🇴|bolívia
🇧🇶|carib neerlandès
🇧🇷|brasil
🇧🇸|bahames
🇧🇹|bhutan
🇧🇼|botswana
🇧🇾|belarús
🇧🇿|belize
🇨🇦|canadà
🇨🇨|illes cocos (keeling)
🇨🇩|congo - kinshasa
🇨🇫|república centreafricana
🇨🇬|congo - brazzaville
🇨🇭|suïssa
🇨🇮|côte d’ivoire
🇨🇰|illes cook
🇨🇱|xile
🇨🇲|camerun
🇨🇳|xina
🇨🇴|colòmbia
🇨🇶|sark
🇨🇷|costa rica
🇨🇺|cuba
🇨🇻|cap verd
🇨🇼|curaçao
🇨🇽|illa christmas
🇨🇾|xipre
🇨🇿|txèquia
🇩🇪|alemanya
🇩🇯|djibouti
🇩🇰|dinamarca
🇩🇲|dominica
🇩🇴|república dominicana
🇩🇿|algèria
🇪🇨|equador
🇪🇪|estònia
🇪🇬|egipte
🇪🇭|sàhara occidental
🇪🇷|eritrea
🇪🇸|espanya
🇪🇹|etiòpia
🇪🇺|unió europea
🇫🇮|finlàndia
🇫🇯|fiji
🇫🇰|illes falkland
🇫🇲|micronèsia
🇫🇴|illes fèroe
🇫🇷|frança
🇬🇦|gabon
🇬🇧|regne unit
🇬🇩|grenada
🇬🇪|geòrgia
🇬🇫|guaiana francesa
🇬🇬|guernsey
🇬🇭|ghana
🇬🇮|gibraltar
🇬🇱|groenlàndia
🇬🇲|gàmbia
🇬🇳|guinea
🇬🇵|guadalupe
🇬🇶|guinea equatorial
🇬🇷|grècia
🇬🇸|illes geòrgia del sud i sandwich del sud
🇬🇹|guatemala
🇬🇺|guam
🇬🇼|guinea bissau
🇬🇾|guyana
🇭🇰|hong kong (rae xina)
🇭🇳|hondures
🇭🇷|croàcia
🇭🇹|haití
🇭🇺|hongria
🇮🇨|illes canàries
🇮🇩|indonèsia
🇮🇪|irlanda
🇮🇱|israel
🇮🇲|illa de man
🇮🇳|índia
🇮🇴|territori britànic de l’oceà índic
🇮🇶|iraq
🇮🇷|iran
🇮🇸|islàndia
🇮🇹|itàlia
🇯🇪|jersey
🇯🇲|jamaica
🇯🇴|jordània
🇯🇵|japó
🇰🇪|kenya
🇰🇬|kirguizstan
🇰🇭|cambodja
🇰🇮|kiribati
🇰🇲|comores
🇰🇳|saint kitts i nevis
🇰🇵|corea del nord
🇰🇷|corea del sud
🇰🇼|kuwait
🇰🇾|illes caiman
🇰🇿|kazakhstan
🇱🇦|lao
🇱🇧|líban
🇱🇨|saint lucia
🇱🇮|liechtenstein
🇱🇰|sri lanka
🇱🇷|libèria
🇱🇸|lesotho
🇱🇹|lituània
🇱🇺|luxemburg
🇱🇻|letònia
🇱🇾|líbia
🇲🇦|marroc
🇲🇨|mònaco
🇲🇩|moldàvia
🇲🇪|montenegro
🇲🇬|madagascar
🇲🇭|illes marshall
🇲🇰|macedònia del nord
🇲🇱|mali
🇲🇲|myanmar (birmània)
🇲🇳|mongòlia
🇲🇴|macau (rae xina)
🇲🇵|illes marianes del nord
🇲🇶|martinica
🇲🇷|mauritània
🇲🇸|montserrat
🇲🇹|malta
🇲🇺|maurici
🇲🇻|maldives
🇲🇼|malawi
🇲🇽|mèxic
🇲🇾|malàisia
🇲🇿|moçambic
🇳🇦|namíbia
🇳🇨|nova caledònia
🇳🇪|níger
🇳🇫|illa norfolk
🇳🇬|nigèria
🇳🇮|nicaragua
🇳🇱|països baixos
🇳🇴|noruega
🇳🇵|nepal
🇳🇷|nauru
🇳🇺|niue
🇳🇿|nova zelanda
🇴🇲|oman
🇵🇦|panamà
🇵🇪|perú
🇵🇫|polinèsia francesa
🇵🇬|papua nova guinea
🇵🇭|filipines
🇵🇰|pakistan
🇵🇱|polònia
🇵🇲|saint-pierre-et-miquelon
🇵🇳|illes pitcairn
🇵🇷|puerto rico
🇵🇸|territoris palestins
🇵🇹|portugal
🇵🇼|palau
🇵🇾|paraguai
🇶🇦|qatar
🇷🇪|illa de la reunió
🇷🇴|romania
🇷🇸|sèrbia
🇷🇺|rússia
🇷🇼|ruanda
🇸🇦|aràbia saudí
🇸🇧|illes salomó
🇸🇨|seychelles
🇸🇩|sudan
🇸🇪|suècia
🇸🇬|singapur
🇸🇭|santa helena
🇸🇮|eslovènia
🇸🇰|eslovàquia
🇸🇱|sierra leone
🇸🇲|san marino
🇸🇳|senegal
🇸🇴|somàlia
🇸🇷|surinam
🇸🇸|sudan del sud
🇸🇹|são tomé i príncipe
🇸🇻|el salvador
🇸🇽|sint maarten
🇸🇾|síria
🇸🇿|eswatini
🇹🇨|illes turks i caicos
🇹🇩|txad
🇹🇫|terres australs antàrtiques franceses
🇹🇬|togo
🇹🇭|tailàndia
🇹🇯|tadjikistan
🇹🇰|tokelau
🇹🇱|timor-leste
🇹🇲|turkmenistan
🇹🇳|tunísia
🇹🇴|tonga
🇹🇷|turquia
🇹🇹|trinidad i tobago
🇹🇻|tuvalu
🇹🇼|taiwan
🇹🇿|tanzània
🇺🇦|ucraïna
🇺🇬|uganda
🇺🇸|estats units
🇺🇾|uruguai
🇺🇿|uzbekistan
🇻🇦|ciutat del vaticà
🇻🇨|saint vincent i les grenadines
🇻🇪|veneçuela
🇻🇬|illes verges britàniques
🇻🇮|illes verges dels estats units
🇻🇳|vietnam
🇻🇺|vanuatu
🇼🇫|wallis i futuna
🇼🇸|samoa
🇽🇰|kosovo
🇾🇪|iemen
🇾🇹|mayotte
🇿🇦|sud-àfrica
🇿🇲|zàmbia
🇿🇼|zimbàbue
🏴󠁧󠁢󠁥󠁮󠁧󠁿|anglaterra
🏴󠁧󠁢󠁳󠁣󠁴󠁿|escòcia
🏴󠁧󠁢󠁷󠁬󠁳󠁿|gal·les