👋|👋🏻|👋🏼|👋🏽|👋🏾|👋🏿
🤚|🤚🏻|🤚🏼|🤚🏽|🤚🏾|🤚🏿
🖐️|🖐🏻|🖐🏼|🖐🏽|🖐🏾|🖐🏿
✋|✋🏻|✋🏼|✋🏽|✋🏾|✋🏿
🖖|🖖🏻|🖖🏼|🖖🏽|🖖🏾|🖖🏿
🫱|🫱🏻|🫱🏼|🫱🏽|🫱🏾|🫱🏿
🫲|🫲🏻|🫲🏼|🫲🏽|🫲🏾|🫲🏿
🫳|🫳🏻|🫳🏼|🫳🏽|🫳🏾|🫳🏿
🫴|🫴🏻|🫴🏼|🫴🏽|🫴🏾|🫴🏿
🫷|🫷🏻|🫷🏼|🫷🏽|🫷🏾|🫷🏿
🫸|🫸🏻|🫸🏼|🫸🏽|🫸🏾|🫸🏿
👌|👌🏻|👌🏼|👌🏽|👌🏾|👌🏿
🤌|🤌🏻|🤌🏼|🤌🏽|🤌🏾|🤌🏿
🤏|🤏🏻|🤏🏼|🤏🏽|🤏🏾|🤏🏿
✌️|✌🏻|✌🏼|✌🏽|✌🏾|✌🏿
🤞|🤞🏻|🤞🏼|🤞🏽|🤞🏾|🤞🏿
🫰|🫰🏻|🫰🏼|🫰🏽|🫰🏾|🫰🏿
🤟|🤟🏻|🤟🏼|🤟🏽|🤟🏾|🤟🏿
🤘|🤘🏻|🤘🏼|🤘🏽|🤘🏾|🤘🏿
🤙|🤙🏻|🤙🏼|🤙🏽|🤙🏾|🤙🏿
👈|👈🏻|👈🏼|👈🏽|👈🏾|👈🏿
👉|👉🏻|👉🏼|👉🏽|👉🏾|👉🏿
👆|👆🏻|👆🏼|👆🏽|👆🏾|👆🏿
🖕|🖕🏻|🖕🏼|🖕🏽|🖕🏾|🖕🏿
👇|👇🏻|👇🏼|👇🏽|👇🏾|👇🏿
☝️|☝🏻|☝🏼|☝🏽|☝🏾|☝🏿
🫵|🫵🏻|🫵🏼|🫵🏽|🫵🏾|🫵🏿
👍|👍🏻|👍🏼|👍🏽|👍🏾|👍🏿
👎|👎🏻|👎🏼|👎🏽|👎🏾|👎🏿
✊|✊🏻|✊🏼|✊🏽|✊🏾|✊🏿
👊|👊🏻|👊🏼|👊🏽|👊🏾|👊🏿
🤛|🤛🏻|🤛🏼|🤛🏽|🤛🏾|🤛🏿
🤜|🤜🏻|🤜🏼|🤜🏽|🤜🏾|🤜🏿
👏|👏🏻|👏🏼|👏🏽|👏🏾|👏🏿
🙌|🙌🏻|🙌🏼|🙌🏽|🙌🏾|🙌🏿
🫶|🫶🏻|🫶🏼|🫶🏽|🫶🏾|🫶🏿
👐|👐🏻|👐🏼|👐🏽|👐🏾|👐🏿
🤲|🤲🏻|🤲🏼|🤲🏽|🤲🏾|🤲🏿
🤝|🤝🏻|🤝🏼|🤝🏽|🤝🏾|🤝🏿
🙏|🙏🏻|🙏🏼|🙏🏽|🙏🏾|🙏🏿
✍️|✍🏻|✍🏼|✍🏽|✍🏾|✍🏿
💅|💅🏻|💅🏼|💅🏽|💅🏾|💅🏿
🤳|🤳🏻|🤳🏼|🤳🏽|🤳🏾|🤳🏿
💪|💪🏻|💪🏼|💪🏽|💪🏾|💪🏿
🦵|🦵🏻|🦵🏼|🦵🏽|🦵🏾|🦵🏿
🦶|🦶🏻|🦶🏼|🦶🏽|🦶🏾|🦶🏿
👂|👂🏻|👂🏼|👂🏽|👂🏾|👂🏿
🦻|🦻🏻|🦻🏼|🦻🏽|🦻🏾|🦻🏿
👃|👃🏻|👃🏼|👃🏽|👃🏾|👃🏿
👶|👶🏻|👶🏼|👶🏽|👶🏾|👶🏿
🧒|🧒🏻|🧒🏼|🧒🏽|🧒🏾|🧒🏿
👦|👦🏻|👦🏼|👦🏽|👦🏾|👦🏿
👧|👧🏻|👧🏼|👧🏽|👧🏾|👧🏿
🧑|🧑🏻|🧑🏼|🧑🏽|🧑🏾|🧑🏿
👱|👱🏻|👱🏼|👱🏽|👱🏾|👱🏿
👨|👨🏻|👨🏼|👨🏽|👨🏾|👨🏿
🧔|🧔🏻|🧔🏼|🧔🏽|🧔🏾|🧔🏿
🧔‍♂️|🧔🏻‍♂️|🧔🏼‍♂️|🧔🏽‍♂️|🧔🏾‍♂️|🧔🏿‍♂️
🧔‍♀️|🧔🏻‍♀️|🧔🏼‍♀️|🧔🏽‍♀️|🧔🏾‍♀️|🧔🏿‍♀️
👨‍🦰|👨🏻‍🦰|👨🏼‍🦰|👨🏽‍🦰|👨🏾‍🦰|👨🏿‍🦰
👨‍🦱|👨🏻‍🦱|👨🏼‍🦱|👨🏽‍🦱|👨🏾‍🦱|👨🏿‍🦱
👨‍🦳|👨🏻‍🦳|👨🏼‍🦳|👨🏽‍🦳|👨🏾‍🦳|👨🏿‍🦳
👨‍🦲|👨🏻‍🦲|👨🏼‍🦲|👨🏽‍🦲|👨🏾‍🦲|👨🏿‍🦲
👩|👩🏻|👩🏼|👩🏽|👩🏾|👩🏿
👩‍🦰|👩🏻‍🦰|👩🏼‍🦰|👩🏽‍🦰|👩🏾‍🦰|👩🏿‍🦰
🧑‍🦰|🧑🏻‍🦰|🧑🏼‍🦰|🧑🏽‍🦰|🧑🏾‍🦰|🧑🏿‍🦰
👩‍🦱|👩🏻‍🦱|👩🏼‍🦱|👩🏽‍🦱|👩🏾‍🦱|👩🏿‍🦱
🧑‍🦱|🧑🏻‍🦱|🧑🏼‍🦱|🧑🏽‍🦱|🧑🏾‍🦱|🧑🏿‍🦱
👩‍🦳|👩🏻‍🦳|👩🏼‍🦳|👩🏽‍🦳|👩🏾‍🦳|👩🏿‍🦳
🧑‍🦳|🧑🏻‍🦳|🧑🏼‍🦳|🧑🏽‍🦳|🧑🏾‍🦳|🧑🏿‍🦳
👩‍🦲|👩🏻‍🦲|👩🏼‍🦲|👩🏽‍🦲|👩🏾‍🦲|👩🏿‍🦲
🧑‍🦲|🧑🏻‍🦲|🧑🏼‍🦲|🧑🏽‍🦲|🧑🏾‍🦲|🧑🏿‍🦲
👱‍♀️|👱🏻‍♀️|👱🏼‍♀️|👱🏽‍♀️|👱🏾‍♀️|👱🏿‍♀️
👱‍♂️|👱🏻‍♂️|👱🏼‍♂️|👱🏽‍♂️|👱🏾‍♂️|👱🏿‍♂️
🧓|🧓🏻|🧓🏼|🧓🏽|🧓🏾|🧓🏿
👴|👴🏻|👴🏼|👴🏽|👴🏾|👴🏿
👵|👵🏻|👵🏼|👵🏽|👵🏾|👵🏿
🙍|🙍🏻|🙍🏼|🙍🏽|🙍🏾|🙍🏿
🙍‍♂️|🙍🏻‍♂️|🙍🏼‍♂️|🙍🏽‍♂️|🙍🏾‍♂️|🙍🏿‍♂️
🙍‍♀️|🙍🏻‍♀️|🙍🏼‍♀️|🙍🏽‍♀️|🙍🏾‍♀️|🙍🏿‍♀️
🙎|🙎🏻|🙎🏼|🙎🏽|🙎🏾|🙎🏿
🙎‍♂️|🙎🏻‍♂️|🙎🏼‍♂️|🙎🏽‍♂️|🙎🏾‍♂️|🙎🏿‍♂️
🙎‍♀️|🙎🏻‍♀️|🙎🏼‍♀️|🙎🏽‍♀️|🙎🏾‍♀️|🙎🏿‍♀️
🙅|🙅🏻|🙅🏼|🙅🏽|🙅🏾|🙅🏿
🙅‍♂️|🙅🏻‍♂️|🙅🏼‍♂️|🙅🏽‍♂️|🙅🏾‍♂️|🙅🏿‍♂️
🙅‍♀️|🙅🏻‍♀️|🙅🏼‍♀️|🙅🏽‍♀️|🙅🏾‍♀️|🙅🏿‍♀️
🙆|🙆🏻|🙆🏼|🙆🏽|🙆🏾|🙆🏿
🙆‍♂️|🙆🏻‍♂️|🙆🏼‍♂️|🙆🏽‍♂️|🙆🏾‍♂️|🙆🏿‍♂️
🙆‍♀️|🙆🏻‍♀️|🙆🏼‍♀️|🙆🏽‍♀️|🙆🏾‍♀️|🙆🏿‍♀️
💁|💁🏻|💁🏼|💁🏽|💁🏾|💁🏿
💁‍♂️|💁🏻‍♂️|💁🏼‍♂️|💁🏽‍♂️|💁🏾‍♂️|💁🏿‍♂️
💁‍♀️|💁🏻‍♀️|💁🏼‍♀️|💁🏽‍♀️|💁🏾‍♀️|💁🏿‍♀️
🙋|🙋🏻|🙋🏼|🙋🏽|🙋🏾|🙋🏿
🙋‍♂️|🙋🏻‍♂️|🙋🏼‍♂️|🙋🏽‍♂️|🙋🏾‍♂️|🙋🏿‍♂️
🙋‍♀️|🙋🏻‍♀️|🙋🏼‍♀️|🙋🏽‍♀️|🙋🏾‍♀️|🙋🏿‍♀️
🧏|🧏🏻|🧏🏼|🧏🏽|🧏🏾|🧏🏿
🧏‍♂️|🧏🏻‍♂️|🧏🏼‍♂️|🧏🏽‍♂️|🧏🏾‍♂️|🧏🏿‍♂️
🧏‍♀️|🧏🏻‍♀️|🧏🏼‍♀️|🧏🏽‍♀️|🧏🏾‍♀️|🧏🏿‍♀️
🙇|🙇🏻|🙇🏼|🙇🏽|🙇🏾|🙇🏿
🙇‍♂️|🙇🏻‍♂️|🙇🏼‍♂️|🙇🏽‍♂️|🙇🏾‍♂️|🙇🏿‍♂️
🙇‍♀️|🙇🏻‍♀️|🙇🏼‍♀️|🙇🏽‍♀️|🙇🏾‍♀️|🙇🏿‍♀️
🤦|🤦🏻|🤦🏼|🤦🏽|🤦🏾|🤦🏿
🤦‍♂️|🤦🏻‍♂️|🤦🏼‍♂️|🤦🏽‍♂️|🤦🏾‍♂️|🤦🏿‍♂️
🤦‍♀️|🤦🏻‍♀️|🤦🏼‍♀️|🤦🏽‍♀️|🤦🏾‍♀️|🤦🏿‍♀️
🤷|🤷🏻|🤷🏼|🤷🏽|🤷🏾|🤷🏿
🤷‍♂️|🤷🏻‍♂️|🤷🏼‍♂️|🤷🏽‍♂️|🤷🏾‍♂️|🤷🏿‍♂️
🤷‍♀️|🤷🏻‍♀️|🤷🏼‍♀️|🤷🏽‍♀️|🤷🏾‍♀️|🤷🏿‍♀️
🧑‍⚕️|🧑🏻‍⚕️|🧑🏼‍⚕️|🧑🏽‍⚕️|🧑🏾‍⚕️|🧑🏿‍⚕️
👨‍⚕️|👨🏻‍⚕️|👨🏼‍⚕️|👨🏽‍⚕️|👨🏾‍⚕️|👨🏿‍⚕️
👩‍⚕️|👩🏻‍⚕️|👩🏼‍⚕️|👩🏽‍⚕️|👩🏾‍⚕️|👩🏿‍⚕️
🧑‍🎓|🧑🏻‍🎓|🧑🏼‍🎓|🧑🏽‍🎓|🧑🏾‍🎓|🧑🏿‍🎓
👨‍🎓|👨🏻‍🎓|👨🏼‍🎓|👨🏽‍🎓|👨🏾‍🎓|👨🏿‍🎓
👩‍🎓|👩🏻‍🎓|👩🏼‍🎓|👩🏽‍🎓|👩🏾‍🎓|👩🏿‍🎓
🧑‍🏫|🧑🏻‍🏫|🧑🏼‍🏫|🧑🏽‍🏫|🧑🏾‍🏫|🧑🏿‍🏫
👨‍🏫|👨🏻‍🏫|👨🏼‍🏫|👨🏽‍🏫|👨🏾‍🏫|👨🏿‍🏫
👩‍🏫|👩🏻‍🏫|👩🏼‍🏫|👩🏽‍🏫|👩🏾‍🏫|👩🏿‍🏫
🧑‍⚖️|🧑🏻‍⚖️|🧑🏼‍⚖️|🧑🏽‍⚖️|🧑🏾‍⚖️|🧑🏿‍⚖️
👨‍⚖️|👨🏻‍⚖️|👨🏼‍⚖️|👨🏽‍⚖️|👨🏾‍⚖️|👨🏿‍⚖️
👩‍⚖️|👩🏻‍⚖️|👩🏼‍⚖️|👩🏽‍⚖️|👩🏾‍⚖️|👩🏿‍⚖️
🧑‍🌾|🧑🏻‍🌾|🧑🏼‍🌾|🧑🏽‍🌾|🧑🏾‍🌾|🧑🏿‍🌾
👨‍🌾|👨🏻‍🌾|👨🏼‍🌾|👨🏽‍🌾|👨🏾‍🌾|👨🏿‍🌾
👩‍🌾|👩🏻‍🌾|👩🏼‍🌾|👩🏽‍🌾|👩🏾‍🌾|👩🏿‍🌾
🧑‍🍳|🧑🏻‍🍳|🧑🏼‍🍳|🧑🏽‍🍳|🧑🏾‍🍳|🧑🏿‍🍳
👨‍🍳|👨🏻‍🍳|👨🏼‍🍳|👨🏽‍🍳|👨🏾‍🍳|👨🏿‍🍳
👩‍🍳|👩🏻‍🍳|👩🏼‍🍳|👩🏽‍🍳|👩🏾‍🍳|👩🏿‍🍳
🧑‍🔧|🧑🏻‍🔧|🧑🏼‍🔧|🧑🏽‍🔧|🧑🏾‍🔧|🧑🏿‍🔧
👨‍🔧|👨🏻‍🔧|👨🏼‍🔧|👨🏽‍🔧|👨🏾‍🔧|👨🏿‍🔧
👩‍🔧|👩🏻‍🔧|👩🏼‍🔧|👩🏽‍🔧|👩🏾‍🔧|👩🏿‍🔧
🧑‍🏭|🧑🏻‍🏭|🧑🏼‍🏭|🧑🏽‍🏭|🧑🏾‍🏭|🧑🏿‍🏭
👨‍🏭|👨🏻‍🏭|👨🏼‍🏭|👨🏽‍🏭|👨🏾‍🏭|👨🏿‍🏭
👩‍🏭|👩🏻‍🏭|👩🏼‍🏭|👩🏽‍🏭|👩🏾‍🏭|👩🏿‍🏭
🧑‍💼|🧑🏻‍💼|🧑🏼‍💼|🧑🏽‍💼|🧑🏾‍💼|🧑🏿‍💼
👨‍💼|👨🏻‍💼|👨🏼‍💼|👨🏽‍💼|👨🏾‍💼|👨🏿‍💼
👩‍💼|👩🏻‍💼|👩🏼‍💼|👩🏽‍💼|👩🏾‍💼|👩🏿‍💼
🧑‍🔬|🧑🏻‍🔬|🧑🏼‍🔬|🧑🏽‍🔬|🧑🏾‍🔬|🧑🏿‍🔬
👨‍🔬|👨🏻‍🔬|👨🏼‍🔬|👨🏽‍🔬|👨🏾‍🔬|👨🏿‍🔬
👩‍🔬|👩🏻‍🔬|👩🏼‍🔬|👩🏽‍🔬|👩🏾‍🔬|👩🏿‍🔬
🧑‍💻|🧑🏻‍💻|🧑🏼‍💻|🧑🏽‍💻|🧑🏾‍💻|🧑🏿‍💻
👨‍💻|👨🏻‍💻|👨🏼‍💻|👨🏽‍💻|👨🏾‍💻|👨🏿‍💻
👩‍💻|👩🏻‍💻|👩🏼‍💻|👩🏽‍💻|👩🏾‍💻|👩🏿‍💻
🧑‍🎤|🧑🏻‍🎤|🧑🏼‍🎤|🧑🏽‍🎤|🧑🏾‍🎤|🧑🏿‍🎤
👨‍🎤|👨🏻‍🎤|👨🏼‍🎤|👨🏽‍🎤|👨🏾‍🎤|👨🏿‍🎤
👩‍🎤|👩🏻‍🎤|👩🏼‍🎤|👩🏽‍🎤|👩🏾‍🎤|👩🏿‍🎤
🧑‍🎨|🧑🏻‍🎨|🧑🏼‍🎨|🧑🏽‍🎨|🧑🏾‍🎨|🧑🏿‍🎨
👨‍🎨|👨🏻‍🎨|👨🏼‍🎨|👨🏽‍🎨|👨🏾‍🎨|👨🏿‍🎨
👩‍🎨|👩🏻‍🎨|👩🏼‍🎨|👩🏽‍🎨|👩🏾‍🎨|👩🏿‍🎨
🧑‍✈️|🧑🏻‍✈️|🧑🏼‍✈️|🧑🏽‍✈️|🧑🏾‍✈️|🧑🏿‍✈️
👨‍✈️|👨🏻‍✈️|👨🏼‍✈️|👨🏽‍✈️|👨🏾‍✈️|👨🏿‍✈️
👩‍✈️|👩🏻‍✈️|👩🏼‍✈️|👩🏽‍✈️|👩🏾‍✈️|👩🏿‍✈️
🧑‍🚀|🧑🏻‍🚀|🧑🏼‍🚀|🧑🏽‍🚀|🧑🏾‍🚀|🧑🏿‍🚀
👨‍🚀|👨🏻‍🚀|👨🏼‍🚀|👨🏽‍🚀|👨🏾‍🚀|👨🏿‍🚀
👩‍🚀|👩🏻‍🚀|👩🏼‍🚀|👩🏽‍🚀|👩🏾‍🚀|👩🏿‍🚀
🧑‍🚒|🧑🏻‍🚒|🧑🏼‍🚒|🧑🏽‍🚒|🧑🏾‍🚒|🧑🏿‍🚒
👨‍🚒|👨🏻‍🚒|👨🏼‍🚒|👨🏽‍🚒|👨🏾‍🚒|👨🏿‍🚒
👩‍🚒|👩🏻‍🚒|👩🏼‍🚒|👩🏽‍🚒|👩🏾‍🚒|👩🏿‍🚒
👮|👮🏻|👮🏼|👮🏽|👮🏾|👮🏿
👮‍♂️|👮🏻‍♂️|👮🏼‍♂️|👮🏽‍♂️|👮🏾‍♂️|👮🏿‍♂️
👮‍♀️|👮🏻‍♀️|👮🏼‍♀️|👮🏽‍♀️|👮🏾‍♀️|👮🏿‍♀️
🕵️|🕵🏻|🕵🏼|🕵🏽|🕵🏾|🕵🏿
🕵️‍♂️|🕵🏻‍♂️|🕵🏼‍♂️|🕵🏽‍♂️|🕵🏾‍♂️|🕵🏿‍♂️
🕵️‍♀️|🕵🏻‍♀️|🕵🏼‍♀️|🕵🏽‍♀️|🕵🏾‍♀️|🕵🏿‍♀️
💂|💂🏻|💂🏼|💂🏽|💂🏾|💂🏿
💂‍♂️|💂🏻‍♂️|💂🏼‍♂️|💂🏽‍♂️|💂🏾‍♂️|💂🏿‍♂️
💂‍♀️|💂🏻‍♀️|💂🏼‍♀️|💂🏽‍♀️|💂🏾‍♀️|💂🏿‍♀️
🥷|🥷🏻|🥷🏼|🥷🏽|🥷🏾|🥷🏿
👷|👷🏻|👷🏼|👷🏽|👷🏾|👷🏿
👷‍♂️|👷🏻‍♂️|👷🏼‍♂️|👷🏽‍♂️|👷🏾‍♂️|👷🏿‍♂️
👷‍♀️|👷🏻‍♀️|👷🏼‍♀️|👷🏽‍♀️|👷🏾‍♀️|👷🏿‍♀️
🫅|🫅🏻|🫅🏼|🫅🏽|🫅🏾|🫅🏿
🤴|🤴🏻|🤴🏼|🤴🏽|🤴🏾|🤴🏿
👸|👸🏻|👸🏼|👸🏽|👸🏾|👸🏿
👳|👳🏻|👳🏼|👳🏽|👳🏾|👳🏿
👳‍♂️|👳🏻‍♂️|👳🏼‍♂️|👳🏽‍♂️|👳🏾‍♂️|👳🏿‍♂️
👳‍♀️|👳🏻‍♀️|👳🏼‍♀️|👳🏽‍♀️|👳🏾‍♀️|👳🏿‍♀️
👲|👲🏻|👲🏼|👲🏽|👲🏾|👲🏿
🧕|🧕🏻|🧕🏼|🧕🏽|🧕🏾|🧕🏿
🤵|🤵🏻|🤵🏼|🤵🏽|🤵🏾|🤵🏿
🤵‍♂️|🤵🏻‍♂️|🤵🏼‍♂️|🤵🏽‍♂️|🤵🏾‍♂️|🤵🏿‍♂️
🤵‍♀️|🤵🏻‍♀️|🤵🏼‍♀️|🤵🏽‍♀️|🤵🏾‍♀️|🤵🏿‍♀️
👰|👰🏻|👰🏼|👰🏽|👰🏾|👰🏿
👰‍♂️|👰🏻‍♂️|👰🏼‍♂️|👰🏽‍♂️|👰🏾‍♂️|👰🏿‍♂️
👰‍♀️|👰🏻‍♀️|👰🏼‍♀️|👰🏽‍♀️|👰🏾‍♀️|👰🏿‍♀️
🤰|🤰🏻|🤰🏼|🤰🏽|🤰🏾|🤰🏿
🫃|🫃🏻|🫃🏼|🫃🏽|🫃🏾|🫃🏿
🫄|🫄🏻|🫄🏼|🫄🏽|🫄🏾|🫄🏿
🤱|🤱🏻|🤱🏼|🤱🏽|🤱🏾|🤱🏿
👩‍🍼|👩🏻‍🍼|👩🏼‍🍼|👩🏽‍🍼|👩🏾‍🍼|👩🏿‍🍼
👨‍🍼|👨🏻‍🍼|👨🏼‍🍼|👨🏽‍🍼|👨🏾‍🍼|👨🏿‍🍼
🧑‍🍼|🧑🏻‍🍼|🧑🏼‍🍼|🧑🏽‍🍼|🧑🏾‍🍼|🧑🏿‍🍼
👼|👼🏻|👼🏼|👼🏽|👼🏾|👼🏿
🎅|🎅🏻|🎅🏼|🎅🏽|🎅🏾|🎅🏿
🤶|🤶🏻|🤶🏼|🤶🏽|🤶🏾|🤶🏿
🧑‍🎄|🧑🏻‍🎄|🧑🏼‍🎄|🧑🏽‍🎄|🧑🏾‍🎄|🧑🏿‍🎄
🦸|🦸🏻|🦸🏼|🦸🏽|🦸🏾|🦸🏿
🦸‍♂️|🦸🏻‍♂️|🦸🏼‍♂️|🦸🏽‍♂️|🦸🏾‍♂️|🦸🏿‍♂️
🦸‍♀️|🦸🏻‍♀️|🦸🏼‍♀️|🦸🏽‍♀️|🦸🏾‍♀️|🦸🏿‍♀️
🦹|🦹🏻|🦹🏼|🦹🏽|🦹🏾|🦹🏿
🦹‍♂️|🦹🏻‍♂️|🦹🏼‍♂️|🦹🏽‍♂️|🦹🏾‍♂️|🦹🏿‍♂️
🦹‍♀️|🦹🏻‍♀️|🦹🏼‍♀️|🦹🏽‍♀️|🦹🏾‍♀️|🦹🏿‍♀️
🧙|🧙🏻|🧙🏼|🧙🏽|🧙🏾|🧙🏿
🧙‍♂️|🧙🏻‍♂️|🧙🏼‍♂️|🧙🏽‍♂️|🧙🏾‍♂️|🧙🏿‍♂️
🧙‍♀️|🧙🏻‍♀️|🧙🏼‍♀️|🧙🏽‍♀️|🧙🏾‍♀️|🧙🏿‍♀️
🧚|🧚🏻|🧚🏼|🧚🏽|🧚🏾|🧚🏿
🧚‍♂️|🧚🏻‍♂️|🧚🏼‍♂️|🧚🏽‍♂️|🧚🏾‍♂️|🧚🏿‍♂️
🧚‍♀️|🧚🏻‍♀️|🧚🏼‍♀️|🧚🏽‍♀️|🧚🏾‍♀️|🧚🏿‍♀️
🧛|🧛🏻|🧛🏼|🧛🏽|🧛🏾|🧛🏿
🧛‍♂️|🧛🏻‍♂️|🧛🏼‍♂️|🧛🏽‍♂️|🧛🏾‍♂️|🧛🏿‍♂️
🧛‍♀️|🧛🏻‍♀️|🧛🏼‍♀️|🧛🏽‍♀️|🧛🏾‍♀️|🧛🏿‍♀️
🧜|🧜🏻|🧜🏼|🧜🏽|🧜🏾|🧜🏿
🧜‍♂️|🧜🏻‍♂️|🧜🏼‍♂️|🧜🏽‍♂️|🧜🏾‍♂️|🧜🏿‍♂️
🧜‍♀️|🧜🏻‍♀️|🧜🏼‍♀️|🧜🏽‍♀️|🧜🏾‍♀️|🧜🏿‍♀️
🧝|🧝🏻|🧝🏼|🧝🏽|🧝🏾|🧝🏿
🧝‍♂️|🧝🏻‍♂️|🧝🏼‍♂️|🧝🏽‍♂️|🧝🏾‍♂️|🧝🏿‍♂️
🧝‍♀️|🧝🏻‍♀️|🧝🏼‍♀️|🧝🏽‍♀️|🧝🏾‍♀️|🧝🏿‍♀️
💆|💆🏻|💆🏼|💆🏽|💆🏾|💆🏿
💆‍♂️|💆🏻‍♂️|💆🏼‍♂️|💆🏽‍♂️|💆🏾‍♂️|💆🏿‍♂️
💆‍♀️|💆🏻‍♀️|💆🏼‍♀️|💆🏽‍♀️|💆🏾‍♀️|💆🏿‍♀️
💇|💇🏻|💇🏼|💇🏽|💇🏾|💇🏿
💇‍♂️|💇🏻‍♂️|💇🏼‍♂️|💇🏽‍♂️|💇🏾‍♂️|💇🏿‍♂️
💇‍♀️|💇🏻‍♀️|💇🏼‍♀️|💇🏽‍♀️|💇🏾‍♀️|💇🏿‍♀️
🚶|🚶🏻|🚶🏼|🚶🏽|🚶🏾|🚶🏿
🚶‍♂️|🚶🏻‍♂️|🚶🏼‍♂️|🚶🏽‍♂️|🚶🏾‍♂️|🚶🏿‍♂️
🚶‍♀️|🚶🏻‍♀️|🚶🏼‍♀️|🚶🏽‍♀️|🚶🏾‍♀️|🚶🏿‍♀️
🚶‍➡️|🚶🏻‍➡️|🚶🏼‍➡️|🚶🏽‍➡️|🚶🏾‍➡️|🚶🏿‍➡️
🚶‍♀️‍➡️|🚶🏻‍♀️‍➡️|🚶🏼‍♀️‍➡️|🚶🏽‍♀️‍➡️|🚶🏾‍♀️‍➡️|🚶🏿‍♀️‍➡️
🚶‍♂️‍➡️|🚶🏻‍♂️‍➡️|🚶🏼‍♂️‍➡️|🚶🏽‍♂️‍➡️|🚶🏾‍♂️‍➡️|🚶🏿‍♂️‍➡️
🧍|🧍🏻|🧍🏼|🧍🏽|🧍🏾|🧍🏿
🧍‍♂️|🧍🏻‍♂️|🧍🏼‍♂️|🧍🏽‍♂️|🧍🏾‍♂️|🧍🏿‍♂️
🧍‍♀️|🧍🏻‍♀️|🧍🏼‍♀️|🧍🏽‍♀️|🧍🏾‍♀️|🧍🏿‍♀️
🧎|🧎🏻|🧎🏼|🧎🏽|🧎🏾|🧎🏿
🧎‍♂️|🧎🏻‍♂️|🧎🏼‍♂️|🧎🏽‍♂️|🧎🏾‍♂️|🧎🏿‍♂️
🧎‍♀️|🧎🏻‍♀️|🧎🏼‍♀️|🧎🏽‍♀️|🧎🏾‍♀️|🧎🏿‍♀️
🧎‍➡️|🧎🏻‍➡️|🧎🏼‍➡️|🧎🏽‍➡️|🧎🏾‍➡️|🧎🏿‍➡️
🧎‍♀️‍➡️|🧎🏻‍♀️‍➡️|🧎🏼‍♀️‍➡️|🧎🏽‍♀️‍➡️|🧎🏾‍♀️‍➡️|🧎🏿‍♀️‍➡️
🧎‍♂️‍➡️|🧎🏻‍♂️‍➡️|🧎🏼‍♂️‍➡️|🧎🏽‍♂️‍➡️|🧎🏾‍♂️‍➡️|🧎🏿‍♂️‍➡️
🧑‍🦯|🧑🏻‍🦯|🧑🏼‍🦯|🧑🏽‍🦯|🧑🏾‍🦯|🧑🏿‍🦯
🧑‍🦯‍➡️|🧑🏻‍🦯‍➡️|🧑🏼‍🦯‍➡️|🧑🏽‍🦯‍➡️|🧑🏾‍🦯‍➡️|🧑🏿‍🦯‍➡️
👨‍🦯|👨🏻‍🦯|👨🏼‍🦯|👨🏽‍🦯|👨🏾‍🦯|👨🏿‍🦯
👨‍🦯‍➡️|👨🏻‍🦯‍➡️|👨🏼‍🦯‍➡️|👨🏽‍🦯‍➡️|👨🏾‍🦯‍➡️|👨🏿‍🦯‍➡️
👩‍🦯|👩🏻‍🦯|👩🏼‍🦯|👩🏽‍🦯|👩🏾‍🦯|👩🏿‍🦯
👩‍🦯‍➡️|👩🏻‍🦯‍➡️|👩🏼‍🦯‍➡️|👩🏽‍🦯‍➡️|👩🏾‍🦯‍➡️|👩🏿‍🦯‍➡️
🧑‍🦼|🧑🏻‍🦼|🧑🏼‍🦼|🧑🏽‍🦼|🧑🏾‍🦼|🧑🏿‍🦼
🧑‍🦼‍➡️|🧑🏻‍🦼‍➡️|🧑🏼‍🦼‍➡️|🧑🏽‍🦼‍➡️|🧑🏾‍🦼‍➡️|🧑🏿‍🦼‍➡️
👨‍🦼|👨🏻‍🦼|👨🏼‍🦼|👨🏽‍🦼|👨🏾‍🦼|👨🏿‍🦼
👨‍🦼‍➡️|👨🏻‍🦼‍➡️|👨🏼‍🦼‍➡️|👨🏽‍🦼‍➡️|👨🏾‍🦼‍➡️|👨🏿‍🦼‍➡️
👩‍🦼|👩🏻‍🦼|👩🏼‍🦼|👩🏽‍🦼|👩🏾‍🦼|👩🏿‍🦼
👩‍🦼‍➡️|👩🏻‍🦼‍➡️|👩🏼‍🦼‍➡️|👩🏽‍🦼‍➡️|👩🏾‍🦼‍➡️|👩🏿‍🦼‍➡️
🧑‍🦽|🧑🏻‍🦽|🧑🏼‍🦽|🧑🏽‍🦽|🧑🏾‍🦽|🧑🏿‍🦽
🧑‍🦽‍➡️|🧑🏻‍🦽‍➡️|🧑🏼‍🦽‍➡️|🧑🏽‍🦽‍➡️|🧑🏾‍🦽‍➡️|🧑🏿‍🦽‍➡️
👨‍🦽|👨🏻‍🦽|👨🏼‍🦽|👨🏽‍🦽|👨🏾‍🦽|👨🏿‍🦽
👨‍🦽‍➡️|👨🏻‍🦽‍➡️|👨🏼‍🦽‍➡️|👨🏽‍🦽‍➡️|👨🏾‍🦽‍➡️|👨🏿‍🦽‍➡️
👩‍🦽|👩🏻‍🦽|👩🏼‍🦽|👩🏽‍🦽|👩🏾‍🦽|👩🏿‍🦽
👩‍🦽‍➡️|👩🏻‍🦽‍➡️|👩🏼‍🦽‍➡️|👩🏽‍🦽‍➡️|👩🏾‍🦽‍➡️|👩🏿‍🦽‍➡️
🏃|🏃🏻|🏃🏼|🏃🏽|🏃🏾|🏃🏿
🏃‍♂️|🏃🏻‍♂️|🏃🏼‍♂️|🏃🏽‍♂️|🏃🏾‍♂️|🏃🏿‍♂️
🏃‍♀️|🏃🏻‍♀️|🏃🏼‍♀️|🏃🏽‍♀️|🏃🏾‍♀️|🏃🏿‍♀️
🏃‍➡️|🏃🏻‍➡️|🏃🏼‍➡️|🏃🏽‍➡️|🏃🏾‍➡️|🏃🏿‍➡️
🏃‍♀️‍➡️|🏃🏻‍♀️‍➡️|🏃🏼‍♀️‍➡️|🏃🏽‍♀️‍➡️|🏃🏾‍♀️‍➡️|🏃🏿‍♀️‍➡️
🏃‍♂️‍➡️|🏃🏻‍♂️‍➡️|🏃🏼‍♂️‍➡️|🏃🏽‍♂️‍➡️|🏃🏾‍♂️‍➡️|🏃🏿‍♂️‍➡️
🧑‍🩰|🧑🏻‍🩰|🧑🏼‍🩰|🧑🏽‍🩰|🧑🏾‍🩰|🧑🏿‍🩰
💃|💃🏻|💃🏼|💃🏽|💃🏾|💃🏿
🕺|🕺🏻|🕺🏼|🕺🏽|🕺🏾|🕺🏿
🕴️|🕴🏻|🕴🏼|🕴🏽|🕴🏾|🕴🏿
👯|👯🏻|👯🏼|👯🏽|👯🏾|👯🏿
👯‍♂️|👯🏻‍♂️|👯🏼‍♂️|👯🏽‍♂️|👯🏾‍♂️|👯🏿‍♂️
👯‍♀️|👯🏻‍♀️|👯🏼‍♀️|👯🏽‍♀️|👯🏾‍♀️|👯🏿‍♀️
🧖|🧖🏻|🧖🏼|🧖🏽|🧖🏾|🧖🏿
🧖‍♂️|🧖🏻‍♂️|🧖🏼‍♂️|🧖🏽‍♂️|🧖🏾‍♂️|🧖🏿‍♂️
🧖‍♀️|🧖🏻‍♀️|🧖🏼‍♀️|🧖🏽‍♀️|🧖🏾‍♀️|🧖🏿‍♀️
🧗|🧗🏻|🧗🏼|🧗🏽|🧗🏾|🧗🏿
🧗‍♂️|🧗🏻‍♂️|🧗🏼‍♂️|🧗🏽‍♂️|🧗🏾‍♂️|🧗🏿‍♂️
🧗‍♀️|🧗🏻‍♀️|🧗🏼‍♀️|🧗🏽‍♀️|🧗🏾‍♀️|🧗🏿‍♀️
🏇|🏇🏻|🏇🏼|🏇🏽|🏇🏾|🏇🏿
🏂|🏂🏻|🏂🏼|🏂🏽|🏂🏾|🏂🏿
🏌️|🏌🏻|🏌🏼|🏌🏽|🏌🏾|🏌🏿
🏌️‍♂️|🏌🏻‍♂️|🏌🏼‍♂️|🏌🏽‍♂️|🏌🏾‍♂️|🏌🏿‍♂️
🏌️‍♀️|🏌🏻‍♀️|🏌🏼‍♀️|🏌🏽‍♀️|🏌🏾‍♀️|🏌🏿‍♀️
🏄|🏄🏻|🏄🏼|🏄🏽|🏄🏾|🏄🏿
🏄‍♂️|🏄🏻‍♂️|🏄🏼‍♂️|🏄🏽‍♂️|🏄🏾‍♂️|🏄🏿‍♂️
🏄‍♀️|🏄🏻‍♀️|🏄🏼‍♀️|🏄🏽‍♀️|🏄🏾‍♀️|🏄🏿‍♀️
🚣|🚣🏻|🚣🏼|🚣🏽|🚣🏾|🚣🏿
🚣‍♂️|🚣🏻‍♂️|🚣🏼‍♂️|🚣🏽‍♂️|🚣🏾‍♂️|🚣🏿‍♂️
🚣‍♀️|🚣🏻‍♀️|🚣🏼‍♀️|🚣🏽‍♀️|🚣🏾‍♀️|🚣🏿‍♀️
🏊|🏊🏻|🏊🏼|🏊🏽|🏊🏾|🏊🏿
🏊‍♂️|🏊🏻‍♂️|🏊🏼‍♂️|🏊🏽‍♂️|🏊🏾‍♂️|🏊🏿‍♂️
🏊‍♀️|🏊🏻‍♀️|🏊🏼‍♀️|🏊🏽‍♀️|🏊🏾‍♀️|🏊🏿‍♀️
⛹️|⛹🏻|⛹🏼|⛹🏽|⛹🏾|⛹🏿
⛹️‍♂️|⛹🏻‍♂️|⛹🏼‍♂️|⛹🏽‍♂️|⛹🏾‍♂️|⛹🏿‍♂️
⛹️‍♀️|⛹🏻‍♀️|⛹🏼‍♀️|⛹🏽‍♀️|⛹🏾‍♀️|⛹🏿‍♀️
🏋️|🏋🏻|🏋🏼|🏋🏽|🏋🏾|🏋🏿
🏋️‍♂️|🏋🏻‍♂️|🏋🏼‍♂️|🏋🏽‍♂️|🏋🏾‍♂️|🏋🏿‍♂️
🏋️‍♀️|🏋🏻‍♀️|🏋🏼‍♀️|🏋🏽‍♀️|🏋🏾‍♀️|🏋🏿‍♀️
🚴|🚴🏻|🚴🏼|🚴🏽|🚴🏾|🚴🏿
🚴‍♂️|🚴🏻‍♂️|🚴🏼‍♂️|🚴🏽‍♂️|🚴🏾‍♂️|🚴🏿‍♂️
🚴‍♀️|🚴🏻‍♀️|🚴🏼‍♀️|🚴🏽‍♀️|🚴🏾‍♀️|🚴🏿‍♀️
🚵|🚵🏻|🚵🏼|🚵🏽|🚵🏾|🚵🏿
🚵‍♂️|🚵🏻‍♂️|🚵🏼‍♂️|🚵🏽‍♂️|🚵🏾‍♂️|🚵🏿‍♂️
🚵‍♀️|🚵🏻‍♀️|🚵🏼‍♀️|🚵🏽‍♀️|🚵🏾‍♀️|🚵🏿‍♀️
🤸|🤸🏻|🤸🏼|🤸🏽|🤸🏾|🤸🏿
🤸‍♂️|🤸🏻‍♂️|🤸🏼‍♂️|🤸🏽‍♂️|🤸🏾‍♂️|🤸🏿‍♂️
🤸‍♀️|🤸🏻‍♀️|🤸🏼‍♀️|🤸🏽‍♀️|🤸🏾‍♀️|🤸🏿‍♀️
🤼|🤼🏻|🤼🏼|🤼🏽|🤼🏾|🤼🏿
🤼‍♂️|🤼🏻‍♂️|🤼🏼‍♂️|🤼🏽‍♂️|🤼🏾‍♂️|🤼🏿‍♂️
🤼‍♀️|🤼🏻‍♀️|🤼🏼‍♀️|🤼🏽‍♀️|🤼🏾‍♀️|🤼🏿‍♀️
🤽|🤽🏻|🤽🏼|🤽🏽|🤽🏾|🤽🏿
🤽‍♂️|🤽🏻‍♂️|🤽🏼‍♂️|🤽🏽‍♂️|🤽🏾‍♂️|🤽🏿‍♂️
🤽‍♀️|🤽🏻‍♀️|🤽🏼‍♀️|🤽🏽‍♀️|🤽🏾‍♀️|🤽🏿‍♀️
🤾|🤾🏻|🤾🏼|🤾🏽|🤾🏾|🤾🏿
🤾‍♂️|🤾🏻‍♂️|🤾🏼‍♂️|🤾🏽‍♂️|🤾🏾‍♂️|🤾🏿‍♂️
🤾‍♀️|🤾🏻‍♀️|🤾🏼‍♀️|🤾🏽‍♀️|🤾🏾‍♀️|🤾🏿‍♀️
🤹|🤹🏻|🤹🏼|🤹🏽|🤹🏾|🤹🏿
🤹‍♂️|🤹🏻‍♂️|🤹🏼‍♂️|🤹🏽‍♂️|🤹🏾‍♂️|🤹🏿‍♂️
🤹‍♀️|🤹🏻‍♀️|🤹🏼‍♀️|🤹🏽‍♀️|🤹🏾‍♀️|🤹🏿‍♀️
🧘|🧘🏻|🧘🏼|🧘🏽|🧘🏾|🧘🏿
🧘‍♂️|🧘🏻‍♂️|🧘🏼‍♂️|🧘🏽‍♂️|🧘🏾‍♂️|🧘🏿‍♂️
🧘‍♀️|🧘🏻‍♀️|🧘🏼‍♀️|🧘🏽‍♀️|🧘🏾‍♀️|🧘🏿‍♀️
🛀|🛀🏻|🛀🏼|🛀🏽|🛀🏾|🛀🏿
🛌|🛌🏻|🛌🏼|🛌🏽|🛌🏾|🛌🏿
🧑‍🤝‍🧑|🧑🏻‍🤝‍🧑🏻|🧑🏼‍🤝‍🧑🏼|🧑🏽‍🤝‍🧑🏽|🧑🏾‍🤝‍🧑🏾|🧑🏿‍🤝‍🧑🏿
👭|👭🏻|👭🏼|👭🏽|👭🏾|👭🏿
👫|👫🏻|👫🏼|👫🏽|👫🏾|👫🏿
👬|👬🏻|👬🏼|👬🏽|👬🏾|👬🏿
💏|💏🏻|💏🏼|💏🏽|💏🏾|💏🏿
👩‍❤️‍💋‍👨|👩🏻‍❤️‍💋‍👨🏻|👩🏼‍❤️‍💋‍👨🏼|👩🏽‍❤️‍💋‍👨🏽|👩🏾‍❤️‍💋‍👨🏾|👩🏿‍❤️‍💋‍👨🏿
👨‍❤️‍💋‍👨|👨🏻‍❤️‍💋‍👨🏻|👨🏼‍❤️‍💋‍👨🏼|👨🏽‍❤️‍💋‍👨🏽|👨🏾‍❤️‍💋‍👨🏾|👨🏿‍❤️‍💋‍👨🏿
👩‍❤️‍💋‍👩|👩🏻‍❤️‍💋‍👩🏻|👩🏼‍❤️‍💋‍👩🏼|👩🏽‍❤️‍💋‍👩🏽|👩🏾‍❤️‍💋‍👩🏾|👩🏿‍❤️‍💋‍👩🏿
💑|💑🏻|💑🏼|💑🏽|💑🏾|💑🏿
👩‍❤️‍👨|👩🏻‍❤️‍👨🏻|👩🏼‍❤️‍👨🏼|👩🏽‍❤️‍👨🏽|👩🏾‍❤️‍👨🏾|👩🏿‍❤️‍👨🏿
👨‍❤️‍👨|👨🏻‍❤️‍👨🏻|👨🏼‍❤️‍👨🏼|👨🏽‍❤️‍👨🏽|👨🏾‍❤️‍👨🏾|👨🏿‍❤️‍👨🏿
👩‍❤️‍👩|👩🏻‍❤️‍👩🏻|👩🏼‍❤️‍👩🏼|👩🏽‍❤️‍👩🏽|👩🏾‍❤️‍👩🏾|👩🏿‍❤️‍👩🏿