⁉️|!?|?|interrobang|mark|punctuation|question|exclamation question mark
ℹ️|information
↔️|arrow|left-right
↕️|arrow|up-down
↖️|arrow|direction|intercardinal|northwest|up-left
↗️|arrow|direction|intercardinal|northeast|up-right
↘️|arrow|direction|down-right|intercardinal|southeast
↙️|arrow|direction|down-left|intercardinal|southwest
⌨️|computer|keyboard
☀️|bright|rays|space|sunny|weather|sunshine
☁️|weather|cloudy
☂️|clothing|rain|umbrella|open
☃️|cold|man|snowman
☄️|comet|space
☑️|✓|ballot|box|checked|done|off|tick box with tick|check box with check
☔|clothing|drops|umbrella|weather|open|raindrops
☕|beverage|cafe|caffeine|chai|coffee|drink|hot|morning|steaming|tea
☘️|irish|plant|shamrock
☠️|bone|crossbones|dead|death|face|monster|skull
☢️|radioactive|sign
☣️|biohazard|sign
☦️|christian|cross|religion|orthodox cross
☸️|buddhist|dharma|religion|wheel
☹️|face|frowning|sad
♈|aries|horoscope|ram|zodiac
♉|bull|horoscope|ox|taurus|zodiac
♐|archer|horoscope|sagittarius|zodiac|centaur
♑|capricorn|goat|horoscope|zodiac
♒|aquarius|bearer|horoscope|zodiac|water bearer
♓|fish|horoscope|pisces|zodiac
♠️|card|game|spade|suit
♣️|card|clubs|game|suit|club suit
♥️|card|emotion|game|hearts|suit
♦️|card|game|suit|diamond suit|diamonds
♨️|hotsprings|springs|steaming
⚒️|hammer|pick|tool
⚓|anchor|ship|tool
⚔️|crossed|swords|weapon
⚖️|balance|justice|libra|scales|tool|weight|zodiac
⚗️|alembic|chemistry|tool
⚙️|cogwheel|gear|tool
✂️|cutting|paper|scissors|tool
✅|✓|button|checked|checkmark|completed|done|fixed|mark|tick
✈️|aeroplane|airplane|flying|jet|plane|travel|flight
✉️|e-mail|email|envelope|letter
✒️|black|nib|pen
✔️|✓|checked|checkmark|done|mark|tick|check mark|heavy tick mark
✖️|×|cancel|multiplication|multiply|sign|x|heavy multiplication sign
✡️|david|jewish|judaism|religion|star of david
✨|*|magic|sparkles|star
✳️|*|asterisk|eight-spoked
✴️|*|eight-pointed|star
❄️|cold|snowflake|weather
❇️|*|sparkle
❓|?|mark|punctuation|question|red
❔|?|mark|outlined|punctuation|question|white
❕|!|bang|exclamation|mark|outlined|punctuation|white
❗|!|bang|exclamation|mark|punctuation|red
❣️|bang|exclamation|heart|heavy|mark|punctuation
❤️|emotion|heart|love|red
➕|+|plus|maths|sign|addition
➖|-|−|minus|sign|heavy minus sign|maths|–|subtraction
➗|÷|divide|division|heavy|math|sign
⤴️|arrow|curving|right|up
⤵️|arrow|curving|down|right
〰️|dash|punctuation|wavy
㊗️|button|congratulations|ideograph|japanese
㊙️|button|ideograph|japanese|secret
😀|cheerful|cheery|face|grinning|happy|laugh|nice|smile|smiling|teeth
😃|awesome|eyes|face|grinning|happy|open|smile|smiling|teeth|yay|big eyes|mouth open
😄|eyes|face|grinning|happy|laugh|lol|mouth|open|smile|smiling
😁|beaming|eyes|face|grinning|happy|nice|smile|smiling|teeth
😆|eyes|face|grinning|hahaha|happy|lol|open|rofl|smile|smiling|squinting|closed eyes|guffaw|laughing|mouth open
😅|cold|dejected|excited|face|grinning|mouth|nervous|open|smile|smiling|stressed|sweat undefined|awkward|embarrassed
🤣|crying|face|floor|funny|haha|happy|hehe|hilarious|joy|laugh|lmao|lol|roflmao|tear undefined|rolling tears
😂|crying|face|feels|funny|haha|happy|hehe|hilarious|joy|laugh|lmao|lol|roflmao|tears
🙂|face|happy|slightly|smile|smiling
🙃|face|hehe|smile|upside down|upside-down face
🫠|disappear|dissolve|embarrassed|face|haha|heat|hot|liquid|lol|melting|sarcasm|sarcastic|disgust|overwhelmed|shame
😉|face|flirt|heartbreaker|sexy|slide|tease|winking|winks
😊|blush|eyes|face|glad|satisfied|smile|smiling
😇|angelic|angels|blessed|face|fairytale|fantasy|halo|happy|innocent|peaceful|smile|smiling|spirit|tale
🥰|3|adore|crush|face|hearts|ily|love|romance|smile|smiling|you
😍|143|bae|eye|face|feels|heart-eyes|hearts|ily|kisses|love|romance|romantic|smile|xoxo|smiling face with heart eyes|smiling face with heart-eyes
🤩|excited|eyes|face|grinning|smile|star-struck|starry-eyed|wow
😘|adorbs|bae|blowing|face|flirt|heart|ily|kiss|lover|miss|muah|romantic|smooch|xoxo|you|mwah
😗|143|date|dating|face|flirt|ily|kiss|love|smooches|xoxo|you
☺️|face|happy|outlined|relaxed|smile|smiling
😚|143|bae|blush|date|dating|eyes|face|flirt|ily|kisses|kissing|smooches|xoxo|closed eyes
😙|143|date|dating|eyes|face|flirt|ily|kisses|kissing|love|night|smile|smiling|closed eyes
🥲|face|glad|grateful|happy|joy|pain|proud|relieved|smiley|smiling|tear|touched
😋|delicious|eat|food|full|hungry|smile|smiling|tasty|um|yummy|face savouring food|savouring|savoring
😛|awesome|cool|face|nice|party|stuck-out|sweet|tongue
😜|crazy|epic|face|funny|joke|loopy|nutty|party|stuck-out|wacky|weirdo|winking|yolo|eye closed|tongue stuck-out
🤪|crazy|eyes|face|goofy|large|small|zany
😝|closed|face|gross|horrible|omg|squinting|stuck-out|taste|whatever|yolo|eyes closed|laughing|teasing|tongue stuck-out
🤑|face|money-mouth|mouth|paid
🤗|face|hands|hugging|open|smiling
🤭|giggle|giggling|hand|mouth|oops|realization|secret|shock|sudden|surprise|whoops|embarrassed|realisation|face with hand over mouth
🫢|amazement|awe|disbelief|embarrass|eyes|face|gasp|hand|mouth|omg|open|over|quiet|scared|shock|surprise undefined
🫣|captivated|embarrass|eye|face|hide|hiding|peeking|peep|scared|shy|stare
🤫|face|quiet|shh|shooshing face|shushing face
🤔|chin|consider|face|hmm|pondering|thinking|wondering
🫡|face|good|luck|ma’am|ok|respect|salute|saluting|sir|troops|yes
🤐|face|keep|mouth|quiet|secret|shut|zipper-mouth
🤨|disapproval|disbelief|distrust|emoji|eyebrow|face|hmm|mild|skeptical|skepticism|what|sceptical|scepticism|raised eyebrow|surprised
😐|awkward|blank|deadpan|expressionless|face|fine|jealous|meh|neutral|oh|shade|straight|unamused|unhappy|unimpressed|whatever|indifference
😑|awkward|dead|expressionless|face|fine|inexpressive|jealous|meh|not|oh|omg|straight|uh|unhappy|unimpressed|whatever undefined|annoyed|frustration|neutral|unemotional
😶|awkward|blank|expressionless|face|mouthless|mute|quiet|secret|silence|silent|speechless
🫥|depressed|disappear|face|hidden|hide|introvert|invisible|line|meh|whatever|wtv|dotted line face|dotted-line face
😶‍🌫️|absentminded|clouds|fog|absent-minded|face in clouds|face in the fog|head in clouds
😏|boss|dapper|face|flirt|homie|kidding|leer|shade|slick|sly|smirk|smug|snicker|suave|suspicious|swag
😒|...|bored|face|fine|jealous|jelly|pissed|smh|ugh|uhh|unamused|unhappy|weird|whatever|hurt|sad|tragic
🙄|eyeroll|eyes|face|rolling|shade|ugh|whatever
😬|awkward|dentist|face|grimace|grimacing|grinning|smile|smiling
😮‍💨|blowing|exhale|exhaling|exhausted|face|gasp|groan|relief|sigh|smiley|smoke|whisper|whistle|tired
🤥|face|liar|lie|pinocchio|lying face
🫨|crazy|daze|earthquake|face|omg|panic|shaking|shock|surprise|vibrate|whoa|wow
🙂‍↔️|head|horizontally|no|shake|shaking
🙂‍↕️|head|nod|shaking|vertically|yes
😌|calm|face|peace|relief|relieved|zen
😔|awful|bored|dejected|died|disappointed|face|losing|lost|pensive|sad|sucks
😪|crying|face|good|night|sad|sleeping|sleepy|tired
🤤|drooling|face
😴|bedtime|face|goodnight|nap|night|tired|whatever|yawn|zzz|good night|sleeping face|bored|gn
🫩|bags|bored|exhausted|eyes|face|fatigued|late|sleepy|tired|weary
😷|cold|dentist|dermatologist|doctor|dr|germs|mask|medical|medicine|sick|poorly|face with medical mask|ill
🤒|face|ill|sick|thermometer
🤕|bandage|face|head-bandage|hurt|injury|ouch
🤢|face|gross|nasty|nauseated|sick|vomit
🤮|barf|ew|face|gross|puke|sick|spew|throw|up|vomiting
🤧|face|fever|flu|gesundheit|sick|sneeze|bless you|sneezing face
🥵|dying|face|feverish|panting|red-faced|stroke|sweating|tongue|flushed|heat stroke|hot face
🥶|blue-faced|cold|face|freezing|frostbite|icicles|subzero|teeth
🥴|dizzy|drunk|eyes|face|intoxicated|mouth|tipsy|uneven|wavy|woozy
😵|crossed-out|dead|dizzy|eyes|face|feels|knocked|out|sick|tired
😵‍💫|confused|dizzy|eyes|face|hypnotized|omg|smiley|spiral|trouble|whoa|woah|woozy|hypnotised
🤯|blown|explode|exploding|head|mindblown|no|shocked|way
🤠|cowboy|cowgirl|hat|face with cowboy hat
🥳|bday|birthday|celebrate|celebration|excited|face|happy|hat|hooray|horn|partying
🥸|disguise|eyebrow|face|glasses|incognito|moustache|mustache|nose|person|spy|tache|tash
😎|awesome|beach|bright|bro|chilling|cool|face|rad|relaxed|shades|slay|smile|style|sunglasses|swag|win
🤓|brainy|clever|expert|face|geek|gifted|glasses|intelligent|nerd|smart
🧐|classy|face|fancy|monocle|rich|stuffy|wealthy
😕|befuddled|confused|confusing|dunno|face|frown|hm|meh|not|sad|sorry|sure
🫤|confused|confusion|diagonal|disappointed|doubtful|frustrated|frustration|meh|mouth|skeptical|unsure|whatever|wtv|face with diagonal mouth|sceptical
😟|anxious|butterflies|face|nerves|nervous|sad|stressed|surprised|worried|worry
🙁|face|frowning|sad|slightly
😮|believe|face|forgot|mouth|omg|shocked|surprised|sympathy|unbelievable|unreal|whoa|wow|you|woah|open mouth
😯|epic|face|hushed|omg|stunned|surprised|whoa|woah
😲|astonished|cost|face|no|omg|shocked|totally|way
😳|amazed|awkward|crazy|dazed|dead|disbelief|embarrassed|face|flushed|geez|heat|hot|impressed|jeez|what|wow
🫪|anxiety|bloated|panic|shocked|surprised|vulnerable
🥺|begging|big|eyes|face|mercy|not|pleading|please|pretty|puppy|sad|why
🥹|admiration|aww|back|cry|embarrassed|face|feelings|grateful|gratitude|joy|please|proud|resist|sad|tears|holding tears
😦|caught|face|frowning|guard|mouth|open|scared|scary|surprise|what|wow
😧|anguished|face|forgot|scared|scary|stressed|surprise|unhappy|what|wow
😨|afraid|anxious|blame|face|fearful|scared|worried
😰|anxious|blue|cold|eek|face|mouth|nervous|open|rushed|scared|sweat|yikes
😥|anxious|call|close|complicated|disappointed|face|not|relieved|sad|sweat|time|whew
😢|awful|crying|face|feels|miss|sad|tear|triste|unhappy
😭|bawling|crying|face|loudly|sad|sob|tears|unhappy
😱|epic|fearful|munch|scared|screamer|screaming|shocked|surprised|woah|face screaming in fear
😖|annoyed|confounded|confused|cringe|distraught|face|feels|frustrated|mad|sad
😣|concentrate|concentration|face|focus|headache|persevere|persevering
😞|awful|blame|dejected|disappointed|face|fail|losing|sad|unhappy
😓|close|cold|downcast|face|feels|headache|nervous|sad|scared|sweat|yikes
😩|crying|face|fail|feels|hungry|mad|nooo|sad|sleepy|tired|unhappy|weary
😫|cost|face|feels|nap|sad|sneeze|tired
🥱|bedtime|bored|face|goodnight|nap|night|sleepy|tired|whatever|yawning|zzz
😤|anger|angry|feels|fume|fuming|furious|fury|mad|nose|steam|triumph|unhappy|won|frustration|face with steam from nose
😡|anger|angry|enraged|face|feels|maddening|pouting|rage|red|shade|unhappy|upset
😠|anger|angry|blame|face|feels|frustrated|maddening|rage|shade|unhappy|upset
🤬|censor|cursing|cussing|face|mad|mouth|pissed|swearing|symbols
😈|demon|devil|evil|face|fairytale|fantasy|horns|purple|shade|smile|tale|smiling face with horns|mischievous
👿|angry|demon|devil|evil|face|fairytale|fantasy|horns|imp|mischievous|purple|shade|tale
💀|body|dead|death|face|fairytale|i’m|lmao|monster|skull|tale|yolo
💩|bs|comic|dung|face|fml|monster|pile|poop|smelly|smh|stinks|stinky|turd|doo-doo
🤡|clown|face
👹|creature|devil|face|fairytale|fantasy|mask|monster|ogre|scary|tale
👺|angry|creature|face|fairytale|fantasy|goblin|mask|mean|monster|tale
👻|boo|creature|excited|face|fairytale|fantasy|ghost|halloween|haunting|monster|scary|silly|tale undefined
👽|alien|creature|extraterrestrial|face|fairytale|fantasy|monster|space|tale|ufo|et
👾|alien|creature|extraterrestrial|face|fairytale|fantasy|gamer|games|monster|pixelated|space|tale|ufo|et
🤖|face|monster|robot
😺|animal|cat|face|grinning|mouth|open|smile|smiling
😸|animal|cat|eyes|face|grinning|smile|smiling
😹|animal|cat|face|joy|laughing|lol|tears
😻|animal|cat|eye|face|heart-eyes|love|smile|smiling cat face with heart eyes|smiling cat with heart-eyes
😼|animal|cat|face|ironic|smile|wry
😽|animal|cat|closed|eyes|face|kissing
🙀|animal|cat|face|oh|surprised|weary
😿|animal|cat|crying|face|sad|tear
😾|animal|cat|face|pouting
🙈|embarrassed|evil|face|forbidden|forgot|gesture|hide|monkey|no|omg|prohibited|scared|secret|smh|watch|hands on eyes|see no evil
🙉|animal|ears|evil|face|forbidden|gesture|listen|monkey|not|prohibited|secret|shh|tmi undefined|hands on ears|hear no evil
🙊|animal|evil|face|forbidden|gesture|monkey|not|oops|prohibited|quiet|secret|stealth|speak no evil
💌|heart|letter|love|mail|romance|valentine
💘|143|adorbs|arrow|cupid|date|emotion|heart|ily|love|romance|valentine
💝|143|anniversary|emotion|heart|ily|kisses|ribbon|valentine|xoxo
💖|143|emotion|excited|good|heart|ily|kisses|morning|night|sparkle|sparkling|xoxo
💗|143|emotion|excited|growing|heartpulse|ily|kisses|muah|nervous|pulse|xoxo|mwah
💓|143|beating|cardio|emotion|heartbeat|ily|love|pulsating|pulse
💞|143|adorbs|anniversary|emotion|hearts|revolving
💕|143|anniversary|date|dating|hearts|ily|kisses|love|loving|two|xoxo|emotions
💟|143|decoration|emotion|hearth|purple|white
💔|break|broken|crushed|emotion|heartbroken|lonely|sad
❤️‍🔥|burn|fire|heart|love|lust|sacred
❤️‍🩹|healthier|heart|improving|mending|recovering|recuperating|well
🩷|143|adorable|cute|emotion|heart|ily|like|love|pink|special|sweet
🧡|143|heart|orange
💛|143|cardiac|emotion|heart|ily|love|yellow
💚|143|emotion|green|heart|ily|love|romantic
💙|143|blue|emotion|heart|ily|love|romance
🩵|143|blue|cute|cyan|heart|ily|light|like|love|sky|special|teal|affection|deep connection|emotions|support
💜|143|bestest|emotion|heart|ily|love|purple
🤎|143|brown|heart
🖤|black|evil|heart|wicked
🩶|143|emotion|gray|grey|heart|ily|love|silver|slate|special
🤍|143|heart|white
💋|dating|emotion|heart|kissing|lips|mark|romance|sexy
💯|100|a+|agree|clearly|definitely|faithful|fleek|full|keep|perfect|point|score|true|truth|yup|hundred percent|hundred points|one hundred
💢|anger|angry|comic|mad|symbol|upset
🫯|argument|brawl|debate|disagreement|fight|ruckus|wrestle
💥|bomb|boom|collide|collision|comic|explode
💫|comic|dizzy|shining|shooting|stars
💦|comic|drip|droplets|drops|splashing|squirt|sweat|water|wet|workout
💨|away|cloud|comic|dashing|fart|fast|gone|gotta|running|smoke
🕳️|hole
💬|balloon|bubble|comic|message|sms|speech|talk|text|typing|dialogue
👁️‍🗨️|balloon|bubble|eye|speech|witness
🗨️|balloon|bubble|speech|dialogue|left speech bubble
🗯️|anger|angry|balloon|bubble|mad|right
💭|balloon|bubble|cartoon|cloud|comic|daydream|decisions|dream|idea|invention|realize|think|thoughts|wonder|realise
💤|comic|goodnight|night|sleeping|sleepy|tired|zzz
👋|bye|cya|g2g|greetings|gtg|hand|hello|hey|hi|later|outtie|ttfn|ttyl|wave|you
🤚|backhand|hand|raised
🖐️|fingers|hand|raised|splayed|stop
✋|5|five|hand|high|raised|stop
🖖|finger|hands|salute|spock|vulcan salute
🫱|handshake|hold|reach|rightwards|shake
🫲|handshake|hold|leftwards|reach|shake
🫳|dismiss|down|dropped|hand|pick|shoo|up|palm down hand|palm-down hand
🫴|beckon|catch|come|hand|hold|know|lift|me|offer|tell|palm up hand|palm-up hand
🫷|block|five|halt|hand|hold|pause|refuse|slap|stop|wait undefined|high five|leftward-pushing hand|leftwards pushing hand|pushing leftwards
🫸|block|five|halt|hand|hold|pause|refuse|slap|stop|wait undefined|high five|rightward-pushing hand|rightwards pushing hand|pushing rightwards
👌|awesome|bet|dope|fleek|fosho|gotcha|hand|legit|okay|pinch|rad|sure|sweet|three|perfect|good|you bet
🤌|fingers|gesture|hand|hold|huh|interrogation|patience|pinched|relax|sarcastic|ugh|what|zip|disbelief|exasperation
🤏|amount|bit|fingers|hand|little|pinching|small|sort
✌️|hand|peace|victory
🤞|fingers|hand|luck|crossed fingers|good luck
🫰|<3|crossed|expensive|finger|hand|heart|index|love|money|snap|thumb
🤟|fingers|gesture|hand|ily|three|you|love you gesture|love-you gesture
🤘|finger|hand|horns|rock-on|rock on|sign of the horns
🤙|hand|loose|me|shaka|call me hand|call-me hand|hang loose
👈|backhand|finger|hand|index|left|pointing
👉|backhand|finger|hand|index|pointing|right
👆|backhand|finger|hand|index|pointing|up
🖕|finger|hand|middle
👇|backhand|down|finger|hand|index|pointing
☝️|finger|hand|index|pointing|this|up
🫵|at|finger|hand|index|pointing|poke|viewer|you
👍|+1|good|hand|like|thumb|up|yes
👎|-1|bad|dislike|down|good|hand|nope|thumbs
✊|clenched|fist|hand|punch|raised|solidarity
👊|absolutely|agree|boom|bro|bruh|bump|correct|fist|hand|oncoming|pound|punch|rock|ttyl|clenched fist|greet|hit|knuckles
🤛|fist|leftwards|left-facing fist
🤜|fist|rightwards|right-facing fist
👏|applause|approval|awesome|clap|congrats|congratulations|excited|good|great|hand|homie|job|prayed|yay|nice job|well done
🙌|celebration|gesture|hands|hooray|praise|raised|raising hands|woo hoo|yay
🫶|<3|hands|heart|love|you
👐|hands|hug|jazz|open|swerve
🤲|cupped|dua|hands|palms|prayer|together|up|wish
🤝|agreement|deal|handshake|meeting|shake
🙏|appreciate|ask|beg|blessed|bow|cmon|five|gesture|hand|please|pray|thanks|thx|folded hands|high five|gratitude|greeting|namaste|thank you
✍️|hand|write|writing
💅|bored|care|cosmetics|done|makeup|manicure|nail|polish|whatever
🤳|camera|phone|selfie
💪|arm|beast|bench|biceps|bodybuilder|bro|curls|gains|gym|jacked|muscle|press|ripped|strong|comic|flexed bicep|fit|weightlifting
🦾|accessibility|arm|mechanical|prosthetic
🦿|accessibility|leg|mechanical|prosthetic
🦵|bent|foot|kick|knee|leg|limb
🦶|ankle|feet|foot|kick|stomp
👂|body|ears|hearing|listening|sound
🦻|accessibility|aid|ear with hearing aid|hard of hearing|hearing impaired
👃|body|noses|nosey|odor|smells|odour
🧠|brain|intelligent|smart
🫀|anatomical|beat|cardiology|heartbeat|organ|pulse|real|red
🫁|breathe|exhalation|inhalation|lungs|organ|respiration
🦷|dentist|pearly|teeth|tooth|white
🦴|bones|dog|skeleton|wishbone
👀|body|eyes|face|googly|looking|omg|peep|seeing
👁️|1|body|eye|one
👅|body|lick|slurp|tongue
👄|beauty|body|kissing|lipstick|mouth
🫦|anxious|bite|biting|fear|flirting|kiss|lipstick|nervous|sexy|uncomfortable|worried|worry
👶|babies|baby|children|goo|infant|newborn|pregnant|young
🧒|bright-eyed|child|grandchild|kid|younger
👦|boy|bright-eyed|child|grandson|kid|son|younger|young person|male
👧|bright-eyed|child|daughter|girl|granddaughter|kid|virgo|younger|zodiac|young person|female
🧑|adult|person
👱|blond-haired|human|person
👨|adult|bro|man|male
🧔|bearded|person|whiskers
🧔‍♂️|bearded|man|whiskers
👱‍♂️|blond-haired|hair|man|male
👩|adult|lady|woman|female
🧔‍♀️|bearded|whiskers|woman
👱‍♀️|blond-haired|blonde|hair|woman|female
🧓|adult|elderly|grandparent|old|person|wise
👴|adult|bald|elderly|gramps|grandfather|grandpa|man|old|wise|male
👵|adult|elderly|grandma|grandmother|granny|lady|old|wise|woman|female
🙍|annoyed|disappointed|disgruntled|disturbed|frowning|frustrated|gesture|irritated|person|upset
🙍‍♂️|annoyed|disappointed|disgruntled|disturbed|frowning|frustrated|gesture|irritated|man|upset|male
🙍‍♀️|annoyed|disappointed|disgruntled|disturbed|frowning|frustrated|gesture|irritated|upset|woman|female
🙎|disappointed|downtrodden|frown|grimace|pouting|scowl|sulk|upset|whine|facial expression|gesture|person pouting
🙎‍♂️|disappointed|downtrodden|frown|grimace|man|pouting|scowl|sulk|upset|whine|male
🙎‍♀️|disappointed|downtrodden|frown|grimace|pouting|scowl|sulk|upset|whine|woman|female
🙅|forbidden|gesture|hand|not|person|prohibit
🙅‍♂️|forbidden|gesture|hand|man|not|prohibit|male
🙅‍♀️|forbidden|gesture|hand|not|prohibit|woman|female
🙆|exercise|gesture|gesturing|hand|ok|omg|person
🙆‍♂️|exercise|gesture|gesturing|hand|man|ok|omg|male
🙆‍♀️|exercise|gesture|gesturing|hand|ok|omg|woman|female
💁|fetch|flick|flip|gossip|hand|person|sarcasm|sarcastic|sassy|seriously|tipping|whatever
💁‍♂️|fetch|flick|flip|gossip|hand|man|sarcasm|sarcastic|sassy|seriously|tipping|whatever|male
💁‍♀️|fetch|flick|flip|gossip|hand|sarcasm|sarcastic|sassy|seriously|tipping|whatever|woman|female
🙋|gesture|hand|here|know|me|person|pick|question|raise|raising
🙋‍♂️|gesture|hand|here|know|man|me|pick|question|raise|raising|male
🙋‍♀️|gesture|hand|here|know|me|pick|question|raise|raising|woman|female
🧏|accessibility|ear|gesture|person|deaf person|hard of hearing|hearing impaired
🧏‍♂️|accessibility|deaf|ear|gesture|hear|man|male
🧏‍♀️|accessibility|deaf|ear|gesture|hear|woman|female
🙇|apology|ask|beg|bowing|favor|forgive|gesture|meditate|meditation|pity|regret|sorry|favour|gratitude|person bowing|pray|respect|thinking
🙇‍♂️|apology|ask|beg|bowing|favor|forgive|gesture|man|meditate|meditation|pity|regret|favour|sorry undefined|gratitude|person bowing|pray|respect|thinking|male
🙇‍♀️|apology|ask|beg|bowing|favor|forgive|gesture|meditate|meditation|pity|regret|sorry|woman|favour|gratitude|person bowing|pray|respect|thinking|female
🤦|again|bewilder|disbelief|exasperation|facepalm|not|oh|omg|person|shock|smh
🤦‍♂️|again|bewilder|disbelief|exasperation|facepalm|man|not|oh|omg|shock|smh|male
🤦‍♀️|again|bewilder|disbelief|exasperation|facepalm|not|oh|omg|shock|smh|woman|female
🤷|doubt|dunno|guess|idk|ignorance|indifference|knows|maybe|person|shrugging|whatever|girl|who knows|woman
🤷‍♂️|doubt|dunno|guess|idk|ignorance|indifference|knows|man|maybe|shrugging|whatever|boy|who knows|male
🤷‍♀️|doubt|dunno|guess|idk|ignorance|indifference|knows|maybe|shrugging|whatever|woman|girl|who knows|female
🧑‍⚕️|doctor|healthcare|nurse|therapist|worker|health care|health worker
👨‍⚕️|doctor|healthcare|nurse|therapist|worker|health care|man health worker
👩‍⚕️|doctor|healthcare|nurse|therapist|worker|health care|woman health worker
🧑‍🎓|graduate|student
👨‍🎓|graduate|man|student
👩‍🎓|graduate|student|woman
🧑‍🏫|instructor|lecturer|professor|teacher
👨‍🏫|instructor|lecturer|man|professor|teacher
👩‍🏫|instructor|lecturer|professor|teacher|woman
🧑‍⚖️|judge|justice|law|scales
👨‍⚖️|judge|justice|law|man|scales
👩‍⚖️|judge|justice|law|scales|woman
🧑‍🌾|farmer|gardener|rancher
👨‍🌾|farmer|gardener|man|rancher
👩‍🌾|farmer|gardener|rancher|woman
🧑‍🍳|chef|cook
👨‍🍳|chef|cook|man
👩‍🍳|chef|cook|woman
🧑‍🔧|electrician|mechanic|plumber|tradesperson|tradie
👨‍🔧|electrician|man|mechanic|plumber|tradesperson
👩‍🔧|electrician|mechanic|plumber|tradesperson|woman
🧑‍🏭|assembly|factory|industrial|worker
👨‍🏭|assembly|factory|industrial|man|worker
👩‍🏭|assembly|factory|industrial|woman|worker
🧑‍💼|architect|business|manager|office|white-collar|worker
👨‍💼|architect|manager|white-collar|worker|business man|man office worker|office worker|white collar
👩‍💼|architect|manager|white-collar|worker|business woman|office worker|white collar|woman office worker
🧑‍🔬|biologist|chemist|engineer|mathematician|physicist|scientist
👨‍🔬|biologist|chemist|engineer|man|mathematician|physicist|scientist
👩‍🔬|biologist|chemist|engineer|mathematician|physicist|scientist|woman
🧑‍💻|coder|computer|developer|inventor|software|technologist
👨‍💻|coder|computer|developer|inventor|man|software|technologist
👩‍💻|coder|computer|developer|inventor|software|technologist|woman
🧑‍🎤|actor|entertainer|rockstar|singer|star
👨‍🎤|actor|entertainer|man|rockstar|singer|star|male
👩‍🎤|actor|entertainer|rockstar|singer|star|woman|female
🧑‍🎨|artist|palette
👨‍🎨|artist|man|palette|painter|male
👩‍🎨|artist|palette|woman|painter|female
🧑‍✈️|pilot|plane
👨‍✈️|man|pilot|plane|male
👩‍✈️|pilot|plane|woman|female
🧑‍🚀|astronaut|rocket|space
👨‍🚀|astronaut|man|rocket|space|male
👩‍🚀|astronaut|rocket|space|woman|female
🧑‍🚒|firefighter|firetruck|fire engine|fire truck|engine|truck
👨‍🚒|firefighter|firetruck|man|fire truck|fireman|male
👩‍🚒|firefighter|firetruck|woman|fire truck|engine|firewoman|truck|female
👮|apprehend|arrest|citation|cop|law|officer|over|police|pulled|undercover
👮‍♂️|apprehend|arrest|citation|cop|law|man|officer|over|police|pulled|undercover|male
👮‍♀️|apprehend|arrest|citation|cop|law|officer|over|police|pulled|undercover|woman|female
🕵️|detective|sleuth|spy|investigator|private eye
🕵️‍♂️|detective|man|sleuth|spy|investigator|male
🕵️‍♀️|detective|sleuth|spy|woman|investigator|female
💂|buckingham|guard|helmet|london|palace
💂‍♂️|buckingham|guard|helmet|london|man|palace
💂‍♀️|buckingham|guard|helmet|london|palace|woman
🥷|assassin|fighter|hidden|ninja|person|secret|skills|sly|soldier|stealth|war
👷|build|construction|fix|hardhat|hat|man|person|rebuild|remodel|repair|worker|hard hat
👷‍♂️|build|construction|fix|hardhat|hat|man|rebuild|remodel|repair|worker|hard hat
👷‍♀️|build|construction|fix|hardhat|hat|man|rebuild|remodel|repair|woman|worker|hard hat|male
🫅|crown|monarch|noble|regal|royalty|king|person with crown|queen
🤴|crown|fairytale|fantasy|king|prince|royalty|tale|fairy tale
👸|crown|fairytale|fantasy|princess|queen|royalty|tale
👳|person|turban|wearing
👳‍♂️|man|turban|wearing|male
👳‍♀️|turban|wearing|woman|female
👲|cap|chinese|guapi|hat|mao|person|pi|skullcap|male
🧕|bandana|headscarf|hijab|kerchief|mantilla|tichel|woman|female
🤵|formal|tuxedo|wedding|groom|person in tuxedo
🤵‍♂️|formal|groom|tuxedo|wedding|man in tuxedo|male
🤵‍♀️|formal|tuxedo|wedding|woman in tuxedo|female
👰|person|veil|wedding
👰‍♂️|man|veil|wedding|male
👰‍♀️|bride|veil|wedding|woman with veil|female
🤰|pregnant|woman|female
🫃|belly|bloated|full|man|overeat|pregnant
🫄|belly|bloated|full|overeat|person|pregnant|stuffed
🤱|baby|breast-feeding|feeding|mom|mother|nursing|woman
👩‍🍼|baby|feeding|mom|mother|nanny|newborn|nursing|woman|female
👨‍🍼|baby|dad|father|feeding|man|nanny|newborn|nursing|male
🧑‍🍼|baby|feeding|nanny|newborn|nursing|parent
👼|angel|baby|church|face|fairytale|fantasy|tale
🎅|celebration|christmas|claus|fairy|fantasy|holiday|merry|tale|xmas|father christmas|santa claus
🤶|celebration|christmas|claus|fairy|fantasy|holiday|merry|mother|santa|tale|xmas|mrs claus|mrs santa claus|mrs. claus
🧑‍🎄|celebration|christmas|claus|fairy|fantasy|holiday|merry|santa|tale|xmas|mx. claus
🦸|good|hero|superhero|superpower
🦸‍♂️|good|hero|man|superhero|superpower
🦸‍♀️|good|heroine|superhero|superpower|woman
🦹|bad|criminal|evil|superpower|supervillain|villain
🦹‍♂️|bad|criminal|evil|man|superpower|supervillain|villain
🦹‍♀️|bad|criminal|evil|superpower|supervillain|villain|woman
🧙|fantasy|mage|magic|play|sorcerer|sorceress|sorcery|spell|summon|witch|wizard
🧙‍♂️|fantasy|mage|magic|man|play|sorcerer|sorceress|sorcery|spell|summon|witch|wizard
🧙‍♀️|fantasy|mage|magic|play|sorcerer|sorceress|sorcery|spell|summon|witch|wizard|woman
🧚|fairytale|fantasy|myth|person|pixie|tale|wings
🧚‍♂️|fairytale|fantasy|man|myth|oberon|person|pixie|puck|tale|wings
🧚‍♀️|fairytale|fantasy|myth|person|pixie|tale|titania|wings|woman
🧛|blood|dracula|fangs|halloween|scary|supernatural|teeth|undead|vampire
🧛‍♂️|blood|fangs|halloween|man|scary|supernatural|teeth|undead|vampire|male
🧛‍♀️|blood|fangs|halloween|scary|supernatural|teeth|undead|vampire|woman|female
🧜|creature|fairytale|folklore|merperson|ocean|sea|siren|trident
🧜‍♂️|creature|fairytale|folklore|merman|neptune|ocean|poseidon|sea|siren|trident|triton
🧜‍♀️|creature|fairytale|folklore|mermaid|merwoman|ocean|sea|siren|trident
🧝|elf|elves|enchantment|fantasy|folklore|magical|myth
🧝‍♂️|elf|elves|enchantment|fantasy|folklore|magical|man|myth
🧝‍♀️|elf|elves|enchantment|fantasy|folklore|magical|myth|woman
🧞|djinn|fantasy|genie|jinn|lamp|myth|rub|wishes
🧞‍♂️|djinn|fantasy|genie|jinn|lamp|man|myth|rub|wishes
🧞‍♀️|djinn|fantasy|genie|jinn|lamp|myth|rub|wishes|woman
🧟|apocalypse|dead|halloween|horror|scary|undead|walking|zombie
🧟‍♂️|apocalypse|dead|halloween|horror|man|scary|undead|walking|zombie|male
🧟‍♀️|apocalypse|dead|halloween|horror|scary|undead|walking|woman|zombie|female
🧌|fairy|fantasy|monster|tale|trolling
🫈|bigfoot|cryptid|forest|giant|hairy|sasquatch|woodwose|yeti
💆|face|getting|headache|massage|person|relaxing|salon|soothe|spa|tension|therapy|treatment|alm|calm face|girl|woman
💆‍♂️|face|getting|headache|man|massage|relaxing|salon|soothe|spa|tension|therapy|treatment|alm|boy|calm face|male
💆‍♀️|face|getting|headache|massage|relaxing|salon|soothe|spa|tension|therapy|treatment|woman|alm|calm face|girl|female
💇|barber|beauty|chop|cosmetology|cut|groom|haircut|parlor|shears|style|parlour|person getting haircut|salon
💇‍♂️|barber|beauty|chop|cosmetology|cut|groom|haircut|parlor|person|shears|style|parlour|hairdresser|man getting haircut|boy|male
💇‍♀️|barber|beauty|chop|cosmetology|cut|groom|haircut|parlor|person|shears|style|parlour|hairdresser|woman getting haircut|girl|female
🚶|amble|gait|hike|man|pace|pedestrian|person|stride|stroll|walking
🚶‍♂️|amble|gait|hike|man|pace|pedestrian|stride|stroll|walking|male
🚶‍♀️|amble|gait|hike|man|pace|pedestrian|stride|stroll|walking|woman|female
🧍|person|standing
🧍‍♂️|man|standing|male
🧍‍♀️|standing|woman|female
🧎|kneeling|knees|person
🧎‍♂️|kneeling|knees|man|male
🧎‍♀️|kneeling|knees|woman|female
🧑‍🦯|accessibility|blind|cane|probing|white|person with guide cane|person with white cane|person with long mobility cane
👨‍🦯|accessibility|blind|cane|probing|white|man with guide cane|male
👩‍🦯|accessibility|blind|cane|probing|white|woman with guide cane|female
🧑‍🦼|accessibility|motorized|wheelchair|person in motorised wheelchair|person in powered wheelchair|electric wheelchair
👨‍🦼|accessibility|motorized|wheelchair|man in powered wheelchair|electric wheelchair|man in motorised wheelchair|male
👩‍🦼|accessibility|motorized|wheelchair|woman in powered wheelchair|electric wheelchair|woman in motorised wheelchair|female
🧑‍🦽|accessibility|manual|person|wheelchair
👨‍🦽|accessibility|manual|wheelchair|male
👩‍🦽|accessibility|manual|wheelchair|woman|female
🏃|fast|hurry|marathon|move|person|quick|race|racing|run|rush|speed
🏃‍♂️|fast|hurry|man|marathon|move|quick|race|racing|run|rush|speed|male
🏃‍♀️|fast|hurry|marathon|move|quick|race|racing|run|rush|speed|woman|female
🧑‍🩰|ballet|dancer
💃|dancer|dancing|elegant|festive|flair|flamenco|groove|let’s|salsa|tango|woman|female
🕺|dancer|dancing|elegant|festive|flair|flamenco|groove|let’s|man|salsa|disco|tango undefined|male
🕴️|business|levitating|person|suit|male
👯|bestie|bff|counterpart|double|ear|pair|partying|people|soulmate|twinsies|bunny ears|dancers|dancing|girls|identical pair
👯‍♂️|bestie|bff|counterpart|double|ear|men|pair|partying|people|soulmate|twinsies undefined|bunny ears|dancers|dancing|identical pair
👯‍♀️|bestie|bff|counterpart|double|ear|pair|partying|people|soulmate|twinsies|women|bunny ears|dancers|dancing|identical pair|female
🧖|day|luxurious|pamper|person|relax|room|sauna|spa|steambath|unwind|steam bath
🧖‍♂️|day|luxurious|man|pamper|relax|room|sauna|spa|steambath|unwind|steam bath|male
🧖‍♀️|day|luxurious|pamper|relax|room|sauna|spa|steambath|unwind|woman|steam bath|female
🧗|climber|climbing|mountain|person|rock|scale|up
🧗‍♂️|climber|climbing|man|mountain|rock|scale|up
🧗‍♀️|climber|climbing|mountain|rock|scale|up|woman
🤺|fencer|fencing|person|sword
🏇|horse|jockey|racehorse|racing|riding|sport
⛷️|skier|snow
🏂|ski|snowboarder|sport
🏌️|ball|birdie|caddy|driving|golfing|green|pga|putt|range|tee|golfer|person golfing
🏌️‍♂️|ball|birdie|caddy|driving|golfing|green|pga|putt|range|tee|golfer|man golfing|male
🏌️‍♀️|ball|birdie|caddy|driving|golfing|green|pga|putt|range|tee|golfer|woman golfing|female
🏄|beach|ocean|sport|surfer|surfing|swell|waves|person surfing
🏄‍♂️|beach|man|ocean|sport|surfer|surfing|swell|waves|male
🏄‍♀️|beach|ocean|person|sport|surfer|surfing|swell|waves|woman|female
🚣|boat|canoe|cruise|fishing|lake|oar|paddle|raft|river|rowboat|rowing|person rowing boat
🚣‍♂️|boat|canoe|cruise|fishing|lake|man|oar|paddle|raft|river|rowboat|rowing|male
🚣‍♀️|boat|canoe|cruise|fishing|lake|oar|paddle|raft|river|rowboat|rowing|woman|female
🏊|freestyle|sport|swimmer|swimming|triathlon|person swimming
🏊‍♂️|freestyle|sport|swimmer|swimming|triathlon|man swimming
🏊‍♀️|freestyle|man|sport|swimmer|swimming|triathlon|woman swimming
⛹️|athletic|ball|basketball|bouncing|championship|dribble|net|person|player|throw
⛹️‍♂️|athletic|ball|basketball|bouncing|championship|dribble|man|net|player|throw|male
⛹️‍♀️|athletic|ball|basketball|bouncing|championship|dribble|net|player|throw|woman|female
🏋️|barbell|bodybuilder|deadlift|lifter|lifting|powerlifting|weightlifter|weights|workout|person lifting weights
🏋️‍♂️|barbell|bodybuilder|deadlift|lifter|lifting|man|powerlifting|weightlifter|weights|workout|male
🏋️‍♀️|barbell|bodybuilder|deadlift|lifter|lifting|powerlifting|weightlifter|weights|woman|workout|female
🚴|bicycle|bicyclist|bike|biking|cycle|cyclist|riding|sport|person biking|person riding a bike
🚴‍♂️|bicycle|bicyclist|bike|biking|cycle|cyclist|riding|sport|cycling|man riding a bike|male
🚴‍♀️|bicycle|bicyclist|bike|biking|cycle|cyclist|riding|sport|cycling|woman riding a bike|female
🚵|bicycle|bicyclist|bike|biking|cycle|cyclist|mountain|person|riding|sport
🚵‍♂️|bicycle|bicyclist|bike|biking|cycle|cyclist|man|mountain|riding|sport|male
🚵‍♀️|bicycle|bicyclist|bike|biking|cycle|cyclist|mountain|riding|sport|woman|female
🤸|active|cartwheeling|excited|flip|gymnastics|happy|person|somersault
🤸‍♂️|active|cartwheeling|excited|flip|gymnastics|happy|man|somersault|male
🤸‍♀️|active|cartwheeling|excited|flip|gymnastics|happy|somersault|woman|female
🤼|combat|duel|grapple|people|ring|tournament|wrestle|wrestling
🤼‍♂️|combat|duel|grapple|men|ring|tournament|wrestle|wrestling
🤼‍♀️|combat|duel|grapple|ring|tournament|women|wrestle|wrestling|female
🤽|person|playing|polo|sport|swimming|waterpolo
🤽‍♂️|man|playing|polo|sport|swimming|waterpolo
🤽‍♀️|playing|polo|sport|swimming|waterpolo|woman
🤾|athletics|ball|catch|chuck|handball|hurl|lob|person|pitch|playing|sport|throw|toss|boy|man
🤾‍♂️|athletics|ball|catch|chuck|handball|hurl|lob|man|pitch|playing|sport|throw|toss|boy|male
🤾‍♀️|athletics|ball|catch|chuck|handball|hurl|lob|pitch|playing|sport|throw|toss|woman|girl|female
🤹|act|balance|balancing|handle|juggle|juggling|manage|multitask|skill|multi-task|person juggling
🤹‍♂️|act|balance|balancing|handle|juggle|juggling|manage|multitask|skill|multi-task|male
🤹‍♀️|act|balance|balancing|handle|juggle|juggling|manage|multitask|skill|woman|multi-task|female
🧘|legged|legs|lotus|meditation|peace|person|position|relax|serenity|yoga|yogi|zen|cross legged
🧘‍♂️|legged|legs|lotus|man|meditation|peace|position|relax|serenity|yoga|yogi|zen|cross legged|seated position|male
🧘‍♀️|legged|legs|lotus|meditation|peace|position|relax|serenity|woman|yoga|yogi|zen undefined|cross legged|seated position|female
🛀|bathtub|taking|tub|person taking bath
🛌|bedtime|goodnight|hotel|nap|night|tired|zzz|person in bed|sleeping
🧑‍🤝‍🧑|bae|bestie|bff|couple|dating|flirt|friends|hand|hold|people|twins
👭|bae|bestie|bff|couple|dating|flirt|friends|girls|hand|sisters|twins|women|holding hands|female
👫|bae|bestie|bff|couple|dating|flirt|friends|hand|hold|twins|man and woman holding hands|woman and man holding hands
👬|bae|bestie|bff|boys|brothers|couple|dating|flirt|friends|hand|twins|gemini|holding hands|man|men holding hands|zodiac|male
💏|anniversary|babe|bae|couple|date|dating|heart|kiss|love|mwah|person|romance|together|xoxo|muah
💑|anniversary|babe|bae|couple|dating|heart|kiss|love|person|relationship|romance|together|you
🗣️|face|head|silhouette|speaking
👤|bust|mysterious|shadow|silhouette
👥|bff|busts|everyone|friends|people|silhouette
🫂|comfort|embrace|farewell|friendship|goodbye|hello|hugging|love|people|thanks
👪|child|family
🧑‍🧑‍🧒|adult|child|family
🧑‍🧑‍🧒‍🧒|adult|child|family
🧑‍🧒|adult|child|family
🧑‍🧒‍🧒|adult|child|family
👣|barefoot|clothing|footprints|omw|print|walk
🫆|clue|crime|detective|fingerprint|forensics|identity|mystery|print|safety|trace|security
🐵|animal|banana|face|monkey
🐒|animal|banana|monkey
🦍|animal|gorilla
🦧|animal|ape|monkey|orangutan
🐶|adorbs|animal|dog|face|pet|puppies|puppy
🐕|animals|dogs|pet
🦮|accessibility|animal|blind|dog|guide
🐕‍🦺|accessibility|animal|assistance|dog|service
🐩|animal|dog|fluffy|poodle
🐺|animal|face|wolf
🦊|animal|face|fox
🦝|animal|curious|raccoon|sly
🐱|animal|cat|face|kitten|kitty|pet
🐈|animals|cats|kitten|pet
🐈‍⬛|animal|black|cat|feline|halloween|meow|unlucky
🦁|alpha|animal|face|leo|lion|mane|order|rawr|roar|safari|strong|zodiac
🐯|animal|big|cat|face|predator|tiger
🐅|animal|big|cat|predator|tiger|zoo
🐆|animal|big|cat|leopard|predator|zoo
🐴|animal|dressage|equine|face|farm|horses
🫎|alces|animal|antlers|elk|mammal|moose
🫏|animal|ass|burro|donkey|hinny|mammal|mule|stubborn
🐎|animal|equestrian|farm|horse|racehorse|racing
🦄|face|unicorn
🦓|animal|stripe|zebra
🦌|animal|deer|stag
🦬|animal|bison|buffalo|herd|wisent
🐮|animal|cow|face|farm|milk|moo
🐂|animals|bull|farm|ox|taurus|zodiac
🐃|animal|buffalo|water|zoo
🐄|animals|cow|farm|milk|moo
🐷|animal|bacon|face|farm|pig|pork
🐖|animal|bacon|farm|pig|pork|sow
🐗|animal|boar|pig
🐽|animal|face|farm|nose|pig|smell|snout
🐏|animal|aries|horns|male|ram|sheep|zodiac|zoo
🐑|animal|baa|ewe|farm|female|fluffy|lamb|sheep|wool
🐐|animal|capricorn|farm|goat|milk|zodiac
🐪|animal|camel|desert|dromedary|hump|one
🐫|animal|bactrian|camel|desert|hump|two-hump camel
🦙|alpaca|animal|guanaco|llama|vicuña|wool
🦒|animal|giraffe|spots
🐘|animal|elephant
🦣|animal|extinction|large|mammoth|tusk|wooly|woolly
🦏|animal|rhinoceros
🦛|animal|hippopotamus
🐭|animal|face|mouse|pet
🐁|animals|mouse|pet|rodent
🐀|animal|rat|pet|rodent
🐹|animal|face|hamster|pet
🐰|animal|bunny|face|pet|rabbit
🐇|animal|bunny|pet|rabbit
🐿️|animal|chipmunk|squirrel
🦫|animal|beaver|dam|teeth
🦔|animal|hedgehog|spiny
🦇|animal|bat|vampire
🐻|animal|bear|face|grizzly|growl|honey
🐻‍❄️|animal|arctic|bear|polar|white
🐨|animal|australia|bear|down|face|koala|marsupial|under
🐼|animal|bamboo|face|panda
🦥|lazy|sloth|slow
🦦|animal|fishing|otter|playful
🦨|animal|skunk|stink
🦘|animal|joey|jump|kangaroo|marsupial
🦡|animal|badger|honey|pester
🐾|feet|paws|prints
🦃|bird|gobble|thanksgiving|turkey|poultry
🐔|animal|bird|chicken|ornithology|poultry
🐓|animal|bird|ornithology|rooster
🐣|animal|baby|bird|chick|egg|hatching
🐤|animal|baby|bird|chick|ornithology
🐥|animal|baby|bird|chick|front-facing|newborn|ornithology
🐦|animal|bird|ornithology
🐧|animal|antarctica|bird|ornithology|penguin
🕊️|bird|dove|fly|ornithology|peace
🦅|animal|eagle|ornithology|bird of prey
🦆|animal|bird|duck|ornithology
🦢|animal|bird|cygnet|duckling|ornithology|swan|ugly
🦉|animal|ornithology|owl|wise|bird of prey
🦤|animal|bird|dodo|extinction|large|ornithology
🪶|bird|feather|flight|light|plumage
🦩|animal|bird|flamboyant|flamingo|ornithology|tropical
🦚|animal|bird|colorful|ornithology|ostentatious|peacock|peahen|pretty|proud|colourful
🦜|animal|bird|ornithology|parrot|pirate|talk
🪽|angelic|ascend|aviation|bird|flying|heavenly|mythology|soar|wing
🐦‍⬛|animal|beak|bird|black|caw|corvid|crow|ornithology|raven|rook
🪿|animal|bird|duck|flock|fowl|gaggle|gander|geese|goose|honk|ornithology|silly
🐦‍🔥|ascend|ascension|emerge|fantasy|firebird|glory|immortal|phoenix|rebirth|reincarnation|reinvent|renewal|revival|revive|rise|transform
🐸|animal|face|frog
🐊|animal|crocodile|zoo
🐢|animal|terrapin|tortoise|turtle
🦎|animal|lizard|reptile
🐍|animal|bearer|ophiuchus|serpent|snake|zodiac
🐲|animal|dragon|face|fairytale|tale
🐉|animal|dragon|fairytale|knights|tale
🦕|brachiosaurus|brontosaurus|dinosaur|diplodocus|sauropod
🦖|dinosaur|rex|t-rex|tyrannosaurus
🐳|animal|beach|face|ocean|spouting|whale
🐋|animal|beach|ocean|whale
🐬|animal|beach|dolphin|flipper|ocean|porpoise
🫍|marine|ocean|whale|killer|orca
🦭|animal|lion|ocean|seal
🐟|animal|dinner|fishes|fishing|pisces|zodiac
🐠|animal|fishes|tropical|reef fish
🐡|animal|blowfish|fish
🦈|animal|fish|shark
🐙|animal|creature|ocean|octopus
🐚|animal|beach|conch|sea|shell|spiral
🪸|change|climate|coral|ocean|reef|sea
🪼|animal|aquarium|burn|invertebrate|jellyfish|life|ocean|ouch|plankton|sea|stinger|tentacles|marine life
🦀|cancer|crab|zodiac|crustacean|seafood|shellfish
🦞|animal|bisque|claws|lobster|seafood|shellfish
🦐|food|shellfish|shrimp|small|prawn|seafood
🦑|animal|food|mollusk|squid|mollusc|decapod|seafood
🦪|diving|oyster|pearl
🐌|animal|escargot|garden|nature|slug|snail|mollusc
🦋|butterfly|insect|pretty|moth
🐛|animal|bug|garden|insect|caterpillar|worm
🐜|animal|ant|garden|insect
🐝|animal|bee|bumblebee|honeybee|insect|nature|spring
🪲|animal|beetle|bug|insect
🐞|animal|beetle|garden|insect|ladybird|ladybug|nature
🦗|animal|bug|cricket|grasshopper|insect|orthoptera
🪳|animal|cockroach|insect|pest|roach
🕷️|animal|insect|spider|arachnid
🕸️|spider|web
🦂|scorpion|scorpius|zodiac
🦟|bite|disease|fever|insect|malaria|mosquito|pest|virus|dengue|mozzie
🪰|animal|disease|fly|insect|maggot|pest|rotting
🪱|animal|annelid|earthworm|parasite|worm
🦠|amoeba|bacteria|microbe|science|virus
💐|anniversary|birthday|bouquet|date|flower|love|plant|romance
🌸|blossom|cherry|flower|plant|springtime
💮|flower|white
🪷|beauty|buddhism|calm|flower|hinduism|lotus|peace|purity|serenity
🏵️|plant|rosette
🌹|beauty|elegant|flower|love|plant|red|rose|valentine
🥀|dying|flower|wilted
🌺|flower|hibiscus|plant
🌻|flower|outdoors|plant|sunflower
🌼|blossom|buttercup|dandelion|flower|plant
🌷|blossom|flower|growth|plant|tulip
🪻|bloom|bluebonnet|flower|hyacinth|indigo|lavender|lilac|lupine|plant|purple|shrub|snapdragon|spring|violet
🌱|plant|sapling|seedling|sprout|young
🪴|decor|grow|house|nurturing|plant|potted plant|pot plant|boring|useless
🌲|christmas|evergreen|forest|pine|tree
🌳|deciduous|forest|green|habitat|shedding|tree
🌴|beach|palm|plant|tree|tropical
🌵|cactus|desert|drought|nature|plant
🌾|ear|grains|plant|rice|sheaf of rice
🌿|herb|leaf|plant
🍀|4|clover|four-leaf|irish|leaf|lucky|plant
🍁|falling|leaf|maple
🍂|autumn|fallen|falling|leaf
🍃|blow|fluttering|leaf|wind
🪹|branch|empty|home|nesting
🪺|bird|branch|eggs|nesting
🍄|fungus|mushroom|toadstool
🪾|bare|barren|branches|dead|drought|leafless|tree|trunk|winter|wood
🍇|dionysus|fruit|grapes
🍈|cantaloupe|fruit|melon
🍉|fruit|watermelon
🍊|citrus|fruit|nectarine|orange|tangerine|vitamin|mandarin
🍋|citrus|fruit|lemon|sour
🍋‍🟩|acidity|citrus|cocktail|fruit|garnish|key|lime|margarita|mojito|refreshing|salsa|sour|tangy|tequila|tropical|zest undefined
🍌|banana|fruit|potassium
🍍|colada|fruit|pina|pineapple|tropical|piña
🥭|food|fruit|mango|tropical
🍎|apple|diet|food|fruit|health|red|ripe
🍏|apple|fruit|green
🍐|fruit|pear
🍑|fruit|peach
🍒|berries|cherries|cherry|fruit|red
🍓|berry|fruit|strawberry
🫐|berries|berry|bilberry|blueberries|blueberry|food|fruit
🥝|food|fruit|kiwi fruit
🍅|food|fruit|tomato|vegetable
🫒|food|olive
🥥|coconut|colada|palm|piña
🥑|avocado|food|fruit
🍆|aubergine|eggplant|vegetable
🥔|food|potato|vegetable
🥕|carrot|food|vegetable
🌽|crops|ear|farm|maize|maze|corn on the cob|sweetcorn
🌶️|pepper|chilli|hot pepper
🫑|capsicum|food|pepper|vegetable|sweet|bell pepper
🥒|cucumber|food|pickle|vegetable
🥬|burgers|cabbage|choy|green|kale|lettuce|salad|choi|bok choy|leafy green|pak choi
🥦|broccoli|cabbage|wild
🧄|flavoring|garlic|flavouring
🧅|flavoring|onion|flavouring
🥜|food|peanuts|vegetable|nuts
🫘|beans|food|legume|small|kidney beans
🌰|almond|chestnut|plant|nut
🫚|beer|ginger|health|herb|natural|root|spice
🫛|beanstalk|edamame|legume|pea|pod|soybean|vegetable|veggie|soya
🍄‍🟫|food|fungi|fungus|mushroom|nature|pizza|portobello|shiitake|shroom|spore|sprout|toppings|truffle|vegetable|vegetarian|veggie
🫜|food|garden|radish|root|salad|turnip|vegetable|vegetarian|beetroot
🍞|bread|carbs|food|grain|loaf|restaurant|toast|wheat
🥐|bread|breakfast|crescent|croissant|food|french|roll
🥖|baguette|bread|food|french stick
🫓|arepa|bread|flatbread|food|gordita|lavash|naan|pita|nan|pitta
🥨|convoluted|pretzel|twisted
🥯|bagel|bakery|bread|breakfast|schmear
🥞|breakfast|crêpe|food|hotcake|pancakes|crepe
🧇|breakfast|indecisive|iron|unclear|vague|waffle with butter
🧀|cheese|wedge
🍖|bone|meat
🍗|bone|chicken|drumstick|hungry|leg|poultry|turkey
🥩|chop|lambchop|meat|porkchop|red|steak|cut of meat|lamb chop|pork chop
🥓|bacon|breakfast|food|meat
🍔|burger|eat|fast|food|hamburger|hungry|beefburger
🍟|fast|food|fries|chips|french fries
🍕|cheese|food|hungry|pepperoni|pizza|slice
🌭|dog|frankfurter|hotdog|sausage|hot dog
🥪|bread|sandwich
🌮|mexican|taco
🌯|burrito|mexican|wrap
🫔|food|mexican|pamonha|tamale|wrapped
🥙|falafel|flatbread|food|gyro|kebab|stuffed|pita roll
🧆|chickpea|falafel|meatball|chick pea
🥚|breakfast|egg|food
🍳|breakfast|cooking|easy|egg|frying|over|pan|restaurant|side|sunny|up|fried
🥘|casserole|food|paella|pan|shallow
🍲|food|pot|soup|stew
🫕|cheese|chocolate|fondue|food|melted|pot|ski
🥣|bowl|breakfast|cereal|congee|oatmeal|porridge|spoon
🥗|food|green|salad|garden
🍿|corn|movie|popcorn|film
🧈|butter|dairy
🧂|condiment|flavor|mad|salty|shaker|taste|upset|flavour
🥫|canned|food|tin
🍱|bento|box|food
🍘|cracker|food|rice
🍙|ball|food|japanese|rice
🍚|cooked|food|rice
🍛|curry|food|rice
🍜|bowl|chopsticks|food|noodle|pho|ramen|soup|steaming
🍝|food|meatballs|pasta|restaurant|spaghetti
🍠|food|potato|roasted|sweet
🍢|food|kebab|oden|restaurant|seafood|skewer|stick
🍣|food|sushi
🍤|fried|prawn|shrimp|tempura|battered
🍥|cake|food|pastry|restaurant|swirl|fishcake|narutomaki|fish cake with swirl
🥮|autumn|cake|festival|yuèbǐng|full moon|mooncake
🍡|dango|dessert|japanese|skewer|stick|sweet
🥟|dumpling|empanada|gyōza|jiaozi|pierogi|potsticker|pastie|samosa
🥠|cookie|fortune|prophecy
🥡|box|chopsticks|delivery|food|oyster|pail|takeout|chinese|takeaway container
🍦|cream|dessert|food|icecream|restaurant|serve|sweet|ice cream|soft serve|soft-serve ice cream
🍧|dessert|ice|restaurant|shaved|sweet|granita
🍨|cream|dessert|food|restaurant|sweet|ice cream
🍩|breakfast|dessert|donut|doughnut|food|sweet
🍪|chip|chocolate|cookie|dessert|sweet|biscuit
🎂|bday|birthday|cake|celebration|dessert|happy|pastry|sweet
🍰|cake|dessert|pastry|shortcake|slice|sweet
🧁|bakery|cupcake|dessert|sprinkles|sugar|sweet|treat
🥧|apple|filling|fruit|meat|pastry|pie|pumpkin|slice
🍫|bar|candy|chocolate|dessert|halloween|sweet|tooth
🍬|candy|cavities|dessert|halloween|restaurant|tooth|wrapper|sweets
🍭|candy|dessert|food|lollipop|restaurant|sweet
🍮|custard|dessert|pudding|sweet|baked custard
🍯|barrel|bear|food|honeypot|jar|pot|sweet
🍼|babies|baby|birth|born|bottle|drink|infant|milk|newborn
🥛|drink|glass|milk
🫖|brew|drink|food|pot|teapot
🍵|beverage|cup|drink|handle|oolong|teacup
🍶|bar|beverage|bottle|cup|drink|restaurant|sake|saké
🍾|bar|cork|drink|popping|bottle with popping cork|bubbly
🍷|alcohol|bar|beverage|booze|club|drinking|drinks|glass|restaurant|wine
🍸|alcohol|bar|booze|club|cocktail|drinking|drinks|glass|mad|martini|men
🍹|alcohol|bar|booze|club|cocktail|drinking|drinks|drunk|party|tai|tropical|tropics|mai tai
🍺|alcohol|ale|bar|beer|booze|drinking|drinks|mug|octoberfest|oktoberfest|pint|stein|summer
🍻|alcohol|bar|beer|booze|bottoms|cheers|drinking|drinks|mugs|clinking beer mugs
🥂|celebrate|drink|glasses|cheers|clinking glasses
🥃|glass|liquor|scotch|shot|tumbler|whiskey|whisky|spirits
🫗|accident|drink|empty|glass|liquid|oops|pouring|spill|water
🥤|cup|drink|juice|malt|soda|soft|straw|water|fizzy|milkshake|pop
🧋|boba|bubble|food|milk|pearl|tea
🧃|beverage|box|straw|sweet|carton|drink carton|juice box|popper
🧉|drink|mate|maté
🧊|cold|cube|iceberg
🥢|chopsticks|hashi|jeotgarak|kuaizi|pair of chopsticks
🍽️|cooking|dinner|eat|fork|knife|plate
🍴|breakfast|breaky|cooking|cutlery|delicious|dinner|eat|feed|food|hungry|lunch|restaurant|yummy|brekkie|meal|fork and knife|knife and fork
🥄|eat|spoon|tableware
🔪|chef|cooking|hocho|kitchen|knife|tool|weapon
🫙|condiment|container|empty|jar|nothing|sauce|store
🏺|amphora|aquarius|cooking|drink|jug|tool|weapon|zodiac|jar
🌍|africa|earth|europe-africa|globe|showing|world
🌎|americas|earth|globe|showing|world
🌏|asia-australia|australia|earth|globe|showing|world
🌐|earth|globe|internet|meridians|web|worldwide
🗺️|map|world
🗾|japan|map
🧭|compass|direction|magnetic|navigation|orienteering
🏔️|cold|mountain|snow-capped
⛰️|mountain
🛘|avalanche|danger|disaster|earthquake|mountain|mudslide|rocks
🌋|eruption|mountain|nature|volcano
🗻|fuji|mountain|nature|mount fuji
🏕️|camping|tent
🏖️|beach|umbrella
🏜️|desert|cactus
🏝️|desert|island|palm|tree
🏞️|national|park|mountain|river|tree
🏟️|stadium|arena
🏛️|building|column|classical building
🏗️|building|construction|crane|site
🧱|bricks|clay|mortar|wall
🪨|boulder|heavy|rock|solid|stone|tough
🪵|log|lumber|timber|wood|stump
🛖|home|house|hut|roundhouse|shelter|yurt
🏘️|houses
🏚️|derelict|home|house
🏠|building|country|heart|home|house|ranch|settle|simple|suburban|suburbia|where
🏡|building|country|garden|heart|home|house|ranch|settle|simple|suburban|suburbia|where
🏢|building|city|cubical|job|office
🏣|building|japanese|office|post
🏤|building|european|office|post
🏥|building|doctor|hospital|medicine
🏦|bank|building
🏨|building|hotel
🏩|building|hotel|love
🏪|24|building|convenience|hours|store|shop|dépanneur
🏫|building|school
🏬|building|department|store
🏭|building|factory
🏯|building|castle|japanese
🏰|building|castle|european
💒|chapel|hitched|nuptials|romance|wedding
🗼|tokyo|tower
🗽|liberty|new|nyc|york|statue of liberty
⛪|bless|chapel|christian|church|cross|religion
🕌|islam|masjid|mosque|muslim|religion
🛕|hindu|temple
🕍|jewish|judaism|religion|synagogue|temple|shul
⛩️|religion|shinto|shrine|torii
🕋|hajj|islam|kaaba|muslim|religion|umrah
⛲|fountain
⛺|camping|tent
🌁|foggy
🌃|stars|night with stars|starry night
🏙️|cityscape|skyline
🌄|morning|mountains|over|sunrise
🌅|morning|nature|sunrise
🌆|at|building|dusk|evening|landscape|sunset|cityscape at dusk|skyline at dusk
🌇|building|dusk|sunset|cityscape
🌉|at|bridge|night
🎠|carousel|entertainment|horse|merry-go-round
🛝|amusement|park|playground|playing|slide|sliding|theme
🎡|ferris|park|wheel|amusement park|theme park
🎢|amusement|coaster|park|roller|theme
💈|barber|cut|fresh|haircut|pole|shave
🎪|circus|tent|big top
🚂|caboose|engine|locomotive|railway|steam|trains|travel
🚃|electric|railway|tram|travel|trolleybus|carriage|train carriage|trolley bus
🚄|railway|shinkansen|speed|train|tgv|high-speed train
🚅|bullet|high-speed|nose|railway|shinkansen|speed|train|travel
🚆|arrived|choo|railway|train
🚇|metro|subway|travel|tube|underground
🚈|arrived|light|monorail|railway
🚉|railway|station|train
🚊|trolleybus|light rail|oncoming light rail|car|streetcar|tramcar|trolley bus
🚝|monorail|vehicle
🚞|mountain|railway|trip|carriage
🚋|bus|car|trolleybus|trolley bus|streetcar|tramcar
🚌|bus|school|vehicle|coach
🚍|bus|cars|oncoming|coach
🚎|bus|tram|trolleybus|streetcar
🚐|bus|drive|minibus|van|vehicle
🚑|ambulance|emergency|vehicle
🚒|engine|fire|truck
🚓|5–0|car|cops|patrol|police
🚔|car|oncoming|police
🚕|cabbie|car|drive|taxi|vehicle|yellow
🚖|cabbie|cars|drove|hail|oncoming|taxi|yellow|drive
🚗|automobile|car|driving|vehicle
🚘|automobile|cars|drove|oncoming|vehicle|drive
🚙|car|drive|recreational|sportutility|utility|vehicle|4x4|off-road|suv|4wd|four-wheel drive|sport utility vehicle
🛻|automobile|car|flatbed|pick-up|pickup|transportation|truck|ute
🚚|car|delivery|drive|truck|vehicle|lorry
🚛|car|drive|lorry|move|semi|truck|vehicle|articulated truck
🚜|tractor|vehicle
🏎️|car|racing|zoom
🏍️|motorcycle|racing|motorbike
🛵|motor|scooter
🦽|accessibility|manual|wheelchair
🦼|accessibility|motorized|wheelchair|mobility scooter
🛺|rickshaw|tuk-tuk|auto rickshaw|tuk tuk|tuktuk
🚲|bicycle|bike|class|cycle|cycling|cyclist|gang|ride|spinning
🛴|kick|scooter
🛹|board|skateboard|skater|wheels
🛼|blades|skates|sport|rollerskate
🚏|busstop|stop
🛣️|highway|motorway|road|freeway
🛤️|railway|track|train
🛢️|drum|oil
⛽|diesel|fuelpump|gasoline|pump|station|petrol pump
🛞|car|circle|tire|turn|vehicle|wheel|tyre
🚨|alarm|alert|beacon|car|emergency|light|police|revolving|siren
🚥|intersection|signal|stoplight|traffic|junction|horizontal traffic lights|lights
🚦|drove|intersection|signal|stoplight|traffic|junction|lights|vertical traffic lights
🛑|octagonal|sign|stop
🚧|barrier|construction
🛟|buoy|float|lifesaver|preserver|rescue|safety|saver|swim|life preserver|lifebuoy|ring buoy
⛵|boat|resort|sailboat|sailing|sea|yacht
🛶|boat|canoe|kayak
🚤|billionaire|boat|lake|luxury|millionaire|speedboat|summer|travel
🛳️|passenger|ship|cruise|liner
⛴️|boat|ferry|passenger
🛥️|boat|motorboat
🚢|boat|passenger|ship|travel
🛩️|aeroplane|airplane|plane|aircraft|light|small airplane|small plane
🛫|aeroplane|airplane|check-in|departures|take-off|flight departure|plane departure
🛬|aeroplane|airplane|arrivals|arriving|landing|plane
🪂|hang-glide|parachute|parasail|skydive|parascend
💺|chair|seat
🚁|copter|helicopter|roflcopter|travel|vehicle
🚟|railway|suspension|monorail|cable
🚠|cableway|gondola|lift|mountain|ski
🚡|aerial|cable|car|gondola|ropeway|tramway
🛰️|satellite|space
🚀|launch|rockets|space|travel
🛸|aliens|saucer|terrestrial|ufo|extraterrestrial|flying saucer|spaceship
🛎️|bellhop|hotel|concierge|reception|service|porter
🧳|bag|luggage|packing|roller|suitcase|travel
⌛|done|sand|timer|hourglass done
⏳|done|flowing|hourglass|hours|not|sand|timer|waiting|yolo
⌚|clock|time|watch|wristwatch
⏰|alarm|clock|hours|hrs|late|time|waiting
⏱️|clock|stopwatch|time
⏲️|clock|timer
🕰️|clock|mantelpiece|time
🕛|12:00|clock|o’clock|time|twelve
🕧|12:30|30|clock|thirty|time|twelve-thirty|past|half past twelve|12.30
🕐|1:00|clock|o’clock|one|time
🕜|1:30|30|clock|one-thirty|thirty|time|past|half past one|1.30
🕑|2:00|clock|o’clock|time|two
🕝|2:30|30|clock|thirty|time|two-thirty|past|half past two|2.30
🕒|3:00|clock|o’clock|three|time
🕞|3:30|30|clock|thirty|three-thirty|time|past|half past three|3.30
🕓|4:00|clock|four|o’clock|time
🕟|30|4:30|clock|four-thirty|thirty|time|past|half past four|4.30
🕔|5:00|clock|five|o’clock|time
🕠|30|5:30|clock|five-thirty|thirty|time|past|half past five|5.30
🕕|6:00|clock|o’clock|six|time
🕡|30|6:30|clock|six-thirty|thirty|past|half past six|6.30
🕖|0|7:00|clock|o’clock|seven|time
🕢|30|7:30|clock|seven-thirty|thirty|past|half past seven|7.30
🕗|8:00|clock|eight|o’clock|time
🕣|30|8:30|clock|eight-thirty|thirty|time|past|half past eight|8.30
🕘|9:00|clock|nine|o’clock|time
🕤|30|9:30|clock|nine-thirty|thirty|time|past|half past nine|9.30
🕙|0|10:00|clock|o’clock|ten|time
🕥|10:30|30|clock|ten-thirty|thirty|time|past|half past ten|10.30
🕚|11:00|clock|eleven|o’clock|time
🕦|11:30|30|clock|eleven-thirty|thirty|time|past|half past eleven|11.30
🌑|dark|moon|new|space
🌒|crescent|dreams|moon|space|waxing
🌓|first|moon|quarter|space
🌔|gibbous|moon|space|waxing
🌕|full|moon|space
🌖|gibbous|moon|space|waning
🌗|last|moon|quarter|space|half|third
🌘|crescent|moon|space|waning
🌙|crescent|moon|ramadan|space
🌚|face|moon|new|space
🌛|face|first|moon|quarter|space
🌜|dreams|face|last|moon|quarter
🌡️|thermometer|weather|temperature
🌝|bright|face|moon|full-moon face
🌞|beach|bright|day|face|heat|shine|sunny|sunshine|weather
🪐|planet|ringed|saturnine
⭐|astronomy|medium|stars|white
🌟|glittery|glowing|night|shining|sparkle|star|win
🌠|falling|night|shooting|space|star
🌌|space|way|milky way
⛅|behind|cloudy|sun|weather
⛈️|cloud|lightning|rain|thunderstorm|weather
🌤️|behind|cloud|sun|weather
🌥️|behind|cloud|sun|weather
🌦️|behind|cloud|rain|sun|weather
🌧️|cloud|rain|weather
🌨️|cloud|cold|snow|weather
🌩️|cloud|lightning|weather
🌪️|cloud|tornado|weather|whirlwind
🌫️|cloud|fog|weather
🌬️|blow|cloud|face|wind
🌀|cyclone|dizzy|hurricane|twister|typhoon|weather
🌈|gay|genderqueer|glbtq|lesbian|lgbtqia|nature|pride|queer|rainbow|transgender|weather undefined
🌂|closed|clothing|rain|umbrella
⛱️|ground|rain|umbrella|beach|sunshade|sand
⚡|danger|electricity|high|lightning|nature|thunderbolt|voltage|zap
⛄|cold|man|snowman
🔥|af|burn|fire|flame|hot|litaf|tool
💧|cold|comic|droplet|nature|sad|sweat|tear|water|weather
🌊|nature|ocean|surfer|surfing|water|wave|sea
🎃|celebration|halloween|jack-o-lantern|lantern|pumpkin|jack-o’-lantern
🎄|celebration|christmas|tree
🎆|boom|celebration|entertainment|fireworks|yolo
🎇|boom|celebration|fireworks|sparkler
🧨|dynamite|explosive|firecracker|fireworks|light|popping|spark
🎈|balloon|birthday|celebrate|celebration
🎉|awesome|birthday|celebrate|celebration|excited|hooray|party|popper|tada|woohoo|ta-da
🎊|ball|celebrate|celebration|confetti|party|woohoo
🎋|banner|celebration|japanese|tree|tanabata tree
🎍|bamboo|celebration|decoration|japanese|pine|plant
🎎|celebration|dolls|festival|japanese
🎏|carp|celebration|streamer|japanese|koinobori|sock|wind
🎐|bell|celebration|chime|wind
🎑|celebration|ceremony|viewing|moon viewing ceremony|moon-viewing ceremony
🧧|envelope|gift|good|hóngbāo|lai|luck|money|red|see
🎀|celebration|ribbon
🎁|birthday|bow|box|celebration|christmas|gift|present|surprise|wrapped
🎗️|celebration|reminder|ribbon|awareness
🎟️|tickets|admission tickets|entry
🎫|admission|stub|ticket
🎖️|award|celebration|medal|military
🏆|champion|champs|prize|slay|sport|trophy|victory|winning|celebration
🏅|award|gold|medal|sports|winner|celebration
🥇|1st|first|gold|medal|place
🥈|2nd|medal|place|second|silver
🥉|3rd|bronze|medal|place|third
⚽|ball|football|futbol|soccer|sport
⚾|ball|baseball|sport
🥎|ball|glove|softball|sports|underarm
🏀|ball|basketball|hoop|sport
🏐|ball|game|volleyball
🏈|american|ball|bowl|football|sport|super
🏉|ball|football|sport|australian football|rugby ball|rugby league|rugby union
🎾|ball|racquet|sport|tennis
🥏|disc|ultimate|flying disc|frisbee
🎳|ball|bowling|game|sport|strike|tenpin bowling
🏏|ball|bat|game|cricket match
🏑|ball|field|game|hockey|stick
🏒|game|hockey|ice|puck|stick
🥍|ball|goal|lacrosse|sports|stick
🏓|ball|bat|game|paddle|pingpong|pong|tennis|ping pong|ping-pong|table tennis
🏸|badminton|birdie|game|racquet|shuttlecock
🥊|boxing|glove
🥋|arts|judo|karate|taekwondo|uniform|martial arts uniform|mma
🥅|net|goal cage
⛳|golf|hole|sport|flag in hole
⛸️|skate|skating|ice skating
🎣|entertainment|pole|sport|rod|fishing pole|fishing rod
🤿|mask|scuba|snorkeling|snorkelling|diving mask
🎽|athletics|running|sash|shirt
🎿|skis|snow|sport|skiing
🛷|luge|sledge|sleigh|snow|toboggan
🥌|game|rock|stone|curling rock|curling stone
🎯|bullseye|dart|entertainment|game|hit|target|bull’s-eye|direct hit
🪀|fluctuate|toy|yo-yo
🪁|fly|kite|soar
🔫|gun|handgun|pistol|revolver|tool|weapon|toy|water pistol
🎱|8ball|ball|billiard|eight|game|magic 8 ball|pool 8 ball
🔮|ball|crystal|fairytale|fantasy|fortune|future|magic|tale|tool
🪄|magician|wand|witch|wizard
🎮|controller|entertainment|game|video
🕹️|game|joystick|videogame
🎰|casino|gamble|gambling|game|machine|slots|pokies
🎲|dice|die|entertainment|game
🧩|clue|interlocking|jigsaw|piece|puzzle
🧸|bear|plaything|plush|stuffed|teddy|toy
🪅|candy|celebrate|celebration|cinco|de|festive|mayo|party|pinada|pinata|piñata
🪩|ball|dance|disco|glitter|mirror|party
🪆|babooshka|baboushka|babushka|dolls|matryoshka|nesting dolls|russian dolls
♟️|chess|dupe|expendable|pawn
🃏|card|game|joker|wildcard
🀄|dragon|game|red|mahjong red dragon
🎴|cards|flower|game|japanese|playing
🎭|actor|actress|arts|entertainment|mask|performing|theater|theatre|thespian
🖼️|art|framed|museum|painting|picture
🎨|artist|artsy|arty|colorful|creative|entertainment|museum|painter|painting|palette|colourful
🧵|needle|sewing|spool|string|thread
🪡|embroidery|sewing|stitches|sutures|tailoring|thread|needle and thread
🧶|ball|crochet|knit|yarn
🪢|cord|knot|rope|tangled|tie|twine|twist
👓|clothing|eyeglasses|eyewear|glasses
🕶️|dark|eyewear|glasses|sunglasses|shades|sunnies
🥽|dive|eye|goggles|protection|scuba|swimming|welding
🥼|clothes|coat|doctor|dr|experiment|jacket|lab|scientist|white
🦺|emergency|safety|vest|hi-vis|high-vis|jacket|life jacket
👔|clothing|employed|necktie|serious|shirt|tie
👕|blue|casual|clothes|clothing|dressed|shirt|shopping|t-shirt|tshirt|weekend|green|tee-shirt|t shirt|collarless
👖|blue|casual|clothes|clothing|denim|dressed|jeans|pants|shopping|trousers|weekend
🧣|bundle|cold|neck|scarf|up
🧤|gloves|hand
🧥|brr|bundle|coat|cold|jacket|up
🧦|socks|stocking
👗|clothes|clothing|dressed|fancy|shopping|woman’s clothes
👘|clothing|comfortable|kimono
🥻|clothing|dress|sari
🩱|suit|swimsuit|bathing suit|one-piece swimsuit|swimming costume|bathers|costume|swimmers|togs
🩲|briefs|one-piece|suit|swimsuit|underwear|bathing suit|pants|bathers|speedos
🩳|pants|shorts|suit|swimsuit|underwear|bathing suit|boardshorts|swim shorts|boardies
👙|bathing|beach|bikini|clothing|pool|suit|swim suit|two-piece
👚|blouse|clothes|clothing|collar|dressed|lady|shirt|shopping|top|woman’s clothes
🪭|clack|clap|cooling|dance|fan|flirt|flutter|hot|shy|accessory|folding fan|hand fan|japanese|summer
👛|clothes|clothing|coin|dress|fancy|handbag|purse|shopping|accessories
👜|bag|clothes|clothing|dress|handbag|lady|purse|shopping|accessories|tote
👝|bag|clothes|clothing|dress|handbag|pouch|purse|accessories|clutch bag
🛍️|bags|hotel|shopping
🎒|backpacking|bag|bookbag|education|rucksack|satchel|school
🩴|flop|sandals|shoe|thongs|zōri|beach sandals|flip-flop|flipflop|thong sandals|zori|flip flop|jandal
👞|brown|clothes|clothing|feet|foot|kick|man’s|shoes|shopping
👟|athletic|clothes|clothing|fast|kick|shoes|shopping|sneaker|tennis|trainers|runners|running shoe
🥾|backpacking|boot|brown|camping|hiking|outdoors|shoe
🥿|comfy|flats|shoe|slip-on|slipper|ballet flat|flat shoe|pump
👠|clothes|clothing|dress|fashion|heels|shoes|shopping|stiletto|woman|high-heeled shoe
👡|clothing|sandal|shoe|woman’s
🩰|ballet|dance|shoes
👢|boot|clothes|clothing|dress|shoes|shopping|woman’s
🪮|afro|comb|groom|hair|pick
👑|clothing|crown|family|king|medieval|queen|royalty|win
👒|clothes|clothing|garden|hats|party|woman’s
🎩|clothes|clothing|fancy|formal|hat|magic|tophat
🎓|cap|celebration|clothing|education|graduation|hat|scholar
🧢|baseball|bent|billed|cap|dad|hat
🪖|army|helmet|military|soldier|warrior
⛑️|aid|cross|face|hat|helmet|rescue|worker’s
📿|beads|clothing|necklace|prayer|religion
💄|cosmetics|date|lipstick|makeup|make-up
💍|diamond|engaged|engagement|married|ring|romance|shiny|sparkling|wedding
💎|diamond|engagement|jewel|money|romance|stone|wedding|gem stone|gemstone
🔇|muted|quiet|silent|sound|speaker
🔈|low|soft|sound|speaker|volume|quiet
🔉|medium|sound|speaker|volume
🔊|high|loud|music|sound|speaker|volume
📢|address|communication|loudspeaker|public|sound
📣|cheering|megaphone|sound
📯|horn|postal
🔔|bell|break|church|sound
🔕|bell|forbidden|mute|not|prohibited|quiet|silent|slash|sound
🎼|musical|note|score
🎵|musical|note|sound
🎶|musical|notes|sound
🎙️|microphone|music|studio
🎚️|level|music|slider
🎛️|control|knobs|music
🎤|karaoke|microphone|music|sing|sound
🎧|earbud|headphone|sound
📻|entertainment|radio|tbt|video|am|fm|wireless
🎷|instrument|music|saxophone
🎺|instrument|music|trumpet
🪊|brass|instrument|jazz|music|sad|slide|trombone
🪗|accordion|box|concertina|instrument|music|squeezebox
🎸|guitar|instrument|music|strat
🎹|instrument|keyboard|piano|musical keyboard|organ
🎻|instrument|music|violin
🪕|banjo|music|stringed
🥁|drumsticks|music|percussions
🪘|beat|conga|drum|instrument|long|rhythm
🪇|cha|dance|instrument|maracas|music|party|percussion|rattle|shaker
🪈|band|fife|flautist|flute|instrument|marching|music|orchestra|piccolo|pipe|recorder|woodwind
🪉|cupid|harp|instrument|love|music|orchestra
📱|cell|communication|mobile|phone|telephone
📲|arrow|build|call|cell|communication|mobile|phone|receive|telephone
☎️|phone|telephone|landline
📞|communication|phone|receiver|telephone|voip
📟|communication|pager
📠|communication|fax|machine
🔋|battery
🪫|battery|drained|electronic|energy|low|power
🔌|electricity|plug
💻|computer|laptop|office|pc|personal
🖥️|computer|desktop|monitor
🖨️|computer|printer
🖱️|computer|mouse
🖲️|computer|trackball
💽|computer|disk|minidisk|optical
💾|computer|floppy|diskette
💿|blu-ray|cd|computer|disk|dvd|optical
📀|blu-ray|cd|computer|disk|dvd|optical
🧮|abacus|calculation|calculator
🎥|bollywood|camera|cinema|film|hollywood|movie|record
🎞️|cinema|film|frames|movie
📽️|cinema|film|movie|projector|video
🎬|action|board|movie|clapper board|clapperboard|film
📺|television|tv|video
📷|camera|photo|selfie|snap|tbt|trip|video
📸|camera|flash|video
📹|camcorder|camera|tbt|video
📼|old|school|tape|vcr|vhs|videocassette|videotape
🔍|glass|lab|left-pointing|magnifying|science|search|tilted|tool
🔎|contact|glass|lab|magnifying|right-pointing|science|search|tilted|tool
🕯️|candle|light
💡|bulb|comic|electric|idea|light|globe
🔦|electric|flashlight|light|tool|torch
🏮|bar|lantern|light|paper|red|restaurant
🪔|diya|lamp|light|oil
📔|book|cover|decorated|decorative|education|notebook|school|writing
📕|book|closed|education
📖|book|education|fantasy|knowledge|library|novels|open|reading
📗|book|education|fantasy|green|library|reading
📘|blue|book|education|fantasy|library|reading
📙|book|education|fantasy|library|orange|reading
📚|books|education|fantasy|knowledge|library|novels|reading|school|study
📓|notebook
📒|ledger|notebook
📃|curl|document|page|paper
📜|paper|scroll
📄|document|facing|page|paper|up
📰|communication|newspaper|paper
🗞️|newspaper|paper|rolled-up
📑|bookmark|marker|tabs
🔖|bookmark|mark
🏷️|label|tag
🪙|coin|dollar|euro|gold|metal|money|rich|silver|treasure
💰|bag|bank|bet|billion|cash|cost|dollar|gold|million|moneybag|paid|paying|pot|rich|win
🪎|gem|gold|jewels|loot|money|prize|silver|valuables|wealth|chest|treasure
💴|banknote|bill|currency|money|note|yen
💵|banknote|bill|currency|dollar|money|note
💶|100|banknote|bill|currency|euro|money|note|rich
💷|banknote|billion|cash|currency|money|note|pounds|sterling
💸|banknote|billion|cash|dollar|fly|million|money|note|pay|wings
💳|bank|card|cash|charge|credit|money|pay
🧾|accounting|bookkeeping|evidence|invoice|proof|receipt
💹|bank|currency|growth|increasing|market|money|rise|trend|upward|yen|chart increasing with yen|graph increasing with yen
📧|e-mail|email|letter|mail
📨|delivering|e-mail|email|envelope|incoming|letter|mail|receive|sent
📩|arrow|communication|down|e-mail|email|envelope|letter|mail|outgoing|send|sent
📤|box|email|letter|mail|outbox|sent|tray|out tray
📥|box|email|inbox|letter|mail|receive|tray|zero|in tray
📦|box|communication|delivery|package|parcel|shipping
📫|communication|flag|mailbox|postbox|raised|closed postbox with raised flag|letterbox|post box|closed letterbox with raised flag
📪|flag|lowered|mailbox|postbox|closed postbox with lowered flag|letterbox|post box|closed letterbox with lowered flag
📬|flag|mailbox|postbox|raised|open postbox with raised flag|post box|open letterbox with raised flag
📭|flag|lowered|mailbox|postbox|open postbox with lowered flag|post box|open letterbox with lowered flag
📮|mailbox|postbox|post box
🗳️|ballot|box
✏️|pencil
🖋️|fountain|pen
🖊️|ballpoint|pen
🖌️|paintbrush|painting
🖍️|crayon
📝|communication|media|memo|notes|pencil
💼|briefcase|office
📁|file|folder
📂|file|folder|open
🗂️|card|dividers|index
📅|calendar|date
📆|calendar|tear-off
🗒️|notepad|pad|spiral
🗓️|calendar|pad|spiral
📇|card|index|old|rolodex|school
📈|data|growth|increasing|right|trend|upward|chart increasing|graph increasing
📉|data|decreasing|downward|negative|trend|chart decreasing|graph decreasing
📊|bar|chart|data|graph
📋|clipboard|do|list|notes
📌|collage|pin|pushpin|drawing-pin
📍|location|map|pin|pushpin|round drawing-pin
📎|paperclip
🖇️|linked|paperclips
📏|angle|edge|math|ruler|straightedge
📐|angle|math|ruler|slide|triangle|set square|triangular ruler
🗃️|box|card|file
🗄️|cabinet|file|filing|paper
🗑️|can|garbage|trash|wastebasket|rubbish bin|waste paper basket
🔒|closed|locked|private|padlock
🔓|cracked|lock|open|unlocked|padlock
🔏|ink|locked|nib|pen|privacy
🔐|bike|closed|key|locked|secure
🔑|keys|lock|major|password|unlock
🗝️|clue|key|lock|old
🔨|hammer|home|improvement|repairs|tool
🪓|axe|chop|hatchet|split|wood
⛏️|hammer|mining|pick|tool
🛠️|spanner|tool|wrench|hammer and spanner|hammer and wrench
🗡️|dagger|knife|weapon
💣|bomb|boom|comic|dangerous|explosion|hot
🪃|boomerang|rebound|repercussion|weapon
🏹|archery|arrow|bow|sagittarius|tool|weapon|zodiac
🛡️|shield|weapon
🪚|carpenter|carpentry|cut|lumber|saw|tool|trim
🔧|home|improvement|spanner|tool|wrench
🪛|flathead|handy|screwdriver|tool
🔩|bolt|home|improvement|nut|tool
🗜️|clamp|compress|tool|vice
🦯|accessibility|blind|cane|probing|guide cane|long mobility cane|white cane
🔗|links
⛓️‍💥|breaking|broken|chain|cuffs|freedom
⛓️|chains
🪝|catch|crook|curve|ensnare|hook|point|fishing|selling point
🧰|box|chest|mechanic|red|toolbox
🧲|attraction|horseshoe|magnetic|negative|positive|shape|u
🪜|climb|ladder|rung|step
🪏|bury|dig|garden|hole|plant|scoop|shovel|snow|spade
🧪|chemistry|experiment|lab|science|test|tube
🧫|bacteria|biologist|biology|culture|dish|lab|petri
🧬|biologist|dna|evolution|genetics|life
🔬|experiment|lab|microscope|science|tool
🔭|contact|extraterrestrial|science|telescope|tool
📡|aliens|antenna|contact|dish|satellite|science
💉|doctor|flu|medicine|needle|shot|sick|syringe|tool|vaccination|ill|injection
🩸|bleed|blood|donation|drop|injury|medicine|menstruation
💊|doctor|drugs|medicated|medicine|pills|sick|vitamin|capsule
🩹|bandage|injury|plaster|sticking plaster|adhesive bandage|bandaid|dressing
🩼|aid|cane|crutch|disability|help|hurt|injured|mobility|stick
🩺|doctor|heart|medicine|stethoscope
🩻|bones|doctor|medical|skeleton|skull|x-ray|xray
🚪|back|closet|door|front
🛗|accessibility|elevator|hoist|lift
🪞|makeup|mirror|reflection|reflector|speculum|looking glass
🪟|air|frame|fresh|opening|transparent|view|window
🛏️|bed|hotel|sleep
🛋️|hotel|lamp|couch and lamp|sofa and lamp
🪑|chair|seat|sit
🚽|bathroom|toilet|facilities|loo|wc|lavatory
🪠|cup|force|plumber|plunger|poop|suction|toilet
🚿|shower|water
🛁|bathtub
🪤|bait|cheese|lure|mousetrap|snare|trap
🪒|razor|sharp|shave|cut-throat
🧴|bottle|moisturizer|shampoo|sunscreen|lotion bottle|moisturiser
🧷|diaper|pin|rock|nappy|punk rock|safety pin
🧹|broom|cleaning|sweeping|witch
🧺|basket|farming|laundry|picnic
🧻|towels|paper towels|roll of paper|toilet paper|toilet roll
🪣|bucket|cask|pail|vat
🧼|bar|bathing|cleaning|lather|soapdish|soap dish
🫧|bubbles|burp|clean|floating|pearl|soap|underwater
🪥|bathroom|brush|clean|dental|hygiene|teeth|toiletry|toothbrush
🧽|absorbing|cleaning|porous|soak|sponge
🧯|extinguisher|fire|quench
🛒|cart|shopping|trolley|basket
🚬|cigarette|smoking
⚰️|coffin|dead|death|vampire|casket
🪦|cemetery|dead|graveyard|headstone|memorial|rip|tombstone
⚱️|ashes|death|funeral|urn
🧿|amulet|bead|blue|charm|evil-eye|talisman|evil eye|nazar amulet
🪬|amulet|fatima|fortune|guide|hamsa|hand|mary|miriam|palm|protection
🗿|face|moai|moyai|statue|stoneface|travel
🪧|card|demonstration|notice|picket|placard|plaque|protest|sign
🪪|card|credentials|document|license|security|driving|identification card|licence
🏧|atm|automated|bank|money|sign|teller|cashpoint
🚮|bin|litterbin|sign|garbage|litter bin|litter in bin sign|trash
🚰|drinking|potable|water
♿|access|handicap|symbol|disabled access|wheelchair symbol
🚹|bathroom|lavatory|man|restroom|room|toilet|wc|loo|men’s room|washroom
🚺|bathroom|lavatory|restroom|room|toilet|wc|woman|loo|ladies room|women’s room|women’s toilet|ladies’ room
🚻|bathroom|lavatory|restroom|toilet|wc|washroom
🚼|changing|symbol|baby symbol|change room
🚾|bathroom|closet|lavatory|restroom|toilet|wc|amenities|water closet
🛂|control|passport|border|security
🛃|customs|packing
🛄|arrived|baggage|bags|case|checked|claim|journey|packing|plane|ready|travel|trip
🛅|baggage|case|left|locker|luggage
⚠️|caution|warning
🚸|children|crossing|pedestrian|traffic
⛔|do|entry|fail|forbidden|not|pass|prohibited|traffic|denied
🚫|entry|forbidden|not|prohibited|smoke|denied
🚳|bicycles|bike|forbidden|not|prohibited
🚭|forbidden|not|prohibited|smoke|smoking|denied
🚯|forbidden|littering|not|prohibited
🚱|dry|non-drinking|non-potable|prohibited|water|non-drinkable water
🚷|forbidden|not|pedestrians|prohibited|denied|no pedestrians
📵|cell|forbidden|mobile|not|phones|prohibited|telephone
🔞|18|age|eighteen|forbidden|not|one|prohibited|restriction|underage
⬆️|arrow|cardinal|direction|north|up
➡️|arrow|cardinal|direction|east|right
⬇️|arrow|cardinal|direction|down|south
⬅️|arrow|cardinal|direction|left|west
↩️|arrow|curving|left|right
↪️|arrow|curving|left|right
🔃|arrows|clockwise|refresh|reload|vertical
🔄|again|anticlockwise|arrows|button|counterclockwise|deja|refresh|rewindershins|vu
🔙|arrow|back
🔚|arrow|end
🔛|arrow|mark|on!
🔜|arrow|brb|omw|soon
🔝|arrow|homie|top|up
🛐|place|pray|religion|worship
⚛️|atheist|atom|symbol
🕉️|hindu|om|religion
☯️|difficult|lives|religion|taoist|total|yang|yinyang
✝️|christian|cross|religion|latin cross
☪️|crescent|islam|muslim|ramadan|religion|star and crescent
☮️|healing|peaceful|symbol
🕎|candelabrum|candlestick|hanukkah|jewish|judaism|menorah|religion
🔯|dotted|fortune|jewish|judaism|six-pointed|star
🪯|deg|fateh|khalsa|khanda|religion|sikhism|tegh
♊|gemini|horoscope|twins|zodiac
♋|cancer|crab|horoscope|zodiac
♌|horoscope|leo|lion|zodiac
♍|horoscope|virgo|zodiac|virgin
♎|balance|horoscope|justice|libra|scales|zodiac
♏|horoscope|scorpion|scorpius|zodiac
⛎|bearer|ophiuchus|serpent|snake|zodiac
🔀|arrow|button|crossed|shuffle|tracks
🔁|arrow|button|clockwise|repeat
🔂|arrow|button|clockwise|once|repeat|single
▶️|arrow|button|play|right|triangle
⏩|arrow|button|double|fast-forward|forward|fast forward button
⏭️|arrow|button|next|scene|track|triangle
⏯️|arrow|button|pause|play|right|triangle
◀️|arrow|button|left|reverse|triangle
⏪|arrow|button|double|fast|reverse|rewind
⏮️|arrow|button|last|previous|scene|track|triangle
🔼|arrow|button|red|upward button|upwards button
⏫|arrow|button|double|fast|up
🔽|arrow|button|red|downward button|downwards button
⏬|arrow|button|double|down|fast
⏸️|bar|button|double|pause|vertical
⏹️|button|square|stop
⏺️|button|circle|record
⏏️|button|eject
🎦|camera|cinema|film|movie
🔅|brightness|button|dim|low
🔆|button|light|bright button|brightness button
📶|antenna|bars|cell|communication|mobile|phone|signal|telephone
🛜|broadband|computer|connectivity|hotspot|internet|network|router|smartphone|wi-fi|wifi|wireless|wlan
📳|cell|communication|mobile|mode|phone|telephone|vibration|vibrate
📴|cell|mobile|off|phone|telephone
⚧️|symbol|transgender symbol
🟰|answer|equality|equals|sign|heavy equals sign|maths
♾️|forever|infinity|unbounded|universal|eternal
‼️|!!|bangbang|exclamation|mark|punctuation|double exclamation mark
💱|bank|currency|exchange|money
💲|billion|cash|charge|currency|dollar|heavy|million|money|pay|sign
♻️|recycle|recycling|symbol
⚜️|fleur-de-lis|knights
🔱|anchor|emblem|poseidon|ship|tool|trident
📛|badge|name
🔰|beginner|chevron|green|japanese|leaf|symbol|tool|yellow
⭕|circle|heavy|hollow|large|o|red
❌|×|cancel|cross|mark|multiplication|multiply|x
❎|×|button|cross|mark|multiplication|multiply|square|x
➰|curly|loop
➿|curly|double|loop
〽️|alternation|mark|part
🫟|drip|holi|ink|liquid|mess|paint|spill|splatter|stain
🔠|abcd|latin|letters|uppercase|input latin uppercase
🔡|abcd|latin|letters|lowercase|input latin lowercase
🔢|1234|input|numbers
🔣|&|%|♪|〒|input|symbols
🔤|abc|alphabet|latin|letters|input latin letters
🅰️|blood|button|type
🆎|ab|blood|button|type
🅱️|blood|button|type
🆑|button|cl
🆒|button|cool
🆓|button|free
🆔|button|identity
Ⓜ️|circled|m
🆕|button|new
🆖|button|ng
🅾️|blood|button|o|type
🆗|button|okay
🅿️|button|parking|car park|carpark|p button
🆘|button|help|sos
🆙|button|mark|up!
🆚|button|versus|vs
🈁|button|here|japanese|katakana
🈂️|button|charge|japanese|katakana|service
🈷️|amount|button|ideograph|japanese|monthly
🈶|button|charge|free|ideograph|japanese|not
🈯|button|ideograph|japanese|reserved
🉐|bargain|button|ideograph|japanese
🈹|button|discount|ideograph|japanese
🈚|button|charge|free|ideograph|japanese
🈲|button|ideograph|japanese|prohibited
🉑|acceptable|button|ideograph|japanese
🈸|application|button|ideograph|japanese
🈴|button|grade|ideograph|japanese|passing
🈳|button|ideograph|japanese|vacancy
🈺|business|button|ideograph|japanese|open
🈵|button|ideograph|japanese|no|vacancy
🔴|circle|geometric|red
🟠|circle|orange
🟡|circle|yellow
🟢|circle|green
🔵|blue|circle|geometric
🟣|circle|purple
🟤|brown|circle
⚫|black|circle|geometric
⚪|circle|geometric|white
🟥|card|penalty|red|square
🟧|orange|square
🟨|card|penalty|square|yellow
🟩|green|square
🟦|blue|square
🟪|purple|square
🟫|brown|square
⬛|black|geometric|large|square
⬜|geometric|large|square|white
◼️|black|geometric|medium|square
◻️|geometric|medium|square|white
◾|black|geometric|medium-small|square
◽|geometric|medium-small|square|white
▪️|black|geometric|small|square
▫️|geometric|small|square|white
🔶|diamond|geometric|large|orange
🔷|blue|diamond|geometric|large
🔸|diamond|geometric|orange|small
🔹|blue|diamond|geometric|small
🔺|geometric|pointed|red|triangle|up
🔻|down|geometric|pointed|red|triangle
💠|comic|diamond|dot|geometric
🔘|button|geometric|radio
🔳|button|geometric|outlined|square|white
🔲|black|button|geometric|square
🏁|finish|flags|game|race|racing|sport|win|checkered flag|chequered flag
🚩|construction|flag|golf|post|red flag|triangular flag
🎌|celebration|crossed|flags|japanese
🏴|black|flag|waving
🏳️|flag|waving|surrender|white flag
🏳️‍🌈|bisexual|flag|gay|genderqueer|glbtq|lesbian|lgbtqia|pride|queer|rainbow|transgender|lgbtq+
🏳️‍⚧️|blue|flag|pink|transgender|white|light blue
🏴‍☠️|flag|jolly|pirate|plunder|roger|treasure
🇦🇩|andorra
🇦🇪|united arab emirates
🇦🇫|afghanistan
🇦🇬|antigua & barbuda|antigua and barbuda
🇦🇮|anguilla
🇦🇱|albania
🇦🇲|armenia
🇦🇴|angola
🇦🇶|antarctica
🇦🇷|argentina
🇦🇸|american samoa
🇦🇹|austria
🇦🇺|australia
🇦🇼|aruba
🇦🇽|åland islands
🇦🇿|azerbaijan
🇧🇦|bosnia & herzegovina|bosnia and herzegovina
🇧🇧|barbados
🇧🇩|bangladesh
🇧🇪|belgium
🇧🇫|burkina faso
🇧🇬|bulgaria
🇧🇭|bahrain
🇧🇮|burundi
🇧🇯|benin
🇧🇱|st. barthélemy|st barthélemy|saint-barthélemy
🇧🇲|bermuda
🇧🇳|brunei
🇧🇴|bolivia
🇧🇶|caribbean netherlands
🇧🇷|brazil
🇧🇸|bahamas
🇧🇹|bhutan
🇧🇼|botswana
🇧🇾|belarus
🇧🇿|belize
🇨🇦|canada
🇨🇨|cocos (keeling) islands
🇨🇩|congo - kinshasa
🇨🇫|central african republic
🇨🇬|congo - brazzaville
🇨🇭|switzerland
🇨🇮|côte d’ivoire
🇨🇰|cook islands
🇨🇱|chile
🇨🇲|cameroon
🇨🇳|china
🇨🇴|colombia
🇨🇶|sark
🇨🇷|costa rica
🇨🇺|cuba
🇨🇻|cape verde
🇨🇼|curaçao
🇨🇽|christmas island
🇨🇾|cyprus
🇨🇿|czechia
🇩🇪|germany
🇩🇯|djibouti
🇩🇰|denmark
🇩🇲|dominica
🇩🇴|dominican republic
🇩🇿|algeria
🇪🇨|ecuador
🇪🇪|estonia
🇪🇬|egypt
🇪🇭|western sahara
🇪🇷|eritrea
🇪🇸|spain
🇪🇹|ethiopia
🇪🇺|european union
🇫🇮|finland
🇫🇯|fiji
🇫🇰|falkland islands
🇫🇲|micronesia
🇫🇴|faroe islands
🇫🇷|france
🇬🇦|gabon
🇬🇧|united kingdom
🇬🇩|grenada
🇬🇪|georgia
🇬🇫|french guiana
🇬🇬|guernsey
🇬🇭|ghana
🇬🇮|gibraltar
🇬🇱|greenland
🇬🇲|gambia
🇬🇳|guinea
🇬🇵|guadeloupe
🇬🇶|equatorial guinea
🇬🇷|greece
🇬🇸|south georgia & south sandwich islands|south georgia and south sandwich islands
🇬🇹|guatemala
🇬🇺|guam
🇬🇼|guinea-bissau
🇬🇾|guyana
🇭🇰|hong kong sar china
🇭🇳|honduras
🇭🇷|croatia
🇭🇹|haiti
🇭🇺|hungary
🇮🇨|canary islands
🇮🇩|indonesia
🇮🇪|ireland
🇮🇱|israel
🇮🇲|isle of man
🇮🇳|india
🇮🇴|british indian ocean territory
🇮🇶|iraq
🇮🇷|iran
🇮🇸|iceland
🇮🇹|italy
🇯🇪|jersey
🇯🇲|jamaica
🇯🇴|jordan
🇯🇵|japan
🇰🇪|kenya
🇰🇬|kyrgyzstan
🇰🇭|cambodia
🇰🇮|kiribati
🇰🇲|comoros
🇰🇳|st. kitts & nevis|st kitts & nevis|st kitts and nevis|saint kitts and nevis
🇰🇵|north korea
🇰🇷|south korea
🇰🇼|kuwait
🇰🇾|cayman islands
🇰🇿|kazakhstan
🇱🇦|laos
🇱🇧|lebanon
🇱🇨|st. lucia|st lucia|saint lucia
🇱🇮|liechtenstein
🇱🇰|sri lanka
🇱🇷|liberia
🇱🇸|lesotho
🇱🇹|lithuania
🇱🇺|luxembourg
🇱🇻|latvia
🇱🇾|libya
🇲🇦|morocco
🇲🇨|monaco
🇲🇩|moldova
🇲🇪|montenegro
🇲🇬|madagascar
🇲🇭|marshall islands
🇲🇰|north macedonia
🇲🇱|mali
🇲🇲|myanmar (burma)
🇲🇳|mongolia
🇲🇴|macao sar china
🇲🇵|northern mariana islands
🇲🇶|martinique
🇲🇷|mauritania
🇲🇸|montserrat
🇲🇹|malta
🇲🇺|mauritius
🇲🇻|maldives
🇲🇼|malawi
🇲🇽|mexico
🇲🇾|malaysia
🇲🇿|mozambique
🇳🇦|namibia
🇳🇨|new caledonia
🇳🇪|niger
🇳🇫|norfolk island
🇳🇬|nigeria
🇳🇮|nicaragua
🇳🇱|netherlands
🇳🇴|norway
🇳🇵|nepal
🇳🇷|nauru
🇳🇺|niue
🇳🇿|new zealand
🇴🇲|oman
🇵🇦|panama
🇵🇪|peru
🇵🇫|french polynesia
🇵🇬|papua new guinea
🇵🇭|philippines
🇵🇰|pakistan
🇵🇱|poland
🇵🇲|st. pierre & miquelon|st pierre & miquelon|st pierre and miquelon|saint-pierre-et-miquelon
🇵🇳|pitcairn islands
🇵🇷|puerto rico
🇵🇸|palestinian territories
🇵🇹|portugal
🇵🇼|palau
🇵🇾|paraguay
🇶🇦|qatar
🇷🇪|réunion
🇷🇴|romania
🇷🇸|serbia
🇷🇺|russia
🇷🇼|rwanda
🇸🇦|saudi arabia
🇸🇧|solomon islands
🇸🇨|seychelles
🇸🇩|sudan
🇸🇪|sweden
🇸🇬|singapore
🇸🇭|st. helena, ascension & tristan da cunha|st helena|saint helena
🇸🇮|slovenia
🇸🇰|slovakia
🇸🇱|sierra leone
🇸🇲|san marino
🇸🇳|senegal
🇸🇴|somalia
🇸🇷|suriname
🇸🇸|south sudan
🇸🇹|são tomé & príncipe|são tomé and príncipe
🇸🇻|el salvador
🇸🇽|sint maarten
🇸🇾|syria
🇸🇿|eswatini
🇹🇨|turks & caicos islands|turks and caicos islands
🇹🇩|chad
🇹🇫|french southern and antarctic lands
🇹🇬|togo
🇹🇭|thailand
🇹🇯|tajikistan
🇹🇰|tokelau
🇹🇱|timor-leste
🇹🇲|turkmenistan
🇹🇳|tunisia
🇹🇴|tonga
🇹🇷|türkiye
🇹🇹|trinidad & tobago|trinidad and tobago
🇹🇻|tuvalu
🇹🇼|taiwan
🇹🇿|tanzania
🇺🇦|ukraine
🇺🇬|uganda
🇺🇸|united states
🇺🇾|uruguay
🇺🇿|uzbekistan
🇻🇦|vatican city
🇻🇨|st. vincent & grenadines|st vincent & the grenadines|st vincent and the grenadines|saint vincent and the grenadines
🇻🇪|venezuela
🇻🇬|british virgin islands
🇻🇮|u.s. virgin islands|us virgin islands
🇻🇳|vietnam
🇻🇺|vanuatu
🇼🇫|wallis & futuna|wallis and futuna
🇼🇸|samoa
🇽🇰|kosovo
🇾🇪|yemen
🇾🇹|mayotte
🇿🇦|south africa
🇿🇲|zambia
🇿🇼|zimbabwe
🏴󠁧󠁢󠁥󠁮󠁧󠁿|england
🏴󠁧󠁢󠁳󠁣󠁴󠁿|scotland
🏴󠁧󠁢󠁷󠁬󠁳󠁿|wales