⁉️|ausrufe- und fragezeichen|ausrufezeichen|fragezeichen|rot|satzzeichen
ℹ️|buchstabe i in blauem quadrat|information
↔️|entgegengesetzt|nach links und rechts|pfeil nach links und rechts
↕️|entgegengesetzt|nach oben und unten|pfeil nach oben und unten
↖️|nach links oben|nordwesten|pfeil nach links oben
↗️|nach rechts oben|nordosten|pfeil nach rechts oben
↘️|nach rechts unten|pfeil nach rechts unten|südosten
↙️|nach links unten|pfeil nach links unten
⌨️|computer|keyboard|tastatur
☀️|sonnenstrahlen|sonnig|strahlen|wetter
☁️|wetter|wolke|wolkig
☂️|bekleidung|regenschirm|wetter
☃️|schneemann im schnee
☄️|komet|weltall
☑️|✓|abgehaktes kästchen|abstimmungsfeld mit häkchen|ankreuz|feld|häkchen|kästchen mit häkchen|wahlurne
☔|regenschirm im regen
☕|cafe|dampfend|getränk|heißgetränk|kaffee|tasse|tee|trinken|heissgetränk
☘️|grün|kleeblatt|pflanze
☠️|gekreuzt|gesicht|knochen|piratenflagge|schädel|tod|totenkopf
☢️|radioaktiv
☣️|biogefährdung|zeichen
☦️|christentum|kreuz|orthodox|religion
☸️|buddhismus|dharma-rad
☹️|deprimiert|düster|gesicht|smiley|stirnrunzelnd|traurig
♈|sternzeichen|widder (sternzeichen)
♉|horoskop|sternzeichen|stier
♐|schütze (sternzeichen)|sternzeichen
♑|steinbock (sternzeichen)|sternzeichen
♒|sternzeichen|wassermann (sternzeichen)
♓|fische (sternzeichen)|horoskop|sternzeichen
♠️|kartenspiel|pik
♣️|kartenspiel|kreuz
♥️|herz|kartenspiel
♦️|karo|kartenspiel
♨️|dampfend|heiße quellen|quellen|heisse quellen
⚒️|arbeiter|hammer und pickel|pickel|werkzeug
⚓|anker|hafen|meer
⚔️|gekreuzte schwerter|schwerter|waffe
⚖️|gerechtigkeit|gewicht|waage|werkzeug|wiegen
⚗️|destillierapparat|werkzeug|labor
⚙️|werkzeug|zahnrad
✂️|schere|schneiden|schnipp
✅|abgehakt|erledigt|weißes häkchen|weisses häkchen
✈️|flieger|flugzeug
✉️|briefumschlag|e-mail
✒️|federhalter|füller|schwarzer federhalter|stift
✔️|abhaken|erledigt|fertig|häkchen|haken|kräftiges häkchen
✖️|×|abbrechen|mal|multiplikationszeichen|multiplizieren|x
✡️|davidstern|jüdisch|religion
✨|*|funkelnde sterne|sterne
✳️|*|achtzackiger stern|grün|quadrat|stern
✴️|*|achtstrahliger stern|stern
❄️|flocke|kalt|schneeflocke|schneien|wetter|winter
❇️|*|funkeln|grün|quadrat
❓|fragezeichen|rotes fragezeichen|satzzeichen|warum|wieso
❔|fragezeichen|satzzeichen|warum|weißes fragezeichen|weisses fragezeichen
❕|ausrufezeichen|muss|satzzeichen|weißes ausrufezeichen|weisses ausrufezeichen
❗|!|ausrufezeichen|rot|satzzeichen
❣️|ausrufezeichen|herz als ausrufezeichen|satzzeichen
❤️|herz|rotes herz
➕|+|addieren|mathe|pluszeichen
➖|-|−|mathe|minuszeichen
➗|÷|divisionszeichen|geteilt durch|geteiltzeichen|mathe
⤴️|geschwungen|nach oben|oben|pfeil
⤵️|geschwungen|nach unten|pfeil|unten
〰️|gewellt|linie|wellenlinie
㊗️|chinesisches schriftzeichen|gratulation|japanisches schriftzeichen|schriftzeichen für gratulation
㊙️|chinesisches schriftzeichen|geheimnis|japanisches schriftzeichen|schriftzeichen für geheimnis
😀|froh|fröhlich|gesicht|grinsen|haha|lachen|lol|lustig|smiley
😃|augen|fröhlich|gesicht|glücklich|grinsen|große|lächeln|lachen|lol|lustig|mund|offen|smiley|grosse
😄|augen|fröhlich|geschlossen|gesicht|glücklich|grinsen|lächeln|lachen|lol|lustig|mund|offen|smiley|witzig
😁|augen|fröhlich|gesicht|grinsen|happy|lächeln|lachen|lustig|smiley|strahlen|zähne
😆|augen|geschlossen|gesicht|grinsegesicht|grinsen|haha|hehe|hihi|lachen|lol|lustig|mund|offen|smiley|witzig|zugekniffen|zusammengekniffen
😅|gesicht|grinsen|lächeln|lachen|lustig|mund|nervös|offen|schweißtropfen|schwitzen|smiley|schweisstropfen
🤣|boden|gesicht|haha|hehe|lachen|lol|lustig|muahaha|rofl|smiley|tränen|wälzen|witzig
😂|freudentränen|fröhlich|gesicht|haha|happy|hehe|hihi|lachen|lol|lustig|muahaha|rofl|smiley|tränen|witzig
🙂|gesicht|lächeln|leicht|smiley
🙃|auf dem kopf|gesicht|lächeln|smiley|stehen|umgekehrt
🫠|auflösen|beschämt|flüssig|gesicht|hitze|sarkasmus|sarkastisch|schmelzen|schwitzen|smiley|verschwinden
😉|auge|flirten|gesicht|sexy|smiley|zudrücken|zugedrückt|zukneifen|zuzwinkern|zwinkern
😊|augen|erröten|freude|freundlich|gesicht|glücklich|lächeln|lachen|rot|wangen
😇|brav|engel|gesicht|glücklich|heiligenschein|lächeln|lieb|seelig|smiley
🥰|3|anhimmeln|bewundern|gesicht|hdgdl|hdl|herzchen|herzen|lächeln|liebe|smiley|verknallt|verliebt|verzückt
😍|augen|gesicht|glücklich|herzen|herzförmig|lächeln|liebe|smiley|verliebt
🤩|aufgeregt|augen|gesicht|grinsen|smiley|star|stern|überwältigt|wow
😘|flirten|gesicht|kuss|küsschen|küssen|lieb|smiley|zuwerfen
😗|flirten|gesicht|hdl|knutsch|kuss|küssen|smiley|xoxo
☺️|fröhlich|gesicht|lächeln|rot|smiley|wangen
😚|geschlossen|gesicht|knutsch|kuss|küsschen|küssen|rot|smiley|ugen|wangen
😙|augen|flirten|gesicht|knutsch|kuss|küssen|lächeln|smiley
🥲|berührt|dankbar|erleichtert|freudenträne|gerührt|gesicht|lächeln|smiley|stolz|träne
😋|gesicht|lächeln|leckeres essen|sich die lippen leckender smiley|sich die lippen leckendes gesicht|smiley|zunge
😛|ätsch|bäh|gesicht|herausgestreckt|lachen|lustig|smiley|zunge
😜|auge|gesicht|herausgestreckt|herausstrecken|smiley|zudrücken|zugedrückt|zunge|zwinkern
🤪|augen|gesicht|groß|irre|klein|smiley|verrückt|gross
😝|augen|bäh|ekel|gesicht|herausgestreckt|herausstrecken|igitt|schmeck|schrecklich|smiley|zunge|zusammengekniffen|zusammenkneifen
🤑|dollarzeichen|geld|gesicht|mund|smiley|zunge
🤗|drücken|gesicht|hände|smiley|umarmen|umarmung
🤭|gesicht|haha|hand|hihi|huch|kichern|lachen|mund|rot|smiley|verlegen|wangen
🫢|augen|erschrecken|erstaunen|furcht|geschockt|gesicht|hand|mund|offen|omg|schock|smiley|überraschung|unglauben|verlegenheit
🫣|auge|finger|gebannt|gesicht|hervorlugen|linsen|schüchtern|smiley|spähen|starren|verlegen
🤫|ermahnen|finger|gesicht|leise|psst|pst|ruhe|ruhig|sch|smiley
🤔|fragen|gesicht|grübeln|hm|komisch|nachdenken|nachdenklich|smiley|wundern
🫡|aye|gesicht|jawohl|jawoll|militär|ok|respekt|salutieren|smiley|zu befehl
🤐|geheimnis|gesicht|halten|mund|reißverschluss|schweigen|smiley|wahren|reissverschluss
🤨|argwöhnisch|augenbrauen|gesicht|hochgezogen|misstrauen|skeptisch|smiley|stutzig|zweifel
😐|ausdruckslos|gesicht|kommentarlos|neutral|smiley|todernst|unbeeindruckt
😑|ausdruckslos|gesicht|kommentarlos|selbstgefällig|smiley|unbeeindruckt|unglaublich
😶|gesicht|kein|mund|ohne|smiley|sprachlos
🫥|depressiv|deprimiert|egal|gesicht|gestrichelt|introvertiert|smiley|traurig|unsichtbar|verschwinden|verstecken
😶‍🌫️|geistesabwesend|gesicht im nebel|gesicht in wolken|kopf in wolken
😏|feixen|flirten|gesicht|lächeln|mundwinkel|schief|smiley|süffisant
😒|gesicht|langweilig|smiley|traurig|unglücklich|unzufrieden|verstimmt
🙄|augen|genervt|gesicht|meinetwegen|nerv|ohje|rollen|smiley|verdrehen|verrollen
😬|gesicht|grimasse|peinlich|schneiden|smiley|verziehen|zähne
😮‍💨|ausatmen|erleichtert|erschöpft|gesicht|husten|puh|pusten|schnaufen|seufzen|smiley
🤥|gesicht|lüge|nase|pinocchio|schwindel
🫨|doppelgesicht|erdbeben|gesicht|omg|panik|schock|smiley|überrascht|verrückt|vibrieren|wow|zittern
🙂‍↔️|kopfschütteln|nein|schütteln
🙂‍↕️|ja|kopfnicken|nicken
😌|augen|entspannt|erleichtert|geschlossen|gesicht|smiley|zen|zufrieden
😔|enttäuscht|gesicht|nachdenklich|schrecklich|smiley|traurig|verlieren|verloren
😪|gesicht|gute|müde|nacht|schläfrig|smiley|traurig
🤤|gesicht|sabbern|smiley
😴|dösen|einschlafen|gähnen|gesicht|gute nacht|langweilig|mittagsschlaf|müde|nickerchen|schlafen|smiley|zzz
🫩|augenringe|erschöpft|gesicht|müde|schläfrig|smiley|übermüdet
😷|arzt|atemschutzmaske|bazillen|erkältet|gesicht|krankheit|mundschutz|schutzmaske|smiley|viren|virus
🤒|fieber|gesicht|krank|messen|smiley|thermometer
🤕|aua|autsch|gesicht|kopf|schmerzen|smiley|verband|verletzung
🤢|ekel|eklig|erbrechen|gesicht|grün|igitt|smiley|übelkeit|übergeben|widerlich|würgen
🤮|brechen|erbrechen|gesicht|kotzen|krank|schlecht|smiley|speien|spucken|übel|übergeben
🤧|erkältet|erkältung|gesicht|gesundheit|grippe|hatschi|krank|nase|niesen|putzen|smiley|taschentuch
🥵|erhitzt|fieber|fiebrig|gesicht|heiß|herausstrecken|hitze|hitzschlag|rot|schnaufen|schwitzen|smiley|zunge|heiss|schweiss|schweiß
🥶|bibbern|blau|eisig|erfrieren|frieren|frösteln|frostig|gesicht|kalt|smiley|unter null|zähneklappern|zittern
🥴|angeheitert|angeschwipst|angetrunken|benebelt|berauscht|beschwipst|betrunken|gewellt|mund|schwindelig|schwindlig|smiley
😵|augen|benommen|gesicht|ko|krank|kreuze|schwindelig|schwindlig|smiley
😵‍💫|augen|gesicht|höhenangst|hypnose|hypnotisiert|omg|schwindelig|schwindlig|smiley|spiralen|verwirrt|wirr
🤯|entsetzt|explodieren|geschockt|gesicht|kopf|schockiert|smiley|überwältigt|unglaublich
🤠|cowboyhut|cowgirl|gesicht|hut|smiley
🥳|aufgeregt|feier|fest|fröhlich|geburtstag|gesicht|glückwunsch|hurra|hut|party|smiley|überraschung|tröte
🥸|brille|gesicht|incognito|inkognito|maske|nasenbrille|person|smiley|spionieren|verdeckt|verkleidet|verkleidung
😎|cool|gesicht|lächeln|smiley|sonnenbrille
🤓|brille|gesicht|intelligent|klug|nerd|schlaumeier|smart|smiley|strebergesicht
🧐|elegant|gesicht|monokel|reich|smiley
😕|gesicht|keine ahnung|smiley|traurig|verwirrt|verwundert|weiß nicht|weiss nicht
🫤|enttäuscht|genervt|gesicht|hmpf|keine ahnung|langweilig|skeptisch|smiley|unsicher|zweifelnd
😟|besorgt|gesicht|smiley|sorgen|traurig
🙁|betrübt|gesicht|schade|smiley|traurig
😮|erstaunt|gesicht|mund|offen|omg|schockiert|unglaublich|vergessen|wow
😯|erstaunt|gesicht|omg|smiley|sprachlos|verdutzt
😲|erstaunt|gesicht|nee|omg|schockiert|smiley|verwundert
😳|augen|erröten|gesicht|groß|peinlich|rot|scham|schämen|smiley|überrascht|verlegen|wangen|gross
🫪|angst|ängstlich|aufgedunsen|besorgt|panik|panisch|schockiert|überrascht
🥺|anflehen|augen|bettelnd|bitten|flehend|gesicht|groß|kulleraugen|smiley|traurig|welpenaugen|gross
🥹|aufgebracht|dankbar|freudentränen|gerührt|gesicht|rührung|smiley|stolz|tränen|weinen|zurückhalten
😦|entsetzt|gesicht|mund|offen|schockiert|smiley|verwundert
😧|arm|gesicht|leidend|qualvoll|smiley|vergessen|wow
😨|angst|ängstlich|besorgt|gesicht
😰|ängstlich|angstschweiß|besorgt|gesicht|mund|nervös|offen|schweiß|angstschweiss|schweiss
😥|ängstlich|enttäuscht|erleichtert|gesicht|knapp|schweiß|traurig|schweiss
😢|gesicht|smiley|träne|traurig|weinen
😭|flennen|gesicht|heulen|schluchzen|smiley|tränenfluss|traurig|weinen
😱|angst|ängstlich|gesicht|munch|omg|panik|schreiend
😖|bestürzt|frustriert|gesicht|konfus|smiley|verwirrt|verzweifelt
😣|ausdauernd|durchhalten|fokus|gesicht|konzentration|konzentrieren|kopfschmerzen
😞|enttäuscht|gesicht|leider|schade|smiley|traurig|verloren
😓|angstschweiß|augen|bedrückt|geschlossen|gesicht|kopfschmerzen|schweiß|smiley|angstschweiss|schweiss
😩|erschöpft|fehlschlag|gesicht|hungrig|müde|nein|smiley|unglücklich
😫|gesicht|müde|niesen|smiley|traurig
🥱|gähnend|gelangweilt|gesicht|langweilig|müde|öde|schnarch|smiley|zzz
😤|erleichtert|gesicht|gewonnen|schnaubendes gesicht
😡|gesicht|rot angelaufener smiley|schmollendes gesicht|wütend
😠|ärgern|böse|gesicht|smiley|verärgert|wut|wütend|zornig
🤬|ärgern|fluchen|gesicht|mund|schimpfen|schimpfwort|smiley|symbole|verdammt|wut|wütend|zensur
😈|böse|dämonin|fantasie|grinsen|hörner|lila|märchen|satan|smiley|teufel|violett
👿|böse|dämonin|fantasie|fantasy|gesicht|hörner|kobold|lila|märchen|satan|teufelchen|violett|wütend
💀|gesicht|knochen|märchen|schädel|tod|totenkopf|yolo
💩|kothaufen|mist
🤡|clown-gesicht|gesicht
👹|gesicht|gruselig|japanisch|märchen|maske|monster|oger|ungeheuer
👺|gemein|gesicht|japanisch|kobold|märchen|maske|monster|tengu|ungeheuer|wütend
👻|buh|fantasy|geist|gesicht|gespenst|gruselig|halloween|märchen|spuk|zunge
👽|alien|all|außerirdischer|fantasy|gesicht|märchen|monster|ufo|weltraum|wesen|ausserirdischer
👾|computerspiel-monster|gesicht|monster|ufo
🤖|gesicht|monster|robotergesicht|roboterkopf
😺|gesicht|grinsen|katzengesicht|lachen|lol|lustig|mund|offen|smiley|tier
😸|augen|gesicht|grinsen|katzengesicht|lachen|smiley|tier
😹|freudentränen|gesicht|katzengesicht|lachen|smiley|tier|tränen
😻|augen|gesicht|herzaugen|herzen|katzengesicht|lächeln|lachen|liebe|smiley|tier|verliebt
😼|gesicht|grinsen|ironisch|katzengesicht|lächeln|lachen|smiley|tier|verwegen
😽|augen|geschlossen|gesicht|katzengesicht|kuss|küsschen|küssen|rot|smiley|tier|wangen
🙀|angst|erschöpft|gesicht|katzengesicht|panik|schockiert|schreien|smiley|tier|überrascht
😿|gesicht|katzengesicht|smiley|tier|träne|traurig|weinen
😾|gesicht|katzengesicht|schmollen|schmollmund|smiley|tier|verärgert
🙈|affengesicht|augen|böse|geheimnis|gemein|geste|nein|omg|sehen|tier|verboten|vergessen|verstecken|zuhalten
🙉|affengesicht|böse|geheimnis|gemein|geste|hören|nein|ohren|tier|verboten|zuhalten|zuhören
🙊|affengesicht|böse|geheimnis|gemein|geste|hand|heimlich|leise|mund|nein|sagen|sprechen|still|tier|ups|verboten|zuhalten
💌|brief|herz|liebesbrief|post|siegel
💘|herz mit pfeil|liebe|pfeil
💝|herz|hochzeitstag|jahrestag|küsschen|küsse|liebe|schleife|valentinstag|xoxo
💖|aufregung|funkeln|gefühl|glitzern|herz|liebe|morgen|nacht|rosa|xoxo
💗|aufregung|gefühl|herzschlag|küsschen|küsse|liebe|nervös|nervosität|puls|wachsen|xoxo
💓|gefühl|herzschlag|liebe|pulsieren|schlagen
💞|emotion|gefühl|herzen|hochzeitstag|jahrestag|kreisen|liebe|süß|süss
💕|date|gefühl|herzen|hochzeitstag|jahrestag|küsschen|küsse|liebe|rendezvous|xoxo|zwei
💟|deko|emotion|gefühl|herzdekoration|liebe|lila|violett|weiß|weiss
💔|allein|gebrochen|gefühl|herzschmerz|liebeskummer|schmerz|traurig|trennung|zerbrochen
❤️‍🔥|brennendes herz|herz in flammen|leidenschaft|liebe
❤️‍🩹|besserung|genesen|herz mit verband
🩷|gefallen|gefällt|gefühl|herz|liebe|mag|mögen|niedlich|pink|rosa|süß|verliebt|süss
🧡|herz|liebe|orange
💛|gefühl|gelb|herzlich|liebe
💚|gefühl|grün|herz|liebe|romantisch
💙|blau|gefühl|herz|liebe|romantisch
🩵|aquamarin|emotion|gefallen|gefällt|gefühl|hdl|hellblau|herz|liebe|mag|mögen|niedlich|süß|türkis|zyan|süss
💜|beste|gefühl|hdl|herz|liebe|lilafarben|violett
🤎|braunes herz|herz
🖤|böse|herz|schwarzes herz
🩶|emotion|graues herz|hdl|herz|liebe|schieferfarben|silberfarben
🤍|herz|weißes herz|weisses herz
💋|gefühl|knutsch|kussabdruck|küssen|liebe|lippenstift|romantisch|sexy
💯|100 punkte|punktestand|volle punktzahl
💢|ärger|comic|wut
🫯|handgemenge|kampf|krawall|prügelei|rauferei|schlägerei|streit|wortgefecht
💥|bombe|boom|comic|explodieren|explosion|kollidieren|kollision|zusammenstoßen|zusammenstossen
💫|benommenheit|comic|komet|schwindlig|sterne|sternschnuppe
💦|comic|feucht|nass|schweißtropfen|schwitzen|trainieren|training|tropfen|wasser|schweisstropfen
💨|comic|rennen|staubwolke|weglaufen
🕳️|loch|schwarz
💬|comic|dialog|gespräch|sprechblase mit drei punkten|unterhaltung
👁️‍🗨️|auge|dialog|reden|sprechblase|sprechen|zeuge
🗨️|dialog|reden|sprechblase links|sprechen|unterhaltung
🗯️|sprechblase für wütende aussage rechts|wütend
💭|comic|gedankenblase|nachdenken
💤|buchstaben|comic|gähn|langweilig|müde|nickerchen|öde|schlafen|schnarchen|zzz
👋|auf wiedersehen|bis später|ciao|guten tag|hallo|hand|hey|hi|tschüss|winken
🤚|erhobene hand von hinten|erhobener handrücken|hand
🖐️|5|finger|fünf|gespreizt|hand mit gespreizten fingern
✋|5|erhoben|halt|handfläche|high five|schlag ein|stopp|warte
🖖|finger|gruß|grüßen|hand|hände|spreizen|gruss|grüssen
🫱|ausgestreckt|ausstrecken|hand|händeschütteln|rechts|reichen|schütteln|weisen
🫲|ausgestreckt|ausstrecken|hand|händeschütteln|links|reichen|schütteln|weisen
🫳|abweisen|fallen lassen|fallenlassen|handfläche|handgeste|hau ab|unten|verscheuchen|wegscheuchen|wegschicken
🫴|anbieten|angebot|darbieten|einladen|entgegenstrecken|handfläche|handgeste|kommen|locken|oben|reichen
🫷|drücken|halt|hand|high 5|high five|links|moment|nein|schieben|schluss|stopp|warte mal|warten
🫸|drücken|halt|hand|high 5|high five|moment|nein|rechts|schieben|schluss|stopp|warte mal|warten
👌|exzellent|finger|genial|hand|in ordnung|natürlich|ok-zeichen|perfekt|super
🤌|bündelhand|fingerspitzen|gehts noch|geste|handgeste|italienisch|was|zusammengedrückt|zusammengelegt
🤏|betrag|finger|gering|geste|hand|klein|menge|unbedeutend|wenig-geste|winzig
✌️|sieg|victory-geste
🤞|finger|gekreuzt|hand mit gekreuzten fingern
🫰|daumen|fingerherz|gekreuzt|geld|handgeste|kosten|teuer|zeigefinger
🤟|drei|finger|geste|hand|hdl|ich-liebe-dich-geste|liebe
🤘|corna|finger|hand|heavy|hörner|mano cornuta|metalhand|pommesgabel|rock|teufelsgruß|yeah|teufelsgruss
🤙|anrufen|hand|ruf-mich-an-handzeichen|shaka
👈|finger|handrückseite|links|weisen|zeigefinger|zeigen
👉|finger|handrückseite|rechts|weisen|zeigefinger|zeigen
👆|aufwärts|finger|handrücken|handrückseite|hier|hinauf|melden|oben|rauf|weisen|zeigefinger|zeigen
🖕|finger|hand|mittelfinger
👇|abwärts|finger|handrücken|handrückseite|hinab|hinunter|runter|unten|weisen|zeigefinger|zeigen
☝️|finger|handvorderseite|hier|melden|oben|weisen|zeigefinger|zeigen|hoch
🫵|deuten|du|fingerzeig|handgeste|sie|stupsen|zeigefinger|zeigen
👍|daumen hoch|einverstanden|finger|gut|hand|in ordnung|jawohl|klar|klasse|like|nach oben|ok|super|top|hoch
👎|daumen runter|hand|nach unten|schlecht|runter
✊|erhoben|faust|hand|kampf|solidarität
👊|absolut|bro|faust|geballt|hand|korrekt|zustimmen
🤛|faust|hand|nach links
🤜|faust|hand|nach rechts
👏|applaudieren|applaus|beifall|gratulation|großartig|gut|hand|hände|klatschend|toll|grossartig
🙌|erhoben|feiern|geste|hände|handflächen|hurra|zwei
🫶|<3|finger|geste|händeherz|handgeste|handherz|hdl|herz|liebe
👐|hände|jazz|offen|umarmen|umarmung
🤲|beten|gebet|hand|hände|nach oben|zusammen
🤝|händeschütteln|handschlag|vereinbarung
🙏|betend|bitten|danken|gebet|gefaltet|grüßen|handflächen|zusammengelegt|grüssen
✍️|hand|schreibend|stift
💅|kosmetik|maniküre|nagellack|nagelpflege
🤳|selfie|smartphone
💪|arm|bizeps|bodybuilder|bro|fitnessstudio|gewichtheben|muckies|muskeln|stark|training
🦾|armprothese|barrierefreiheit|prothese
🦿|barrierefreiheit|beinprothese|prothese
🦵|bein|extremität|fuß|gebeugtes knie|gliedmaße|knie|körperglied|körperteil|treten|tritt|fuss|gliedmasse
🦶|fuß|füße|kick|knöchel|körperteil|stampfen|treten|tritt|fuss|füsse
👂|hören|körperteil|ohr
🦻|barrierefreiheit|gehörlos|hilfsgerät|hörgerät|hörhilfe|ohr|schwerhörig|taub
👃|körperteil|nase|riechen
🧠|gehirn|hirn|intelligent|intelligenz|klug|schlau
🫀|anatomie|herzschlag|körperteil|mensch|organ|puls|schlagen
🫁|atem|atmen|ausatmen|einatmen|körperteil|lungenflügel|mensch|organ
🦷|perlweiß|weiß|zahnarzt|zahnärztin|zähne|perlweiss|weiss
🦴|hundeknochen|kauknochen|knochen|skelett
👀|augen|gesicht|gucken|schauen|sehen
👁️|auge|blick|körperteil|schauen|sehen
👅|ätsch|hmm|körperteil|lecken|lecker|mmh|zunge
👄|körperteil|kuss|lippenstift|mund
🫦|angst|ängstlich|beißen|besorgt|flirtend|kuss|lippenstift|mund|nervös|sexy|unbehaglich|zähne|beissen
👶|baby|gesicht|jung|kind|kleinkind|locke
🧒|enkelkind|jung|jünger|kind|munter|strahlend
👦|enkelsohn|gesicht|junge|jünger|kind|munter|sohn|strahlend|männlich
👧|enkeltochter|gesicht|jung|jünger|kind|mädchen|munter|strahlend|tochter|weiblich
🧑|erwachsene person|mensch|person
👱|blondhaarig|gesicht|mensch|person
👨|erwachsen|gesicht|mann|männlich
🧔|bart|bärtig|person|schnurrbart
🧔‍♂️|bart|mann mit bart|mann: bart
👱‍♂️|blonder mann|gesicht|haar|mann: blond|männlich
👩|erwachsen|frau|gesicht|weiblich
🧔‍♀️|bart|frau mit bart|frau: bart
👱‍♀️|blonde frau|frau: blond|gesicht|haar|weiblich
🧓|alt|älter|erwachsen|großeltern|mensch|person|weise|grosseltern
👴|alt|älter|erwachsen|großeltern|großvater|mann|mensch|opa|senior|weise|grosseltern|grossvater|männlich
👵|alt|älter|erwachsen|frau|großeltern|großmutter|mensch|oma|seniorin|weise|grosseltern|grossmutter|weiblich
🙍|frustriert|gesicht|missmutig|person|runzeln|stirnrunzelnd|unzufrieden|verärgert
🙍‍♂️|frustriert|gesicht|mann|missmutig|runzeln|stirnrunzelnd|unzufrieden|verärgert|männlich
🙍‍♀️|frau|frustriert|gesicht|missmutig|runzeln|stirnrunzelnd|unzufrieden|verärgert|weiblich
🙎|eingeschnappt|enttäuscht|jammerd|jammern|person|schmollend|verärgert
🙎‍♂️|eingeschnappt|enttäuscht|jammerd|jammern|mann|schmollend|verärgert|männlich
🙎‍♀️|eingeschnappt|enttäuscht|frau|jammerd|jammern|schmollend|verärgert|weiblich
🙅|arme|gesicht|nein|nicht|person|überkreuzt|verbieten|verboten
🙅‍♂️|arme|gesicht|mann|nein|nicht|überkreuzt|verbieten|verboten|männlich
🙅‍♀️|arme|frau mit überkreuzten armen|gesicht|weiblich
🙆|geste|hände|oje|ok|omg|person|über kopf|übung
🙆‍♂️|geste|hände|mann|oje|ok|omg|über kopf|übung|männlich
🙆‍♀️|frau|geste|hände|oje|ok|omg|über kopf|übung|weiblich
💁|abgekippt|beleidigen|gerüchte|geste|hand|klatschen|person|sarkasmus|sarkastisch|tratschen
💁‍♂️|abgekippt|beleidigen|gerüchte|geste|hand|klatschen|mann|sarkasmus|sarkastisch|tratschen|männlich
💁‍♀️|auskunft|frau|informationen|infoschalter-mitarbeiterin|weiblich
🙋|aufzeigen|drankommen|drannehmen|frage|geste|hand|heben|hier|ich|person|sich melden|wissen
🙋‍♂️|aufzeigen|drankommen|drannehmen|frage|geste|hand|heben|hier|ich|mann|sich melden|wissen|männlich
🙋‍♀️|aufzeigen|drankommen|drannehmen|frage|frau|geste|hand|heben|hier|ich|sich melden|wissen|weiblich
🧏|barrierefreiheit|gehörlos|hören|ohr|person|schwerhörig|taub
🧏‍♂️|gehörloser mann|mann|taub|männlich
🧏‍♀️|frau|gehörlose frau|taub|weiblich
🙇|bedauern|bitten|demut|entschuldigung|geste|kniefall|meditation|meditieren|person|sorry|unterwerfen|verbeugen|verzeihung
🙇‍♂️|demut|mann|sich verbeugender mann|verbeugen|männlich
🙇‍♀️|bedauern|bitten|demut|entschuldigung|frau|geste|kniefall|meditation|meditieren|sorry|unterwerfen|verbeugen|verzeihung|weiblich
🤦|fassen|frustriert|genervt|gesicht|kopf|oh nein|omg|person|unfassbar|unglaublich|verzweifelt
🤦‍♂️|fassen|frustriert|genervt|gesicht|kopf|mann|oh nein|omg|unfassbar|unglaublich|verzweifelt|männlich
🤦‍♀️|fassen|frau|frustriert|genervt|gesicht|kopf|oh nein|omg|unfassbar|unglaublich|verzweifelt|weiblich
🤷|egal|gleichgültig|keine ahnung|person|schultern zucken|schulterzuckend|weiß nicht|zweifel|weiss nicht
🤷‍♂️|egal|gleichgültig|keine ahnung|mann|schultern zucken|schulterzuckend|weiß nicht|zweifel|weiss nicht|männlich
🤷‍♀️|egal|frau|gleichgültig|keine ahnung|schultern zucken|schulterzuckend|weiß nicht|zweifel|weiss nicht|weiblich
🧑‍⚕️|arzt/ärztin|arztkittel|doktor(in)
👨‍⚕️|arztkittel|doktor|krankenpfleger|pfleger
👩‍⚕️|ärztin|arztkittel|doktor|krankenschwester|pflegerin
🧑‍🎓|absolvent(in)|doktorhut|student(in)|uni
👨‍🎓|absolvent|diplom|doktorhut|student|uni
👩‍🎓|abschluss|absolventin|diplom|doktorhut|studentin|uni
🧑‍🏫|dozent(in)|lehrer(in)|professor(in)
👨‍🏫|dozent|lehrer|mann|professor|tafel
👩‍🏫|dozentin|frau|lehrerin|professorin
🧑‍⚖️|richter(in)|waage
👨‍⚖️|gerechtigkeit|mann|recht|richter
👩‍⚖️|frau|gerechtigkeit|recht|richterin
🧑‍🌾|bauer/bäuerin|farmer(in)|gärtner(in)|landwirt(in)
👨‍🌾|ähre|bauer|farmer|gärtner|landwirt|rancher
👩‍🌾|ähre|bäuerin|farmerin|gärtnerin|landwirtin
🧑‍🍳|koch/köchin|kochen
👨‍🍳|kochen|restaurant
👩‍🍳|kochen|köchin
🧑‍🔧|elektriker(in)|klempner(in)|mechaniker(in)
👨‍🔧|elektriker|handwerker|klempner|mann|mechaniker
👩‍🔧|elektrikerin|frau|handwerkerin|klempnerin|mechanikerin
🧑‍🏭|arbeiter(in)|fabrikarbeiter(in)|industriell|montage
👨‍🏭|fabrikarbeiter|helm
👩‍🏭|fabrikarbeiterin|frau|helm
🧑‍💼|architekt(in)|büroangestellte(r)|business|manager(in)|schlips und kragen
👨‍💼|angestellter|büroangestellter|manager|mann
👩‍💼|angestellte|büroangestellte|frau|managerin|mangerin
🧑‍🔬|forscher(in)|labor|wissenschaftler(in)
👨‍🔬|chemie|forscher|labor|wissenschaftler
👩‍🔬|forscherin|frau|labor|wissenschaftlerin
🧑‍💻|bildschirm|computer|entwickler(in)|it-experte/it-expertin
👨‍💻|arbeit|bildschirm|büro|computer|entwickler|it-experte|mann|office
👩‍💻|arbeit|bildschirm|büro|computer|entwicklerin|frau|it-expertin|laptop|office
🧑‍🎤|entertainer(in)|rock|sänger(in)|star
👨‍🎤|mann|mikrofon|popstar|sänger|schauspieler|männlich
👩‍🎤|frau|mikrofon|popstar|sängerin|schauspielerin|weiblich
🧑‍🎨|farbpalette|künstler(in)|maler(in)
👨‍🎨|farbpalette|künstler|maler|mann|männlich
👩‍🎨|farbpalette|frau|künstlerin|malerin|weiblich
🧑‍✈️|flugzeug|pilot(in)
👨‍✈️|flugzeug|mann|pilot|männlich
👩‍✈️|flieger|flugzeug|frau|pilotin|weiblich
🧑‍🚀|astronaut(in)|raumfahrt|weltraum
👨‍🚀|astronaut|mann|raumfahrt|weltraum|männlich
👩‍🚀|astronautin|frau|raumfahrt|weltraum|weiblich
🧑‍🚒|feuerwehrhelm|feuerwehrmann/-frau
👨‍🚒|feuerwehrhelm|feuerwehrmann|mann|männlich
👩‍🚒|feuerwehrfrau|feuerwehrhelm|frau|weiblich
👮|beruf|festnehmen|gesetzeshüter|gesicht|person|polizei|polizist(in)|polizistin|uniform|verhaften
👮‍♂️|mann|polizei|polizist|männlich
👮‍♀️|beruf|festnehmen|frau|gesetzeshüterin|person|polizei|polizistin|uniform|verhaften|weiblich
🕵️|detektiv(in)|lupe|sherlock|spion
🕵️‍♂️|detektiv|mann|spion|männlich
🕵️‍♀️|detektivin|frau|spionage|spionin|weiblich
💂|bärenfellmütze|buckingham palace|gesicht|london|wache|wachfrau|wachmann|wachsoldatin|wächter
💂‍♂️|buckingham palace|wache|wachsoldat
💂‍♀️|buckingham palace|guard|helm|london|palast|wache|wachsoldatin|wächter
🥷|ausdauer|geheimmission|kämpfer|killer|krieger|kunoichi|mörder|ninja|person|shinobi|soldat|vermummt
👷|arbeit|bauarbeiter(in)|bauarbeiterin|beruf|gesicht|helm|person|schutzhelm|umbauen
👷‍♂️|bauarbeiter|baustelle|helm
👷‍♀️|bauarbeiterin|baustelle|frau|helm|mann|männlich
🫅|adelig|königin|königliche hoheit|krönung|monarchin|person mit krone|prinzessin
🤴|krone|prinz
👸|gesicht|krone|märchen|prinzessin
👳|bart|dreitagebart|person mit turban|turban
👳‍♂️|gesicht|mann mit turban|turban|männlich
👳‍♀️|frau mit turban|gesicht|turban|weiblich
👲|china|chinesisch|gesicht|hut|kappe|mütze|person|männlich
🧕|frau mit kopftuch|hidschab|hijab|kopftuch|mantilla|person|tichel|tuch|weiblich
🤵|anzug|bräutigam|formell|mann|person im smoking|smoking|vornehm
🤵‍♂️|mann im smoking|smoking|männlich
🤵‍♀️|frau im smoking|smoking|weiblich
👰|braut mit schleier|gesicht|hochzeit|person mit schleier|schleier
👰‍♂️|mann mit schleier|schleier|männlich
👰‍♀️|frau mit schleier|schleier|weiblich
🤰|frau|schwangere frau|weiblich
🫃|aufgebläht|bauch|dick|person|schwangerer mann|überfressen|zu viel gegessen
🫄|aufgebläht|bauch|dicker bauch|person|schwangere person|schwangerschaft|überfressen|zu viel gegessen
🤱|baby|brust|frau|person|stillen
👩‍🍼|baby|eltern|flasche gebende frau|frau|füttern|mama|milch|mutter|neugeborenes|person|säugling|weiblich
👨‍🍼|baby|flasche gebender mann|füttern|mann|männlich
🧑‍🍼|baby|flasche gebende person|person
👼|engel|gesicht|kind|märchen|putte
🎅|weihnachten|weihnachtsmann
🤶|weihnachten|weihnachtsfrau
🧑‍🎄|gesicht mit hut|person|santa claus|weihnachten|weihnachtsfrau|weihnachtshut|weihnachtsmann|weihnachtsmütze|weihnachtsperson
🦸|held|person|superheld(in)|superheldin|superkraft|superkräfte|superman|übermensch|umhang
🦸‍♂️|held|superheld
🦸‍♀️|heldin|superheldin
🦹|bösewichtin|krimineller|person|schurke|schurkin|superkräfte|superschurke|superschurkin|verbrecher
🦹‍♂️|bösewicht|männlicher bösewicht
🦹‍♀️|bösewicht|weiblicher bösewicht
🧙|hexenmeister|magier(in)|magiker|person|zauberer|zauberin|zaubern|zauberspruch|zauberstab
🧙‍♂️|hexenmeister|magier|zauberer
🧙‍♀️|hexe|magierin|zauberin
🧚|elfe|fantasy|fee|flügel|geflügelt|märchenfee|mystisch|person|wesen
🧚‍♂️|männliche fee|oberon|puck|zauberer
🧚‍♀️|fee|titania
🧛|blutsauger|dracula|halloween|person|reißzähne|untoter|vampir|zähne|reisszähne
🧛‍♂️|dracula|männlicher vampir|untoter|mann
🧛‍♀️|untoter|weiblicher vampir|frau
🧜|märchen|meerjungfrau|meermann|nixe|person|sirene|wasserfrau|wassermann|wassermensch
🧜‍♂️|triton|wassermann
🧜‍♀️|meerjungfrau|nixe|wasserfrau
🧝|elben|elbin|elf(e)|elfe|fantasy|herr der ringe|magie|magisch|person
🧝‍♂️|alb|elbe|elf|magisch
🧝‍♀️|elbin|elfe|magisch
🧞|aladdin|aladin|dschinn|flaschengeist|lampe|person|wunderlampe|wünsche
🧞‍♂️|dschinn|männlicher flaschengeist
🧞‍♀️|dschinn|weiblicher flaschengeist
🧟|apokalypse|halloween|horror|person|untoter|walking dead|wandelnder toter|zombie
🧟‍♂️|männlicher zombie|untoter|wandelnder toter|zombie
🧟‍♀️|untote|wandelnde tote|weiblicher zombie|zombie
🧌|fantasy|gruslig|kobold|märchen|monster|ork|troll|ungeheuer
🫈|bigfoot|fabelwesen|gigant|haarig|kryptid|riese|sasquatch|wald|wilder mann|woodwose|yeti
💆|behandlung|die eine kopfmassage bekommt|entspannen|kopfmassage|kopfschmerzen|massage|migräne|person, die eine kopfmassage bekommt|salon|spa|therapie
💆‍♂️|der eine kopfmassage bekommt|entspannen|kopfmassage|kopfschmerzen|mann, der eine kopfmassage bekommt|massage|salon|männlich
💆‍♀️|behandlung|entspannend|frau|gesicht|kopfmassage|kopfschmerzen|kopfweh|lindern|massage|relaxen|salon|spa|therapie|verspannung|weiblich
💇|friseurin|friseuse|frisörin|frisur|haare|haarschnitt|person beim haareschneiden|schere
💇‍♂️|friseur|frisur|haarschnitt|mann beim haareschneiden|salon|schere|männlich
💇‍♀️|frau beim haareschneiden|friseur|haarschnitt|schere|weiblich
🚶|fußgänger(in)|fußgängerin|gehend|person|schlendern|schlurfen|wandern|fussgänger(in)|fussgängerin
🚶‍♂️|fußgänger|gehen|mann|spaziergang|fussgänger|männlich
🚶‍♀️|frau|fußgängerin|gehen|schlendern|spazieren|spaziergang|fussgängerin|weiblich
🧍|mensch|person|stand|stehende person
🧍‍♂️|mann|stehender mann|männlich
🧍‍♀️|frau|stehende frau|weiblich
🧎|fersensitz|kniende person|meditation|meditieren|mensch|person|seiza|zazen
🧎‍♂️|kniender mann|mann|männlich
🧎‍♀️|frau|kniende frau|weiblich
🧑‍🦯|barrierefreiheit|blind|person mit blindenstock|person mit langstock
👨‍🦯|barrierefreiheit|behinderung|blind|mann mit blindenstock|mann mit gehstock|mann mit langstock|mensch|person|sehbehindert|männlich
👩‍🦯|barrierefreiheit|behinderung|blind|frau mit blindenstock|frau mit gehstock|frau mit langstock|mensch|person|weiblich
🧑‍🦼|barrierefreiheit|person in elektrischem rollstuhl|rollstuhl
👨‍🦼|barrierefreiheit|behinderung|mann in elektrischem rollstuhl|mann in rollstuhl|mensch|person|rollstuhl|männlich
👩‍🦼|barrierefreiheit|behinderung|frau in elektrischem rollstuhl|frau in rollstuhl|mensch|person|rollstuhl|weiblich
🧑‍🦽|barrierefreiheit|person in manuellem rollstuhl|rollstuhl
👨‍🦽|barrierefreiheit|behinderung|mann in manuellem rollstuhl|mann in rollstuhl|mensch|person|rollstuhl|männlich
👩‍🦽|barrierefreiheit|behinderung|frau in manuellem rollstuhl|frau in rollstuhl|mensch|person|rollstuhl|weiblich
🏃|eilig|joggen|laufende person|läuferin|marathon|person|rennen|schnell|sport
🏃‍♂️|joggen|jogger|laufender mann|marathon|rennen|männlich
🏃‍♀️|athletin|frau|joggen|joggerin|laufende frau|läuferin|marathon|rennen|rennerin|rennt|schell|weiblich
🧑‍🩰|ballett|tänzerin
💃|elegant|festlich|flair|flamenco|frau|salsa|schwung|tango|tanzen|tänzerin|weiblich
🕺|elegant|festlich|flair|flamenco|mann|salsa|schwung|tango|tanzen|tänzer|männlich
🕴️|anzug|geschäftlich|mann|schwebender mann im anzug|männlich
👯|bunnys|doppelt|hasenohren|leute|party|personen mit hasenohren|seelenverwandt|tanzen|tänzerinnen|zwillinge
👯‍♂️|bunnys|hasenohren|männer mit hasenohren|party|tanzen|zwillinge
👯‍♀️|bunnys|frauen mit hasenohren|hasenohren|party|weiblich
🧖|abschalten|dampfbad|dampfsauna|entspannen|frau|luxuriös|person in dampfsauna|relaxen|sauna|spa
🧖‍♂️|dampfsauna|mann in dampfsauna|sauna|männlich
🧖‍♀️|dampfsauna|frau in dampfsauna|sauna|weiblich
🧗|bergsteiger(in)|fels|kletterer|klettern|person|sport
🧗‍♂️|bergsteiger|klettern
🧗‍♀️|bergsteigerin|klettern
🤺|fechten|fechter(in)|schwert|sport
🏇|jockey auf pferd|pferderennen|schnell|sport|um die wette|wetten
⛷️|schnee|skifahrer(in)|skifahrerin|sport
🏂|snowboarden|snowboarder(in)|snowboarderin|sport
🏌️|abschlagplatz|golfer(in)|golferin|golfspielerin|person|sportlerin
🏌️‍♂️|golfen|golfer|golfspieler|mann|männlich
🏌️‍♀️|frau|golfen|golferin|golfspielerin|weiblich
🏄|person|sport|surfboard|surfbrett|surfen|surfer(in)|surferin|wassersport|wellenreiten|wellenreiterin
🏄‍♂️|mann|surfer|wellenreiten|männlich
🏄‍♀️|frau|sport|strand|surfbrett|surferin|wellenreiten|weiblich
🚣|angeln|boot|kanu|paddel|person im ruderboot|ruderboot|rudern|sport
🚣‍♂️|boot|mann im ruderboot|rudern|männlich
🚣‍♀️|bootfahrerin|frau im ruderboot|ruderin|rudern|see|weiblich
🏊|kraulen|person|pool|schwimmbecken|schwimmen|schwimmer(in)|schwimmerin|sport|triathlon|wasser
🏊‍♂️|kraulen|pool|schwimmbad|schwimmen|schwimmer
🏊‍♀️|frau|kraulen|pool|schwimmbad|schwimmen|schwimmerin|sport
⛹️|ball|basketballer|basketballspielerin|dribbeln|person mit ball|sportlerin
⛹️‍♂️|ballsport|handball|mann mit ball|männlich
⛹️‍♀️|ballsport|basketballspieler|frau mit ball|handball|sport|weiblich
🏋️|gewichtheber(in)|gewichtheberin|hantel|muskeln|person|schwer|sport|stark|training
🏋️‍♂️|gewicht heben|gewichtheber|mann|männlich
🏋️‍♀️|frau|gewicht heben|gewichte heben|gewichteheberin|gewichtheberin|weiblich
🚴|fahrrad|person|radeln|radfahren|radfahrer(in)|radfahrerin|sport|tour de france
🚴‍♂️|fahrrad|mann|radfahrer|männlich
🚴‍♀️|fahrradfahrerin|frauen|radeln|radfahrerin|radlerin|weiblich
🚵|fahrrad|mountainbiker(in)|mountainbikerin|mountainbiking|person|radfahren|radfahrerin|sport|tour de france
🚵‍♂️|fahrrad|mann|mountainbiker|rad|männlich
🚵‍♀️|fahrradfahrerin|frau|mountain bikerin|mountainbikerin|radeln|radfahrerin|sport|weiblich
🤸|akrobatik|bodenturnen|gymnastik|person|rad schlagende person|radschlag|sport|turnerin
🤸‍♂️|akrobatik|bodenturnen|gymnastik|mann|person|rad schlagender mann|radschlag|sport|turner|männlich
🤸‍♀️|akrobatik|bodenturnen|frau|gymnastik|person|rad schlagende frau|radschlag|sport|turnerin|weiblich
🤼|catchen|catcher|person|ringen|ringer(in)|ringkampf|sportler|wrestler|wrestling
🤼‍♂️|catchen|catcher|männer|ringen|ringer|ringkampf|sport|wrestler|wrestling
🤼‍♀️|catchen|catcherin|person|ringende frauen|ringerin|ringkampf|sport|wrestlerin|wrestling|weiblich
🤽|person|schwimmsport|sportlerin|wasserballspieler(in)|wasserballspielerin|wassersport
🤽‍♂️|mann|person|schwimmsport|sportler|wasserballspieler|wassersport
🤽‍♀️|ballspiele|frau|person|schwimmsport|sportlerin|wasserballspielerin|wassersport
🤾|handballerin|handballspieler(in)|handballspielerin|person|schleudern|sportler|werfen
🤾‍♂️|handballspieler|mann|sport|männlich
🤾‍♀️|frau|handballerin|handballspielerin|person|schleudern|sportlerin|werfen|weiblich
🤹|artistin|geschickt|jongleur(in)|jongleurin|jongleuse|jonglieren|multitasking|person|zirkus
🤹‍♂️|artist|entertainer|geschickt|jongleur|jonglieren|mann|multitasking|person|unterhalter|zirkus|männlich
🤹‍♀️|frau|geschickt|jongleurin|jonglieren|multitasking|weiblich
🧘|burmesischer sitz|frau|lotussitz|meditation|person im lotossitz|person in lotussitz|schneidersitz|yoga|zen
🧘‍♂️|mann im lotossitz|meditation|yoga|männlich
🧘‍♀️|frau im lotossitz|meditation|yoga|weiblich
🛀|badende person|badewanne|badezimmer|dusche|entspannen
🛌|bett|gute nacht|heia|im bett liegende person|müde|nachtruhe|schlaf schön|schlafen|zzz
🧑‍🤝‍🧑|händchen halten|hände halten|menschen|paar|pärchen|personen|sich an den händen haltende personen
👭|frauen|händchen haltende frauen|paar|pärchen aus frau und frau|weiblich
👫|frau|händchen halten|mann und frau halten hände|paar|pärchen aus frau und mann
👬|händchen haltende männer|männer|paar|pärchen aus mann und mann|zwillinge|männlich
💏|frau|herz|kuss|küssendes paar|mann|sich küssendes paar
💑|frau|herz|liebespaar|mann|paar
🗣️|gesicht|kopf|silhouette|sprechende person|sprechender kopf
👤|büste|person|silhouette einer büste
👥|büsten|personen|silhouette mehrerer büsten
🫂|abschied|danke|drücken|drücker|freundschaft|hallo|liebe|sich umarmende personen|tschüss|umarmung
👪|familie|junge|kind|mutter|vater
🧑‍🧑‍🧒|erwachsener|familie|kind
🧑‍🧑‍🧒‍🧒|erwachsener|familie|kind
🧑‍🧒|erwachsener|familie|kind
🧑‍🧒‍🧒|erwachsener|familie|kind
👣|abdruck|auf dem weg|fußabdruck|fußabdrücke|fussabdruck|fussabdrücke
🫆|fingerabdruck|forensik|identität|sicherheit
🐵|affengesicht|banane|dschungel|gesicht|tier|zoo
🐒|affe|tier
🦍|affe|gesicht|gorilla|tier
🦧|affe|orang-utan|tier
🐶|gesicht|hundegesicht|tier|treu|wau|wuff|haustier
🐕|haustier|hund|tier|wau|wuff
🦮|barrierefreiheit|behinderung|blindenhund|hund|sehbehindert|tier
🐕‍🦺|assistenzhund|barrierefreiheit|behinderung|hund|tier
🐩|hund|pudel|tier|haustier
🐺|gesicht|tier|wolfsgesicht
🦊|fuchsgesicht|gesicht|tier
🦝|klug|neugierig|schlau|tier|waschbär
🐱|gesicht|katzengesicht|miau|miezekatze|tier|haustier
🐈|haustier|katze|miau|tier
🐈‍⬛|kater|katze|miau|pech|schwarze katze|schwarzer kater|tier|unglück
🦁|gesicht|löwengesicht|sternzeichen|tierkreis
🐯|gesicht|raubkatze|tier|tigergesicht
🐅|tier|tiger
🐆|gepunktet|leopard|punkte|raubkatze|raubtier|tier|zoo
🐴|gesicht|pferdegesicht|pferdekopf|tier
🫎|elch|geweih|säugetier|tier
🫏|austreten|dickschädel|dummkopf|esel|maultier|säugetier|störrisch|stur|tier
🐎|pferd|rennen|rennpferd|tier
🦄|einhorngesicht|gesicht
🦓|streifen|tier|zebra
🦌|gesicht|hirsch|tier
🦬|bison|büffel|herde|ochse|tier|wisent
🐮|gesicht|kuhgesicht|tier
🐂|kuh|ochse|sternzeichen|stier|tierkreis
🐃|büffel|tier|wasserbüffel
🐄|bauernhof|kuh|muh|tier
🐷|gesicht|schweinegesicht|tier
🐖|bauernhof|sau|schwein|tier
🐗|eber|schwein|tier|wildschwein
🐽|nase|schweinerüssel|tier
🐏|schaf|sternzeichen|tierkreis|widder
🐑|bock|mäh|schaf|tier|widder|wolle
🐐|steinbock|sternzeichen|tierkreis|ziege
🐪|dromedar|einhöckrig|kamel|tier|wüste
🐫|kamel|tier|wüste|zweihöckrig
🦙|alpaca|alpaka|anden|kamel|lama|tier|vicuña|wolle
🦒|flecken|giraffe|tier
🐘|elefant|tier
🦣|aussterben|groß|mammut|natur|stoßzahn|tier|wollig|gross|stosszahn
🦏|nashorn|rhinozeros|tier
🦛|flusspferd|hippo|nilpferd|tier
🐭|gesicht|mäusegesicht|mausgesicht|nagetier|tier
🐁|maus|nage|tier
🐀|nagetier|ratte|tier
🐹|gesicht|hamstergesicht|tier|haustier
🐰|gesicht|hasengesicht|kaninchen|karnickel|langohr|mümmelmann|nager|nagetier|tier|haustier
🐇|hase|kaninchen|karnickel|mümmelmann|nagetier|tier|haustier
🐿️|streifenhörnchen|tier
🦫|biberschwanz|biberzahn|damm|natur|otter|tier
🦔|igel|stachelig|stacheln|tier
🦇|fledermaus|tier|vampir
🐻|bärengesicht|gesicht|tier
🐻‍❄️|arktis|eisbär|nordpol|weiß|weiss
🐨|koalabär|koalagesicht|tier
🐼|gesicht|pandabär|pandagesicht|tier
🦥|faultier|langsam|tier|träge
🦦|fischen|otter|tier|verspielt
🦨|skunk|stinken|stinktier|tier
🦘|australien|beuteltier|down under|hüpfen|känguru|quokka|skippy|springen|tier|wallaby
🦡|dachse|frechdachs|honigdachs|ratel|tier
🐾|abdruck|tatzenabdrücke|tier
🦃|geflügel|pute|thanksgiving|truthahn
🐔|geflügel|henne|huhn|tierkopf
🐓|hahn|tier
🐣|ei|küken in eierschale|piep|schlüpfendes küken|tier|vogel
🐤|kükenkopf|tier
🐥|geflügel|küken in frontansicht|küken von vorne|tier
🐦|papagei|taube|tier|vogelkopf
🐧|pinguinkopf|tier|vogel
🕊️|fliegen|friedenstaube|taube|vogel
🦅|adler|tier|vogel
🦆|ente|tier|vogel
🦢|hässliches entlein|schwan|tier|vogel
🦉|eule|raubvogel|tier|uhu|vogel|weise
🦤|aussterben|dodo|dronte|groß|mauritius|natur|tier|vogel|gross
🪶|federleicht|federn|fliegen|gefieder|leicht|vogelfeder
🦩|bunt|farbenfroh|flamingo|rosa|tier|tropen|tropisch|vogel
🦚|bunt|pfau|stolzieren|tier|vogel
🦜|ausplaudern|papagei|pirat|plappern|sprechen|tier|vogel|wiederholen
🪽|engelsflügel|federn|fliegen|flug|flügel|himmlisch|mythologie|vogel
🐦‍⬛|amsel|krächzen|krähe|rabe|schnabel|schwarzer vogel|tier|vogel
🪿|blöd|dumme gans|gans|gänserich|ganter|geflügel|schnattern|tier|vogel
🐦‍🔥|asche|fabelwesen|fantasy|feuervogel|phönix|reinkarnation|tier|vogel|wiedergeburt
🐸|froschgesicht|gesicht|grün|quak|tier
🐊|krokodil|reptil|schnappi|tier
🐢|schildkröte|tier
🦎|eidechse|reptil
🐍|schlangenträger|sternzeichen|tierkreis
🐲|drachengesicht|gesicht|märchen|tier
🐉|chinesisch neujahr|drache|märchen|tier
🦕|brachiosaurus|brontosaurus|dinosaurier|diplodocus|saurier|sauropode
🦖|dinosaurier|saurier|t-rex|tree|tyrannosaurus rex
🐳|blasender wal|meer|ozean|tier|wal
🐋|ozean|tier|wal
🐬|delfin|meer|ozean|strand|tier
🫍|meeressäuger|meerestier|orka|ozean|wal
🦭|meer|ozean|robbe|seehund|seelöwe|tier
🐟|aquarium|fische|meehr|sternzeichen|tierkreis
🐠|fisch|tier|tropenfisch
🐡|fisch|kugelfisch|kugelrund|meer|tier
🦈|fisch|haifisch|meer|tier
🐙|krake|meer|oktopus|tier|tintenfisch
🐚|muschel|schneckenhaus|strand|tier
🪸|great barrier reef|klimawandel|korallenriff|meer|ozean|riff|tier
🪼|autsch|brennen|gallert|glibber|meeresbewohner|meerestier|nesseltier|ozean|qualle|tentakeln
🦀|krabbe|krebs|meer|sternzeichen|strand|tierkreis
🦞|hummer|lobster|meeresfrucht|meeresfrüchte|meerestier|scheren|tier
🦐|garnele|gourmet|krustentier|meeresfrucht|shrimp
🦑|kalmar|tier|tintenfisch
🦪|auster|meer|muschel|perle|tauchen|tier
🐌|langsam|schnecke|tier
🦋|insekt|schmetterling|schön
🐛|gefräßig|insekt|raupe|tier|gefrässig
🐜|ameise|insekt|tier
🐝|biene|honigbiene|hummel|insekt|maja|natur|summ|tier
🪲|insekt|käfer|krabbeltier|minzkäfer|tier|wanze
🐞|glückskäfer|insekt|käfer|krabbel|marienkäfer|punkte|tier
🦗|grashüpfer|grille|heuschrecke|insekt|tier|zikade
🪳|insekt|käfer|kakerlake|krabbeln|krabbeltier|küchenschabe|la cucaracha|schabe|tier
🕷️|insekt|spinne|tier
🕸️|netz|spinnennetz
🦂|horoskop|skorpion|sternzeichen|tierkreis
🦟|biss|fieber|insektenbiss|insektenstich|krankheit|malaria|moskito|mücke|schnake|stechmücke|stich|tier|virus
🪰|fliegen|insekt|krankheit|made|mücke|plage|schmeißfliege|tier|verwesen|schmeissfliege
🪱|insekt|natur|parasit|regenwurm|ringelwurm|tier|wurm
🦠|amöben|bakterien|einzeller|medizin|mikrobe|virus|wissenschaft
💐|blumenstrauß|bouquet|blumenstrauss
🌸|blume|blüte|kirschblüte|kirsche|pflanze
💮|blumenstempel
🪷|blume|buddhismus|erleuchtung|gleichmut|hinduismus|liebe|lotosblume|lotusblüte|pflanze|reinheit|ruhe|schönheit
🏵️|pflanze|rosette
🌹|blume|blüte|pflanze|rose
🥀|am sterben|blume|sterbend|verwelkt|welke blume|welkende blume
🌺|blume|blüte|hibiskus|pflanze|rosa
🌻|blume|blüte|pflanze|sonnenblume
🌼|blume|blüte|gelbe blüte|pflanze
🌷|blume|blüte|pflanze|tulpe
🪻|blaue wiesenlupine|blühen|blume|blüte|frühling|hyazinthe|lavendel|lila|löwenmaul|lupine|pflanze|violett
🌱|junge pflanze|spross
🪴|dekor|grünpflanze|haus|pflanze|pflegen|topfpflanze|wachsen|zimmerpflanze
🌲|baum|nadelbaum|pflanze|tannenbaum
🌳|baum|blätter|grün|laubbaum|pflanze|wald
🌴|baum|kokusnuss|oase|palme|pflanze|strand|tropen
🌵|dürre|kaktus|natur|pflanze|trockenzeit|wüste
🌾|ähre|pflanze|reisähre|reispflanze
🌿|blätter|kräuter|pflanze
🍀|blatt|glücksklee|kleeblatt|pflanze|silverster|vierblättriges kleeblatt
🍁|ahornblatt|blatt|herbst|laub|pflanze
🍂|blatt|blätter|fallendes laub|herbst|laub|pflanze
🍃|blatt|blätter im wind|laub|pflanze|wind
🪹|heim|leeres nest|nestbau|nisten|vogelnest|zuhause
🪺|heim|nest mit blauen eiern|nest mit eiern|nestbau|nisten|vogelnest|zuhause
🍄|fliegenpilz|giftig|pilz
🪾|dürr|kahler baum|karg|trocken|winter
🍇|frucht|obst|trauben|wein
🍈|cantaloupe|frucht|honigmelone|melone|obst
🍉|frucht|melone|obst|wassermelone
🍊|apfelsine|frucht|mandarine|obst|orange|vitamin
🍋|frucht|obst|sauer|zitrone|zitrusfrucht
🍋‍🟩|cocktail|essen|frucht|limette|obst|saft|sauer|tequila|tropisch|zitrusfrucht
🍌|banane|frucht|obst|schale
🍍|ananas|frucht|obst
🥭|essen|frucht|früchte|mango|obst|shaker|tropisch
🍎|apfel|frucht|obst|roter apfel
🍏|apfel|frucht|gesund|grüner apfel|obst
🍐|birne|frucht|obst
🍑|frucht|obst|pfirsich
🍒|frucht|kirschen|obst
🍓|beere|erdbeere|essen|frucht|obst
🫐|beere|blaubeeren|essen|frucht|heidelbeeren|lebensmittel|nahrung|obst
🥝|frucht|kiwi|obst
🍅|essen|gemüse|obst|tomate
🫒|essen|grün|lebensmittel|nahrung|olivenöl|olivenzweig|zweig
🥥|colada|essen|frucht|kokosnuss|palme|piña
🥑|avocado|essen|frucht
🍆|aubergine|gemüse
🥔|essen|gemüse|kartoffel
🥕|gemüse|karotte|möhre|mohrrübe
🌽|gemüse|maiskolben
🌶️|chili|paprika|peperoni|pfeffer|pflanze|scharf
🫑|essen|gemüsepaprika|grün|lebensmittel|nahrung|paprika|peperoni
🥒|essen|gemüse|gurke|scheiben
🥬|blattgemüse|blattgrün|essen|gemüse|grünkohl|grünzeug|kohl|kraut|mangold|pak choi|pok choi|salatblatt|spinat
🥦|broccoli|brokkoli|essen|gemüsekohl|kohl
🧄|essen|geschmack|knoblauch|lebensmittel|nahrung|würze|zutat
🧅|essen|geschmack|gewürz|lebensmittel|nahrung|würze|zwiebel
🥜|erdnuss|essen
🫘|bohnen|essen|gemüse|hülsenfrucht|kidney-bohne|kidneybohne|lebensmittel
🌰|kastanie|marone
🫚|gesund|gewürz|ginger ale|ingwerbier|scharf|wurzel|würzig
🫛|bohne|edamame|erbsenschote|essen|gemüse|hülsenfrucht|hülsenfrüchte|schote
🍄‍🟫|braun|essen|fungus|gemüse|lebensmittel|natur|pflanze|pilz|wald
🫜|bete|garten|gemüse|rote bete|rübe|wurzel|radieschen
🍞|brotlaib|essen|kohlenhydrate|laib brot|toast|weißbrot|weizen|weissbrot
🥐|corissant|croissant|französisch|frühstückshörnchen|brot
🥖|baguette|brot|französisch|frühstück
🫓|arepa|brot|essen|fladenbrot|lavasch|lebensmittel|naan|nahrung|pita
🥨|brezel|brezen|brezn|essen|gedreht|oktoberfest
🥯|bäckerei|backwaren|bagel|brötchen|essen|frühstück|pausenbrot|brot
🥞|crepe|eierpfannkuchen|essen|pfannkuchen
🧇|essen|lebensmittel|nahrung|waffel mit butter
🧀|käsestück
🍖|fleischhachse|knochen|restaurant
🍗|fleisch|geflügel|hähnchenschenkel|hühnerbein|restaurant
🥩|essen|fleischstück|kotelett|lammkotelett|rot|schnitzel|schweinekotelett|steak
🥓|bacon|essen|frühstücksspeck|speckstreifen
🍔|burger|fast food|hamburger|restaurant
🍟|fritten|pommes frites
🍕|pizzastück|pizzeria
🌭|essen|frankfurter|hot dog|hotdog|wurst|würstchen
🥪|brot|essen|sandwich
🌮|essen|mexikanisch|taco
🌯|burrito|essen|mexikanisch
🫔|burrito|eingewickelt|essen|lebensmittel|mexikanisch|streetfood|tamale|wrap
🥙|döner kebab|falafel|wrap
🧆|bällchen|essen|falafel|fleischbällchen|kichererbsen|lebensmittel|nahrung
🥚|ei|frühstücksei
🍳|braten|bratpfanne|kochen|pfanne|spiegelei in bratpfanne
🥘|essen|paella|pfannengericht|reispfanne
🍲|eintopf|gericht|schüssel|suppe|topf mit essen
🫕|essen|fondue|geschmolzen|käse|schokolade|schweizerisch|topf
🥣|brei|cerealien|essen|frühstück|haferbrei|reisbrei|schüssel mit löffel|suppe
🥗|blattgemüse|essen|gesund|grün|salat
🍿|kino|popcorn|snack
🧈|butter|essen|lebensmittel|milchprodukt|nahrung
🧂|gesalzen|geschmack|gewürz|salzig|salzstreuer|würze|zutat
🥫|büchse|dose|essen|konserve
🍱|bento-box|japanisches essen|sushi
🍘|cracker|reiscracker
🍙|essen|japanisch|reisbällchen
🍚|essen|reis in schüssel
🍛|curry|reis mit curry
🍜|chinesisches essen|dampfend|eiernudeln|nudeln|schüssel und essstäbchen|stäbchen|suppe
🍝|essse|nudeln mit tomatensoße|pasta|restaurant|spaghetti|nudeln mit tomatensosse
🍠|essen|gemüse|geröstet|süßkartoffel|süsskartoffel
🍢|japanisches gericht|oden|restaurant
🍣|japanisches gericht|restaurant|sushi
🍤|frittierte garnele|garnele|restaurant|tempura
🍥|fischfrikadelle|restaurant|spirale
🥮|essen|festival|herbst|kuchen|mondfest|mondkuchen|pinyin|yuebing
🍡|dango|japanisches gericht|mochi-kugeln auf einem spieß|restaurant|mochi-kugeln auf einem spiess
🥟|chinesische teigtasche|dumpling|empanada|essen|gyōza|jiaozi|kloß|pierogi|potsticker|teigtasche|kloss
🥠|essen|glückskeks|prophezeiung
🥡|chinesisches essen|essen|stäbchen|takeaway-box|takeaway-schachtel
🍦|eis|softeis
🍧|eis|sorbet|wassereis|zerstoßen|zerstossen
🍨|eisbecher|eiscreme|eisdiele
🍩|donut|doughnut|essen|kuchen|süß|süss
🍪|cookie|keks|plätchen
🎂|essen|feier|geburtstagskuchen|geburtstagstorte|happy birthday|kerzen|kuchen|lebensmittel|torte|dessert
🍰|kuchenstück|stück torte|tortenstück|dessert
🧁|bäckerei|cupcake|dessert|essen|gebäck|kalorienbombe|konditorei|muffin|nachspeise|streusel|süß|zucker|süss
🥧|essen|füllung|gebäck|kuchen|pastete|torte
🍫|essen|schokoladentafel|süßigkeit|süssigkeit
🍬|bonbon|süßigkeit|süssigkeit
🍭|lolli|lutscher|süßigkeit|süssigkeit
🍮|dessert|flan|nachspeise|nachtisch|pudding|schokolade|soße|sosse
🍯|honigtopf|süß|süss
🍼|babyflasche|fläschchen|flasche|kind|milch|trinken|getränk
🥛|getränk|glas|milch|trinken
🫖|getränk|kanne|lebensmittel|tee brühen|teekanne|teekrug|trinken
🍵|getränk|grüner tee|oolong|schale|teetasse ohne henkel
🍶|flasche|getränk|sake-flasche mit tasse|sake-flasche und -tasse|tasse|trinken
🍾|champagner|flasche mit knallendem korken|getränk|knallen|korken|sekt|trinken
🍷|alkohol|bar|glas|weinglas|getränk
🍸|bar|cocktailglas|drink|martini|getränk
🍹|bar|cocktail|exotisches getränk|getränk
🍺|bar|bierkrug|krug|oktoberfest|prost|weizenbier|getränk
🍻|anstoßen|bierkrüge|oktoberfest|prosit|prost|weizen|anstossen|getränk
🥂|anstoßen|feiern|getränk|gläser|prost|sektgläser|anstossen
🥃|bar|schnaps|trinkglas|whiskey|getränk
🫗|ausgießen|ausleeren|flüssigkeit ausgießen|getränk|gießen|glas|leer|missgeschick|tropfende flüssigkeit|verschütten|ausgiessen|flüssigkeit ausgiessen|giessen
🥤|becher mit strohhalm|brause|erfrischung|saft|selters|soda|strohhalm|trinken|trinkhalm|wasser|getränk
🧋|blase|bubble tea|essen|getränk|lebensmittel|milch|perle|taiwan|tee
🧃|fruchtsaft|getränk|obstsaft|saftpackung|trinkpäckchen
🧉|getränk|mate-tee|tee
🧊|eisberg|eiswürfel|gefroren|kalt|kühlen|würfel
🥢|chinesisches essen|essen|essstäbchen|hashi|japanisches essen|stäbchen
🍽️|gabel|geschirr|kochen|messer|teller mit messer und gabel
🍴|abendessen|besteck|essen|frühstück|gabel und messer|geschirr|hunger|lecker|messer und gabel|mittagessen|restaurant
🥄|besteck|löffel
🔪|küchenmesser|messer|schneiden
🫙|einmachglas|einweckglas|essen|gewürzglas|leerer behälter|leeres einweckglas|leeres glas|marmeladeglas|schraubglas
🏺|amphore|gefäß|kochen|krug|sternzeichen|tierkreis|trinken|vase|wassermann|gefäss
🌍|afrika|erde|europa|globus mit europa und afrika|weltkugel
🌎|erde|globus mit amerika|nordamerika|südamerika|weltkugel
🌏|asien|australien|erde|globus mit asien und australien|weltkugel
🌐|breitengrad|globus mit meridianen|längengrad
🗺️|karte|landkarte|reisen|weltkarte
🗾|japan|karte|umriss von japan
🧭|himmelsrichtung|kompass|magnetisch|navigation|orientierung|richtung|windrose
🏔️|berg|gebirge|kalt|schneebedeckter berg
⛰️|berg|gebirge
🛘|berg|erdbeben|felsen|gefahr|katastrophe|lawine|murenabgang|murgang|schlammlawine
🌋|ausbruch|berg|lava|vulkanausbruch|wetter
🗻|berg|fuji|vulkan
🏕️|campen|camping|zelten
🏖️|meer|sonnenschirm|strand mit sonnenschirm
🏜️|heiß|wüste|heiss
🏝️|einsame insel|insel|meer|palme|strand|verlassen
🏞️|berg|fluss|nationalpark|natur|park|schutzgebiet
🏟️|arena|stadion
🏛️|antikes gebäude|gebäude|klassizistisch
🏗️|bauen|kran
🧱|bauen|grenze|klinker|mauerwerk|mörtel|wand|ziegelsteine|zugemauert
🪨|felsen|felsig|hart|natur|schwer|steinig
🪵|baumstamm|feuerholz|holzig|holzscheite|lagerfeuer
🛖|behausung|gebäude|haus|hütte|jurte|objekt|rundhaus|schutz
🏘️|dorf|gebäude|haus|häuser|wohnhaus|wohnhäuser|wohnsiedlung
🏚️|gebäude|haus|heruntergekommen|verfallenes haus|verlassenes haus
🏠|gebäude|haus|zuhause
🏡|baum|haus mit baum|haus mit garten
🏢|bürogebäude|hochhaus
🏣|japanisches postgebäude|post
🏤|europa|europäisches postgebäude|postgebäude
🏥|ambulanz|arzt|gebäude|krankenhaus|medizin|notaufnahme
🏦|bank|gebäude|geld
🏨|gebäude|hotel|übernachten|unterkunft
🏩|gebäude|hotel|liebe|stundenhotel|unterkunft
🏪|einkaufen|gebäude|geschäft|lebensmittel|minimarkt
🏫|gebäude|schule|schulgebäude
🏬|einkaufen|gebäude|geschäft|kaufhaus|shoppen
🏭|fabrikgebäude|gebäude
🏯|bauwerk|gebäude|japanisches schloss|schloss
🏰|bauwerk|burg|europa|europäisch|gebäude|märchenschloss|schloss
💒|herz|hochzeit|kirche
🗼|fernsehturm|tokio|tokyo tower
🗽|amerika|freiheitsstatue
⛪|christentum|christlich|gebäude|kirche|kreuz|religion
🕌|islam|moschee|moslem|muslim|religion
🛕|gebäude|hindutempel|tempel|religion
🕍|jude|jüdisch|religion|synagoge|tempel
⛩️|religion|schrein|shinto-schrein
🕋|hajj|islam|kaaba|moslem|muslim|religion
⛲|brunnen|garten|park|springbrunnen
⛺|campingurlaub|zeltplatz
🌁|nebel|neblig|wetter
🌃|city|hochhäuser|nacht|skyline|stadt|sternenhimmel
🏙️|gebäude|großstadt|häuser|hochhäuser|skyline|stadt|wolkenkratzer|grossstadt
🌄|berge|sonnenaufgang über bergen
🌅|meer|sonnenaufgang über dem meer
🌆|abendstimmung in der stadt|hochhäuser|new york|skyline|sonnenaufgang|sonnenuntergang|wolkenkratzer
🌇|großstadt|hochhäuser|morgenrot|sonnenaufgang|sonnenuntergang in der stadt|wolkenkratzer|grossstadt
🌉|brücke vor nachthimmel|golden gate|nachts
🎠|karussellpferd|pferd|reiten
🛝|rutschbahn|rutsche|spielen|spielplatzrutsche|vergnügungspark
🎡|freizeitpark|rad|riesenrad|volksfest
🎢|achterbahn|freizeitpark|volksfest
💈|barbershop-säule|friseur|herrenfriseur|säule
🎪|unterhaltung|zelt|zirkuszelt
🚂|bahn|dampflokomotive|fahrzeug|lokomotive|schiene|zug
🚃|eisenbahnwagen|fahrzeug|straßenbahnwagen|tram|wagen|waggon|wagon|zug|strassenbahnwagen
🚄|hochgeschwindigkeitszug mit spitzer nase|ice|shinkansen|tgv|zug
🚅|bahn|hochgeschwindigkeitszug|japan|shinkansen|zug
🚆|bahn|eisenbahn|ice|zug
🚇|metro|u-bahn
🚈|bahn|ice|monorail|s-bahn|zug
🚉|bahnhof|zug
🚊|straßenbahn|tram|verkehrsmittel|strassenbahn
🚝|bahn|einschienenbahn|magnetschwebebahn|monorail
🚞|bahn|bergbahn|bimmelbahn|zug
🚋|straßenbahnwagen|tramwagen|transport|verkehrsmittel|waggon|strassenbahnwagen
🚌|bus|fahrzeug|schulbus
🚍|bus von vorne|verkehrsmittel|vorderansicht bus
🚎|oberleitungsbus|straßenbahn|trolleybus|strassenbahn
🚐|bus|fahrzeug|kleinbus
🚑|ambulanz|krankenwagen|notfall
🚒|brand|feuerwehrauto|löschfahrzeug
🚓|polizeiwagen|streifenwagen
🚔|polizeiwagen von vorne|streifenwagen|vorderansicht polizeiwagen
🚕|auto|fahrzeug|taxi
🚖|auto|fahren|gelb|taxi von vorne|vorderansicht taxi
🚗|auto|fahren|fahrzeug|rot|verkehr
🚘|auto von vorne|automobil|fahrzeug|rot|vorderansicht auto
🚙|auto|blau|fahren|verreisen|wohnmobil
🛻|auto|fahren|fahrzeug|laster|lastwagen|lieferwagen|lkw|pick-up|transport
🚚|lastwagen|lieferwagen|lkw
🚛|lastwagen|lkw|sattelzug|umziehen|ziehen um
🚜|bauernhof|landwirtschaft|traktor|trecker
🏎️|autorennen|rennauto
🏍️|moped|motorrad|motorrennen
🛵|motoroller|motorroller|roller|vespa
🦽|barrierefreiheit|behinderung|manueller rollstuhl|rollstuhl
🦼|barrierefreiheit|behinderung|elektrischer rollstuhl|rollstuhl
🛺|autorikscha|fahrzeug|tuk-tuk
🚲|bmx|fahrrad|radeln|radler|spinning
🛴|roller|tretroller
🛹|board|brett|räder|skateboard fahren|skaten|skater
🛼|rollen|rollerskate|rollschuh laufen|schuh|sport
🚏|bushaltestelle|haltestelle
🛣️|autobahn|schnellstraße|schnellstrasse
🛤️|bahngleis|gleise|schienen
🛢️|fass|ölfass
⛽|benzin|tanken|tanksäule|tankstelle
🛞|autorad|autoreifen|drehen|rad|reifen mit felgen|rotieren
🚨|polizeilicht|sirene
🚥|ampel|horizontale verkehrsampel|verkehrsampel|vertikal
🚦|ampel|horizontal|verkehrsampel|vertikale verkehrsampel
🛑|achteckig|schild|stoppschild
🚧|baustellenabsperrung|baustellenschild|schild
🛟|leben retten|lebensretter|retten|rettungsring|schwimmring|sicherheit
⛵|boot|segelboot
🛶|boot|kanu|wassersport
🚤|boot|luxus|schnellboot|see|sommer|wasser|yacht
🛳️|aida|passagierschiff|rundreise|schiff|seereise|traumschiff
⛴️|fähre|schiff
🛥️|boot|motorboot|schiff
🚢|dampfer|kreuzfahrtschiff|schiff|traumschiff
🛩️|flugzeug|kleines flugzeug|privatjet
🛫|abflug|fliegen|flughafen|flugzeug|start eines flugzeugs
🛬|ankunft|flieger|flughafen|flugzeug|landen|landung eines flugzeugs
🪂|fallschirmspringen|paragliding|skydiving|sport
💺|bus|flugzeug|sitzplatz|zug
🚁|fliegen|helikopter|hubschrauber|reisen
🚟|hängebahn|schwebebahn
🚠|bergschwebebahn|schwebebahn
🚡|bergseilbahn|gondel|seilbahn
🛰️|satellit|sputnik|weltraum
🚀|all|rakete|weltraum
🛸|alien|außerirdisch|fliegende untertasse|ufo|ausserirdisch
🛎️|klingel|rezeptionsklingel
🧳|ballast|gepäck|hartschalenkoffer|koffer|reise|trolley-tasche
⌛|prozess|sanduhr|vorgang läuft|zeit
⏳|laufende sanduhr|prozess|sanduhr|vorgang läuft
⌚|armbanduhr|uhr|zeit
⏰|uhrzeit|wecker|zeit
⏱️|stoppuhr|uhr|zeit
⏲️|timer|uhr|zeitschaltuhr
🕰️|kaminuhr|tick tack|uhr
🕛|0 uhr|12:00 uhr|mittag|mitternacht|uhr|ziffernblatt 12:00 uhr|ziffernblatt 12.00 uhr|zwölf uhr
🕧|00:30|12:30|halb eins|uhr|zeit|ziffernblatt 12:30 uhr|ziffernblatt 12.30 uhr
🕐|01:00|1:00 uhr|13:00|punkt eins|uhr|zeit|ziffernblatt 1:00 uhr|ziffernblatt 1.00 uhr
🕜|1 uhr 30|1:30 uhr|halb zwei|uhr|ziffernblatt 1:30 uhr|ziffernblatt 1.30 uhr
🕑|2:00 uhr|uhr|zeit|ziffernblatt 2:00 uhr|ziffernblatt 2.00 uhr
🕝|2:30 uhr|halb drei|uhr|zeit|ziffernblatt 2:30 uhr|ziffernblatt 2.30 uhr
🕒|3:00 uhr|uhr|zeit|ziffernblatt 3:00 uhr|ziffernblatt 3.00 uhr
🕞|3:30 uhr|halb vier|uhr|ziffernblatt 3:30 uhr|ziffernblatt 3.30 uhr
🕓|4:00 uhr|uhr|zeit|ziffernblatt 4:00 uhr|ziffernblatt 4.00 uhr
🕟|04:30|16:30|4:30 uhr|halb fünf|uhr|zeit|ziffernblatt 4:30 uhr|ziffernblatt 4.30 uhr
🕔|05:00|17:00|5:00 uhr|punkt fünf|uhr|zeit|ziffernblatt 5:00 uhr|ziffernblatt 5.00 uhr
🕠|05:30|17:30|5:30 uhr|halb sechs|uhr|ziffernblatt 5:30 uhr|ziffernblatt 5.30 uhr
🕕|6:00 uhr|uhr|zeit|ziffernblatt 6:00 uhr|ziffernblatt 6.00 uhr
🕡|6:30 uhr|halb sieben|uhr|ziffernblatt 6.30 uhr
🕖|7:00 uhr|uhr|ziffernblatt 7:00 uhr|ziffernblatt 7.00 uhr
🕢|7:30 uhr|halb acht|uhr|zeit|ziffernblatt 7:30 uhr|ziffernblatt 7.30 uhr
🕗|8:00 uhr|uhr|um 8|zeit|ziffernblatt 8:00 uhr|ziffernblatt 8.00 uhr
🕣|8:30 uhr|halb neun|uhr|ziffernblatt 8:30 uhr|ziffernblatt 8.30 uhr
🕘|9:00 uhr|uhr|zeit|ziffernblatt 9:00 uhr|ziffernblatt 9.00 uhr
🕤|9:30 uhr|halb zehn|uhr|zeit|ziffernblatt 9:30 uhr|ziffernblatt 9.30 uhr
🕙|10:00 uhr|uhr|zeit|ziffernblatt 10:00 uhr|ziffernblatt 10.00 uhr
🕥|10:30 uhr|halb elf|uhr|ziffernblatt 10:30 uhr|ziffernblatt 10.30 uhr
🕚|11:00 uhr|uhr|zeit|ziffernblatt 11:00 uhr|ziffernblatt 11.00 uhr
🕦|11:30 uhr|halb zwölf|uhr|zeit|ziffernblatt 11:30 uhr|ziffernblatt 11.30 uhr
🌑|mond|neumond
🌒|erstes mondviertel|mond|zunehmend
🌓|halbmond|mond|zunehmender halbmond
🌔|mond|zunehmend|zweites mondviertel
🌕|mond|vollmond
🌖|abnehmend|drittes mondviertel|mond
🌗|abnehmender halbmond|halbmond
🌘|abnehmend|letztes mondviertel|mond|nacht
🌙|mondsichel|nacht
🌚|gesicht|mondgesicht|neumond mit gesicht
🌛|gesicht|mondsichel mit gesicht links|weltall
🌜|gesicht|mondsichel mit gesicht rechts|nacht
🌡️|temperatur|thermometer|wetter
🌝|gesicht|vollmond mit gesicht
🌞|gesicht|sonne mit gesicht|sonnengesicht|sonnenschein
🪐|gasplanet|himmelskörper|planet|ringplanet|saturn
⭐|astronomie|gelber stern|himmel|stern|weißer mittelgroßer stern|weisser mittelgrosser stern
🌟|funkelnder stern|glitzern|stern
🌠|himmel|sternschnuppe
🌌|galaxie|milchstraße|universum|milchstrasse
⛅|sonne hinter wolke|wolke|wolkig
⛈️|blitz|gewitter|regen|wetter|wolke mit blitz und regen|wolkig
🌤️|bewölkt|kleine wolke|sonne hinter kleiner wolke|wetter|wolke
🌥️|bewölkt|große wolke|sonne hinter großer wolke|wetter|wolke|grosse wolke|sonne hinter grosser wolke
🌦️|regenwolke|sonne hinter regenwolke|wetter
🌧️|regenwolke|wetter|wolke mit regen
🌨️|kalt|schnee|wetter|wolke mit schnee
🌩️|blitz|gewitter|wetter|wolke mit blitz
🌪️|tornado|wetter|wirbelsturm
🌫️|nebel|neblig|wetter
🌬️|wetter|windig
🌀|spirale|wirbelsturm
🌈|regenbogen|wetter
🌂|geschlossener regenschirm|regenschirm
⛱️|aufgestellter sonnenschirm|sonnenschirm|strand
⚡|blitz|elektrizität|gefahr|gewitter|hochspannungszeichen|strom
⛄|kalt|schneemann ohne schneeflocken|winter
🔥|brennen|feuer|flamme|heiß|heiss
💧|schweiß|träne|tropfen|wassertropfen|schweiss
🌊|meer|welle
🎃|halloweenkürbis|herbst|kürbislaterne
🎄|baum|tanne|weihnachten|weihnachtsbaum
🎆|feuerwerk|silvester
🎇|feiern|feuerwerk|party|wunderkerze
🧨|dynamit|explosion|explosiv|feuerwerkskörper|funken|knallen|knaller|kracher|silvester|sprengen|sprengstoff|zündstoff
🎈|ballon|feier|geburtstag|luftballon
🎉|böller|feier|juhu|knaller|konfettibombe|party|super|yay
🎊|feier|konfettiball|party
🎋|baum|fest|japan|sternenfest|tanabata-baum|zettel
🎍|japan|neujahrsfest|piniendekoration
🎎|japanische puppen|puppenfest japan
🎏|feier|karpfen|traditionelle japanische windsäcke|windsäcke
🎐|bimmel|feier|glocke|japanisches windspiel|wind
🎑|japan|mondfest|traditionelles mondfest
🧧|geld|geschenk|glück|hong bao|hongbao|roter umschlag
🎀|feier|geschenk|pink|rosa|schleife
🎁|feier|geburtstag|geschenk|schachtel|schleife|überraschung|verpackt|weihnachten
🎗️|gedenkschleife|schleife
🎟️|billet|eintrittskarten|ticket
🎫|konzert|ticket|unterhaltung
🎖️|militärorden|orden
🏆|bundesliga|champion|gewinnen|pokal|preis|sieger|sport|trophäe
🏅|gewinn|goldmedaille|medaille|sportmedaille
🥇|erster|gewinn|goldmedaille|medaille 1. platz
🥈|medaille 2. platz|silbermedaille|zweiter
🥉|bronzemedaille|dritter|medaille 3. platz
⚽|ball|bundesliga|fußball|messi|fussball
⚾|ball|baseball
🥎|ball|baseball|handschuh|softball|sport|unterarm|werfen
🏀|ball|basketball|korb|sport
🏐|ball|sport|volleyball
🏈|american football|amerika|ball|football|sport|super bowl
🏉|ball|rugbyball|sport
🎾|ball|sport|tennisball
🥏|disc|disk|fliegende untertasse|frisbee|scheibe|ultimate
🎳|bowlingkugel|kugel|spiel
🏏|ball|cricket|kricket|schläger
🏑|feldhockey|hockey|schläger
🏒|eishockey-schläger und puck|hockey|puck|schläger
🥍|ball|lacrosse|schläger|sport|stick|stock|tor
🏓|ball|ping pong|schläger|spiel|sport|tischtennis
🏸|badminton|federball|schläger
🥊|boxen|boxhandschuh|handschuh|sport
🥋|judo|kampfkunst|kampfsportanzug|karate|taekwondo
🥅|fußball|netz|sport|tor|fussball
⛳|golffahne|golfplatz|flagge
⛸️|eislauf|schlittschuh
🎣|angel mit fisch|angeln|entspannung
🤿|schnorcheln|schwimmen|sporttauchen|tauchen|tauchmaske
🎽|laufen|laufshirt mit schärpe|schärpe|sport
🎿|ski und stöcke
🛷|rodeln|schlitten|schnee
🥌|curlingstein|spiel|sport|stein
🎯|darts|pfeil|spiel|volltreffer|zielscheibe
🪀|jo-jo|spielzeug|yo-yo
🪁|drachen|fliegen|hochfliegen|steigen|wind
🔫|pistole|revolver|waffe|wasserpistole
🎱|8-ball|billardkugel|kugel|schwarz|spiel
🔮|kristallkugel|wahrsager|zukunft
🪄|abrakadabra|hexer|magie|magisch|wunder|zauberei|zauberer|zauberin|zaubern|zauberstab
🎮|gamepad|gaming|unterhaltung|videospiel
🕹️|gaming|joystick|videospiel
🎰|glücksspiel|spielautomat
🎲|casino|spielwürfel|unterhaltung|würfeln|zufall
🧩|bestandteile|hinweise|hobby|passen|puzzeln|puzzlestück|puzzleteile|spiel|teile|zusammenpassen|zusammensetzen
🧸|bär|kuscheltier|plüschteddy|plüschtier|spielwaren|spielzeug|stoffbär|stofftier|teddybär
🪅|feier|hau drauf|mexikanisch|mexiko|objekt|party|pinada|pinata|piñata|süßigkeiten|süssigkeiten
🪩|discokugel|lichtreflexe|party|spiegelkugel|tanzen
🪆|babuschka|matrioschka|matrjoschka|matroschka|puppe|russland|spielzeug
♟️|bauer schach|schach
🃏|jokerkarte|spielkarte
🀄|mahjong-stein|roter drache|spiel
🎴|blumenkarte|hanafuda|japanische blumenkarte|karte
🎭|kunst|masken|theater|unterhaltung
🖼️|bild|gemälde|gerahmtes bild|kunst|malen|rahmen|zeichnen|zeichnung
🎨|farben|kunst|künstler|mischpalette|palette
🧵|faden|nadel|nähen|nähfaden|nähgarn|rolle|spule|zwirn
🪡|einfädeln|faden|nadel und faden|nähen|nähnadel|nähte|schneidern|stiche|sticken
🧶|ball|garn|häkeln|spinnen|stricken|wolle|wollknäuel|zwirn
🪢|achterknoten|binden|knoten|schnur|schnürsenkel|seemansknoten|segelboot|segeln|seil|verknoten|zusammendrehen
👓|accessoire|brille
🕶️|augen|brille|dunkel|sonnenbrille
🥽|augenschutz|brille|schutzbrille|schweißen|schweißerbrille|schwimmen|tauchen|taucherbrille|schweissen|schweisserbrille
🥼|arztkittel|doc|doktor|experiment|kleidungsstück|laborkittel|labormantel|weiße jacke|weißer mantel|wissenschaftler|weisse jacke|weisser mantel
🦺|kleidung|notfall|sicherheitsweste|weste
👔|hemd mit krawatte|kleidung|kragen|schlips
👕|kleidung|shirt|t-shirt
👖|hose|jeans|kleidung
🧣|hals|kalt|kleidung|schal|warm anziehen
🧤|handschuhe
🧥|brr|jacke|kalt|kleidung|mantel|warm anziehen
🧦|socken|strumpf|strümpfe
👗|kleidung
👘|japanisch|kimono|kleidung
🥻|kleidung|sari
🩱|badeanzug|einteiliger badeanzug|kleidung
🩲|badeanzug|einteiler|kleidung|slip|unterwäsche
🩳|badebekleidung|badehose|boxershorts|kleidung|schwimmshorts|shorts
👙|badeanzug|bikini|kleidung
👚|bluse|damenmode|kleidung|oberbekleidung|shirt
🪭|abkühlung|fächer|faltfächer|flirten|heiß|kühlen|luft zufächeln|schüchtern|spanisch|tanz|warm|heiss
👛|accessoire|brieftasche|geldbörse|münzen|portemonnaie
👜|accessoire|einkaufen|handtasche|tasche
👝|accessoire|beutel|clutch|handtasche|kulturbeutel|tasche|waschtasche
🛍️|einkaufen|einkaufstüten|shoppen|shopping|tasche|tüte
🎒|ranzen|rucksack|schule|schulranzen|tornister
🩴|badelatschen|flipflops|latschen|sandalen|schuh|strandschuh|zehensandalen
👞|gehen|herrenschuh|schuh
👟|laufen|rennen|schuh|sneaker|sportlich|sportschuh|turnschuh
🥾|brauner schuh|campen|camping|kleidungsstück|outdoor|rucksacktour|schuh|stiefel|wandern|wanderstiefel|wanderung
🥿|ballerina|ballet-pumps|bequem|flacher schuh|frauenschuh|kleidungsstück|schuh|slipper
👠|absatzschuh|damen|elegant|high heel|highheels|pumps|rot|schuh|stöckelschuh|vornehm
👡|damensandale|sandale|schuh
🩰|ballettschuhe|kleidung|schuhe|tanz
👢|damenstiefel|schuh|stiefel
🪮|afro pick|haare|haarkamm|kamm|kämmen
👑|königin|kopfbedeckung|krone|majestät
👒|damenhut mit schleife|hut|kleidung|kopfbedeckung|schleife
🎩|hut|kopfbedeckung|unterhaltung|zauberer|zylinderhut
🎓|abschlussfeier|diplom|doktorhut
🧢|baseball-kappe|baseball-mütze|baseballkappe|baseballmütze|mütze|schirmkappe
🪖|armee|heer|helm|kämpferin|krieg|militärhelm|schutzhelm|soldatin
⛑️|bergen|erste hilfe|helm mit weißem kreuz|hilfe|kreuz|retten|rettungshelm|roter helm|sanitäter|helm mit weissem kreuz
📿|beten|gebetskette|kette|religion|rosenkranz
💄|kosmetik|lippenstift|make-up|makeup|rot|schminke
💍|diamantring|edelstein|ring|schmuck|verlobung
💎|diamant|edelstein
🔇|durchgestrichener lautsprecher|leise|psst|stummgeschaltet
🔈|eingeschaltet|lautsprecher mit geringer lautstärke|ton an
🔉|lautsprecher mit einer schallwelle|lautsprecher mit mittlerer lautstärke|leise|mittellaut|ton
🔊|dezibel|lautsprecher mit drei schallwellen|lautsprecher mit hoher lautstärke|musik|schallwellen
📢|lautsprecher|megafon|schallendes megafon
📣|jubel|lautsprecher|megafon
📯|brief|e-mail|posthorn
🔔|ding dong|glocke|klingeling|ton eingeschaltet
🔕|durchgestrichene glocke|glocke|kein ton|leise|ton ausgeschaltet
🎼|musik|notenschlüssel|partitur|violinschlüssel
🎵|lied|melodie|musiknote|note
🎶|musiknoten|noten
🎙️|mikrofon|studiomikrofon
🎚️|musik|schieberegler
🎛️|bedienknöpfe|drehregler|knöpfe|stellknöpfe
🎤|karaoke|mikrofon|singen|unterhaltung
🎧|kopfhörer|musik|unterhaltung
📻|musik|radio
🎷|instrument|musikinstrument|saxofon
🎺|instrument|musikinstrument|trompete
🪊|blasinstrument|blechbläser|blechblasinstrument|instrument|jazz|musik|schieben|traurig|ziehen|posaune
🪗|akkordeons|concertina|harmonika|instrument|musikinstrument|quetschkommoden|schifferklavier|spielen|ziehharmonikas
🎸|gitarre|instrument|musikinstrument
🎹|instrument|klaviatur|klavier|musikinstrument|piano|tastatur|tasten
🎻|geige|instrument|musikinstrument|violine
🪕|banjo|instrument|musik|saiteninstrument|zupfinstrument
🥁|drumsticks|instrument|musik|schlägel|sticks|trommelstöcke
🪘|afrikanische trommel|conga|handtrommel|instrument|musikinstrument|rhythmus|trommeln
🪇|cha-cha-cha|instrument|maracas|musikinstrument|musizieren|party|percussion|rasseln|tanzen
🪈|band|blaskapelle|flöte|holzblasinstrument|instrument|musikinstrument|musizieren|orchester|spielmannszug
🪉|amor|cupido|harfe|instrument|liebe|musik|orchester
📱|handy|iphone|mobiltelefon|smartphone|telefonieren
📲|anrufen|handy|iphone|kommunikation|mobiltelefon mit pfeil|pfeil|whatsapp
☎️|anrufen|festnetz|telefon
📞|anrufen|hörer|kommunikation|telefonhörer
📟|kommunikation|pager|piepser
📠|faxgerät|kommunikation
🔋|akku|batterie
🪫|akku fast leer|akku leer|aufladen|batterie fast leer|batterie leer|elektronik|ladestand|niedriger akkustand|schwache batterie|schwacher akku
🔌|netzstecker|stecker|stromstecker
💻|bildschirm|computermonitor|laptop|monitor|notebook|pc
🖥️|bildschirm|computer|desktopcomputer|imac|monitor
🖨️|computer|drucker
🖱️|computermaus|maus
🖲️|computer|trackball
💽|md|minidisc|minidisk
💾|datenträger|diskette
💿|blu-ray|cd|dvd
📀|blu-ray|cd|computer|dvd
🧮|abaki|abakusse|berechnung|kalkulation|mathematik|rechenhilfe|rechenrahmen|rechenschieber|rechnen|zählen|zählrahmen
🎥|filmkamera|kino|unterhaltung
🎞️|filmband|filmstreifen|kino
📽️|filmprojektor|kino|unterhaltung
🎬|filmklappe|klappe|unterhaltung
📺|fernsehen|fernseher|film|tv
📷|fotoapparat|fotos|kamera
📸|blitz|fotoapparat mit blitz
📹|filmen|videokamera|videos
📼|vhs|videokassette
🔍|lupe nach links|suche|vergrößerungsglas|vergrösserungsglas
🔎|lupe nach rechts|suche|vergrößerungsglas|vergrösserungsglas
🕯️|kerze|licht
💡|glühbirne|hell|idee|lampe|licht
🔦|lampe|licht|taschenlampe
🏮|izakaya|japanische laterne|japanisches lokal|rote papierlaterne
🪔|diya|lampe|öllampe
📔|einband|notizbuch mit dekorativem einband
📕|buch|geschlossenes buch
📖|bibliothek|blättern|buch|geöffnet|lernen|lesen|offenes buch|seite
📗|buch|grünes buch|lesen
📘|blaues buch|buch
📙|buch|orangefarbenes buch
📚|bücherstapel|fantasie|lesen|roman
📓|notizbuch|notizen
📒|notizblock|spiralblock
📃|dokument|papier|seite|teilweise eingerolltes blatt
📜|papier|schriftrolle
📄|dokument|papier|seite|vorderseite eines blattes
📰|medien|nachrichten|presse|zeitung
🗞️|zeitung|zusammengerollte zeitung
📑|notizen|pagemarker
🔖|etikett|lesen|lesezeichen
🏷️|etikett|label|marke
🪙|bezahlen|dollar|euro|geld|goldesel|metall|münze|reich|schatz|silber|sparen
💰|geldsack|moneten|reich|sack
🪎|beute|edelstein|geld|gold|juwelen|preis|reichtum|silber|wertgegenstände
💴|geldschein|yen-banknote
💵|dollar-banknote|geldschein|währung
💶|euro-banknote|euroschein|geldschein
💷|geldschein|pfund-banknote
💸|bank|euro|geldschein mit flügeln|knete|moneten
💳|bankkarte|ec-karte|geldkarte|guthaben|karte|kreditkarte
🧾|abrechnung|aufstellung|beleg|blatt|buchhalter|buchhaltung|quittung|rechnungswesen|schriftstück
💹|diagramm|markt|steigende kurve mit yen-zeichen|steigender trend mit yen-zeichen
📧|brief|e-mail-symbol|post
📨|e-mail|eingehender briefumschlag|empfangen|umschlag
📩|e-mail|gesendet|umschlag mit pfeil
📤|ablage|e-mail|postausgang
📥|ablage|e-mail|posteingang
📦|päckchen|paket
📫|briefkasten|e-mail|geschlossener briefkasten mit post|post
📪|briefkasten|geschlossener briefkasten ohne post|keine e-mail|keine post|post
📬|briefkasten|e-mail|offener briefkasten mit post|post
📭|briefkasten|keine e-mail|keine post|offener briefkasten ohne post|post
📮|briefkasten|post
🗳️|urne mit wahlzettel|wahlen|wahlzettel
✏️|bleistift|stift
🖋️|füller|füllfedehalter|füllfederhalter|füllhalter|schreiben|stift
🖊️|kugelschreiber|stift
🖌️|kunst|malen|pinsel
🖍️|buntstift|filzstift|wachsmalstift
📝|bleistift|kurzmitteilung|nachricht|notiz|papier und bleistift|schreibblock|schreiben
💼|aktentasche|tasche
📁|akten|büro|dokument|geschlossen|ordner
📂|dokument|geöffneter ordner|offen|ordner
🗂️|akten|büroausstattung|büromaterial|karteibahnen|karteikarten|karteireiter
📅|datum|kalenderblatt
📆|abreißkalender|datum|kalender|termin|abreisskalender
🗒️|block|notizblock|papier
🗓️|kalender|spiralkalender
📇|rotationskartei|visitenkarten
📈|aufwärtstrend|diagramm|kurve|steigend
📉|abwärtstrend|diagramm|fallend|kurve
📊|balkendiagramm|diagramm
📋|clipboard|clpboard|klemmbrett|zwischenablage
📌|anpinnen|reißzwecke|reisszwecke
📍|anpinnen|reißzwecke|runde reißzwecke|stecknadel|reisszwecke|runde reisszwecke
📎|büroklammer
🖇️|büroklammern|verhakte büroklammern
📏|lineal
📐|dreieckiges lineal|geodreieck|lineal
🗃️|büroausstattung|büromaterial|karteikasten
🗄️|ablage|aktenschrank|archiv|schublade
🗑️|abfalleimer|papierkorb
🔒|datenschutz|geschlossenes schloss|schloss|sicherheit
🔓|nicht gesichert|offenes schloss|schloss
🔏|datenschutz|privat|schloss mit füller|sicherheit
🔐|datenschutz|privat|schloss mit schlüssel|sicherheit
🔑|passwort|schließen|schlüssel|schliessen
🗝️|alter schlüssel|schloss|schlüssel
🔨|hammer|werkzeug
🪓|axt|beil|hacken|holz|spalten|werkzeug
⛏️|pickel|werkzeug
🛠️|hammer und schraubenschlüssel|schraubenschlüssel|werkzeug
🗡️|dolch|schwert|waffe
💣|bombe|comic|dynamit|explodieren
🪃|aborigines|australien|boomerang|bumerang|schleuder|waffe|werfen
🏹|bogen|pfeil und bogen
🛡️|schild|schutzschild
🪚|handsäge|holz|sägen|tischler|trimmen|werkzeug
🔧|schraubenschlüssel|werkzeug
🪛|schraubendreher|schraubenzieher|werkzeug
🔩|mutter und schraube|schraube
🗜️|schraubzwinge|werkzeug
🦯|barrierefreiheit|behinderung|blindenstock|gehstock
🔗|kettenglieder|linksymbol|verknüpfen|verknüpfungssymbol|zwei ringe
⛓️‍💥|brechen|freiheit|gebrochene kette|handschellen|kette|zerbrechen
⛓️|eisen|ketten
🪝|angelhaken|aufhaken|aufhängen|einhaken|haken|hängen|metallhaken
🧰|box|handkasten|kasten|kiste|mechaniker|rote kiste|werkzeugkasten|werkzeugkiste|werkzeugkoffer
🧲|anziehungskraft|hufeisen|magnetisch|pole|positiv negativ|u-form
🪜|hochsteigen|holzleiter|klettern|leiter|sprosse|stufe
🪏|graben|loch|schaufel|schippe|spaten
🧪|chemie|chemikalie|chemiker|experiment|labor|reagenzglas|substanz|versuche|wissenschaft
🧫|bakterienkultur|biologe|biologie|biologin|kultur|labor|petrischale|pipette|probe
🧬|biologe|biologie|biologin|dna|dns|evolution|genetik|genmanipulation|leben
🔬|labor|mikroskop|untersuchen|wissenschaft
🔭|himmel|teleskop
📡|antenne|sat-schüssel|satellitenschüssel|satschüssel|schüssel
💉|arzt|impfen|impfung|injektion|kanüle|nadel|spritze
🩸|blutspende|blutstropfen|flüssigkeit|medizin|menstruation
💊|arznei|arzt|kapsel|medizin|pille|tabletten
🩹|heftpflaster|pflaster|verletzt|wunde
🩼|behinderung|beinverletzung|fußverletzung|gehhilfe|gehstütze|hilfe|krücke|schmerzen|stock|verletzt|verletzung|fussverletzung
🩺|abhören|arzt|doktor|herzschlag|medizin|stethoskop|untersuchung
🩻|durchleuchten|knochen|medizin|radiologie|rippen|röntgenbild|röntgenstrahlen|skelett
🚪|eingang|geschlossen|tür|ausgang
🛗|aufzug|fahrstuhl|haus|lift|symbol|transport
🪞|holzspiegel|reflexion|spiegelbild|wandspiegel
🪟|aussicht|durchsichtig|fensterrahmen|frische luft|glas|haus|lüften|öffnung|rahmen
🛏️|bett|hotel|schlafen|übernachtung
🛋️|couch|lampe|sofa und lampe
🪑|holzstuhl|möbel|sitzen|stuhl
🚽|klo|toilette|wc
🪠|abfluss|gummiglocke|klempner|klo|pömpel|pümpel|sanitär|saugglocken|toilette|verstopft|wc|werkzeug
🚿|dusche|duschkopf
🛁|badewanne|badezimmer|dusche
🪤|anlocken|falle|käse|mausefalle|mäusefalle
🪒|klinge|rasieren|rasierer|rasiermesser|scharf
🧴|creme|feuchtigkeitscreme|feuchtigkeitsmilch|haarwaschmittel|körpercreme|lotion|nachtcreme|shampoo|sonnencreme
🧷|punk|sicherheitsnadel|windel
🧹|besen|fegen|hexenbesen|kehren|reinigen|sauber machen|säubern
🧺|bauernhof|korb|landwirtschaft|picknick|tragekorb|wäschekorb
🧻|hygiene|klopapier|küchenrolle|papierrolle|papiertücher|toilettenpapier|wc-papier
🪣|behälter|bottich|eimer|kübel|wassereimer
🧼|baden|putzen|reinigen|riegel|sauber machen|säubern|schaum|schäumen|seifenschale|seifenstück
🫧|blasen|perlen|reinigen|schaum|schweben|seifenblasen|unter wasser|wasserblasen
🪥|badezimmer|bürste|körperpflege|mundhygiene|putzen|sauber|zahnbürste|zähne|zahnhygiene
🧽|absorbieren|aufsaugen|löchrig|porös|putzen|putzmittel|reinigen|sauber machen|schaum|schäumen|schwamm
🧯|feuerlöscher|löschen
🛒|einkaufen|einkaufswagen
🚬|kippe|rauchen|rauchersymbol|zigarette
⚰️|beerdigung|sarg|tod|tot|vampir
🪦|friedhof|grabstein|rip|tot
⚱️|beerdigung|tod|tot|urne
🧿|amulett|blau|böser blick|glasperle|glücksbringer|kügelchen|nazar-amulett|perle|talisman
🪬|amulett|auge in offener hand|fatima|glückssymbol|hamsa|hand|jüdisch|maria|muslimisch|schutz
🗿|gesicht|maske|osterinsel|statue
🪧|ankündigung|bekanntmachung|demonstration|hinweis|mahnwache|plakat|protestschild|schild
🪪|ausweis|dokument|führerschein|karte|pass|personalausweis|plakette|reisepass
🏧|atm|geldautomat|symbol geldautomat
🚮|abfall|mülleimer|sauberkeit|symbol papierkorb|wegschmeißen|wegwerfen|wegschmeissen|papierkorb
🚰|trinkwasser|wasserhahn
♿|barrierefrei|behindertengerecht|rollstuhl|symbol rollstuhl
🚹|herrentoilette|wc
🚺|damentoilette|wc
🚻|toiletten|wc
🚼|baby|symbol baby|wickelraum
🚾|toilette|wc
🛂|passkontrolle
🛃|zollkontrolle
🛄|gepäckausgabe
🛅|gepäckaufbewahrung|schließfach|schliessfach
⚠️|achtung|dreieck|vorsicht|warnschild|warnung
🚸|kinder überqueren die straße|kinder-queren-die-straße-schild|straßenschild|vorsicht|kinder überqueren die strasse|kinder-queren-die-strasse-schild|strassenschild
⛔|einbahnstrasse|kein zutritt|keine durchfahrt|verboten|zutritt verboten|zutritt-verboten-schild|halt
🚫|kein zutritt|kein-zutritt-zeichen|verboten|verbotszeichen
🚳|fahhrad|fahrrad-verboten-schild|fahrräder verboten|radfahren verboten|verboten
🚭|rauchen verboten|rauchverbot|zigarette
🚯|abfall|müll-verboten-zeichen|verboten
🚱|kein trinkwasser|verboten|verschmutzt|wasser
🚷|fußgänger verboten|fußgänger-verboten-schild|verboten|fussgänger verboten|fussgänger-verboten-schild
📵|handy|mobiltelefone verboten|verbot
🔞|erwachsene|minderjährige verboten|mindestalter|nicht jugendfrei|zeichen mit durchgestrichener 18
⬆️|aufwärtspfeil|nach oben|norden|pfeil nach oben|hoch
➡️|nach rechts|osten|pfeil nach rechts|rechtspfeil
⬇️|abwärtspfeil|nach unten|pfeil nach unten|süden|runter
⬅️|linkspfeil|nach links|pfeil nach links|westen
↩️|geschwungener pfeil nach links|links|nach links|pfeil
↪️|geschwungen|nach rechts|pfeil|rechts|umdrehen
🔃|im uhrzeigersinn|kreisförmige pfeile im uhrzeigersinn|pfeile
🔄|gegen den uhrzeigersinn|kreisförmige pfeile gegen den uhrzeigersinn|pfeile gegen den uhrzeigersinn
🔙|back-pfeil|links|pfeil|zurück
🔚|end-pfeil|ende-zeichen|links|pfeil
🔛|anschalten|ein-zeichen|einschaltem|on!-pfeil|pfeil|rechts und links
🔜|bald-zeichen|pfeil|rechts|soon-pfeil
🔝|pfeil nach oben|top-pfeil|top-zeichen|hoch
🛐|kultstätte|religion|religiöse stätte
⚛️|atheist|atomzeichen
🕉️|hinduismus|om|religion
☯️|daoismus|religion|yang|yin und yang
✝️|christentum|kreuz|lateinisch|religion|römisch
☪️|hilal|islam|muslim|religion|stern
☮️|friedensbewegung|friedenssymbol|friedenszeichen
🕎|leuchter|menora|religion
🔯|hexagramm mit punkt|wahrsager
🪯|deg tegh fateh|glaube|khalsa|khanda-emblem|religion|schwert|sikhismus
♊|horoskop|sternzeichen|zwillinge (sternzeichen)
♋|krebs (sternzeichen)|sternzeichen
♌|horoskop|löwe (sternzeichen)|sternzeichen
♍|horoskop|jungfrau (sternzeichen)|sternzeichen
♎|horoskop|sternzeichen|waage (sternzeichen)
♏|horoskop|skorpion (sternzeichen)|sternzeichen
⛎|schlagenträger|schlangenträger|sternbild
🔀|gekreuzt|pfeile|richtung|verschlungene pfeile nach rechts|zufallsmodus
🔁|im uhrzeigersinn|keycap|pfeile|tastenkappe|wiederholen
🔂|dasselbe wiederholen|einmal|im uhrzeigersinn|noch einmal|pfeile|titel wiederholen|wiederholen
▶️|abspielen|dreieck|pfeil|rechts|wiedergabe
⏩|doppelpfeile nach rechts|überspringen|vorwärts|weiter
⏭️|doppelpfeil|dreieck|nächster titel|vorwärts|weiter
⏯️|dreieck|pause|pfeil|rechts|wiedergabe oder pause
◀️|dreieck|links|pfeil|zurück
⏪|doppelpfeile nach links|dreieck|pfeil|vorheriger titel|zurückspulen
⏮️|doppelpfeil|dreieck|pfeil|vorheriger titel|zurück
🔼|aufwärts-schaltfläche|nach oben|pfeil|schaltfläche
⏫|aufwärts|doppelpfeile nach oben|doppelt|nach oben|pfeil
🔽|abwärts-schaltfläche|nach unten|pfeil|schaltfläche
⏬|doppelpfeile nach unten|doppelt abwärts|nach unten|pfeil
⏸️|keycap|pause|streifen|tastenkappe|vertikal
⏹️|aufnahme stoppen|keycap|quadrat|stopp|tastenkappe
⏺️|aufnahme|aufnehmen|keycap|kreis|tastenkappe
⏏️|auswerfen|auswurftaste|medien
🎦|filmkamera in blauem quadrat|kinosymbol|unterhaltung
🔅|dimmen|gedimmt|helligkeit|schwache helligkeit|taste dimmen
🔆|heller-taste|helligkeit|starke helligkeit
📶|balkenförmige signalstärkenanzeige|empfang|mobilfunksignal|mobiltelefon|signalstärke
🛜|computer|drahtlos|hotspot|internet|kabellos|netzwerk|router|verbindung|wi-fi|wlan
📳|handy|kommunikation|mobiltelefon|symbol für vibrationsalarm|vibrationsmodus|vibrieren
📴|ausschalten|handy aus|mobiltelefon aus
⚧️|symbol für transgender|transgender-symbol
🟰|gleichheitszeichen extrafett|ist gleich|mathematik|vergleichszeichen
♾️|ewig|grenzenlos|unendlichkeit
‼️|ausrufezeichen|doppeltes ausrufezeichen|muss|rot|satzzeichen
💱|geldwechsel|währung|wechsel
💲|bezahlen|dollar-zeichen|dollarzeichen extrafett|geld|knete|moneten|teuer|usd|währung
♻️|grüne punkt|grüner punkt|recycling-symbol
⚜️|fleur-de-lis|lilie
🔱|anker|dreizack|poseidon|triton
📛|namensschild|schild
🔰|anfänger|japanisches anfänger-zeichen|japanisches symbol
⭕|großer kreis|hohler roter kreis|kreis|o|rot|grosser kreis
❌|abbrechen|durchgestrichen|kreuzzeichen|mal|multiplikation|multiplizieren|rotes kreuz|x
❎|angekreuztes feld|angekreuztes kästchen|feld|kreuzsymbol im quadrat|quadrat|x
➰|schleife
➿|blau|doppelschleife|rechteck|schleife
〽️|japanisch|teilalternationszeichen|zeichensetzung
🫟|farbe|fleck|holi|klecks|spritzer|tinte
🔠|abcd|buchstaben|eingabesymbol|großbuchstaben|großschreiben|lateinisch|grossbuchstaben|grossschreiben
🔡|eingabesymbol lateinische kleinbuchstaben|kleinbuchstaben|lateinische kleinbuchstaben
🔢|1234|eingabesymbol|symbol|zahlen|ziffern
🔣|&|%|♪|〒|eingabesymbol|keycap|sonderzeichen|symbol|tastenkappe
🔤|abc|alphabet|buchstaben|eingabesymbol|lateinisch|symbol
🅰️|a|blutgruppe|großbuchstabe|negativ|positiv|grossbuchstabe
🆎|ab|blutgruppe|großbuchstaben ab in rotem quadrat|negativ|positiv|grossbuchstaben ab in rotem quadrat
🅱️|blutgruppe|großbuchstabe|negativ|positiv|grossbuchstabe
🆑|cl|großbuchstaben cl in rotem quadrat|grossbuchstaben cl in rotem quadrat
🆒|cool|wort cool in blauem quadrat
🆓|free|wort free in blauem quadrat
🆔|großbuchstaben id in lila quadrat|id|grossbuchstaben id in lila quadrat
Ⓜ️|buchstabe|eingekreist|großbuchstabe|kreis|m|grossbuchstabe
🆕|neu|new|wort new in blauem quadrat
🆖|großbuchstaben ng in blauem quadrat|ng|grossbuchstaben ng in blauem quadrat
🅾️|0|blutgruppe|großbuchstabe|negativ|o|positiv|grossbuchstabe
🆗|großbuchstaben|keycap|okay|tastenkappe|grossbuchstaben
🅿️|großbuchstabe|parken|parkplatz|taste|grossbuchstabe
🆘|hilfe|sos-zeichen
🆙|keycap|tastenkappe|up!
🆚|gegen|taste|versus|vs
🈁|koko|japanisches schriftzeichen|schriftzeichen koko
🈂️|sa|japanisches schriftzeichen|schriftzeichen sa
🈷️|japanisch|monatlich|monatsbetrag|mond|schriftzeichen|taste
🈶|berechnen|existieren|japanisch|nicht gratis|schriftzeichen|taste
🈯|finger|japanisches schriftzeichen|reserviert|schriftzeichen für finger|schriftzeichen für reserviert
🉐|japanisches schriftzeichen|schnäppchen|schriftzeichen für schnäppchen|schriftzeichen für vorteil|vorteil
🈹|japanisches schriftzeichen|rabatt|schriftzeichen für rabatt|schriftzeichen für teilen|teilen
🈚|gratis|japanisches schriftzeichen|schriftzeichen für gratis|schriftzeichen für verhandlung|verhandlung
🈲|japanisches schriftzeichen|kanji|schriftzeichen für verbieten|verbieten
🉑|akzeptieren|japanisch|schriftzeichen
🈸|anwenden|chinesisches schriftzeichen|japanisches schriftzeichen|schriftzeichen für anwenden
🈴|bestanden|bestehen|chinesisches schriftzeichen|japanisches schriftzeichen|schriftzeichen für note zum bestehen|schriftzeichen für zusammen|zusammen
🈳|chinesisches schriftzeichen|japanisches schriftzeichen|leer|schriftzeichen für leer|schriftzeichen für zimmer frei|zimmer frei
🈺|betrieb|chinesisches schriftzeichen|geöffnet|japanisches schriftzeichen|schriftzeichen für betrieb|schriftzeichen für geöffnet
🈵|belegt|besetzt|chinesisches schriftzeichen|fülle|japanisches schriftzeichen|kanji|kein zimmer frei|schriftzeichen für fülle|schriftzeichen für kein zimmer frei
🔴|ball|punkt|roter punkt
🟠|form|kreis|orange scheibe|oranger kreis|oranger punkt|punkt
🟡|form|gelbe scheibe|gelber kreis|gelber punkt|kreis|punkt|scheibe
🟢|form|grüne scheibe|grüner kreis|grüner punkt|kreis|punkt
🔵|ball|blauer punkt|großer blauer kreis|kreis|punkt|grosser blauer kreis
🟣|form|kreis|lila|punkt|scheibe|violett
🟤|braune scheibe|brauner kreis|brauner punkt|form|kreis|punkt
⚫|ball|großer schwarzer kreis|kreis|punkt|rund|schwarzer punkt|grosser schwarzer kreis
⚪|ball|großer weißer kreis|kreis|punkt|weißer punkt|grosser weisser kreis|weisser punkt
🟥|form|quadrat|rotes quadrat|rotes viereck|viereck
🟧|form|oranges quadrat|oranges viereck|quadrat|viereck
🟨|form|gelbes quadrat|gelbes viereck|quadrat|viereck
🟩|form|grünes quadrat|grünes viereck|quadrat|viereck
🟦|blaues quadrat|blaues viereck|form|quadrat|viereck
🟪|form|lila|quadrat|viereck|violett
🟫|braunes quadrat|braunes viereck|form|quadrat|viereck
⬛|großes schwarzes quadrat|quadrat|schwarz|grosses schwarzes quadrat
⬜|großes weißes quadrat|quadrat|weiß|grosses weisses quadrat|weiss
◼️|mittelgroßes schwarzes quadrat|quadrat|schwarz|mittelgrosses schwarzes quadrat
◻️|mittelgroßes weißes quadrat|quadrat|weiß|mittelgrosses weisses quadrat|weiss
◾|mittelkleines schwarzes quadrat|quadrat|schwarz
◽|geometrisch|mittelkleines weißes quadrat|quadrat|weiß|mittelkleines weisses quadrat|weiss
▪️|kleines schwarzes quadrat|punkt|quadrat|schwarz
▫️|kleines weißes quadrat|quadrat|weiß|kleines weisses quadrat|weiss
🔶|große orangefarbene raute|orangefarben|raute|grosse orangefarbene raute
🔷|blau|große blaue raute|raute|grosse blaue raute
🔸|kleine orangefarbene raute|orangefarben|raute
🔹|blau|kleine blaue raute|raute
🔺|aufwärts|dreieck|rotes dreieck mit der spitze nach oben|rotes dreieck mit spitze oben
🔻|abwärts|dreieck|rotes dreieck mit der spitze nach unten
💠|diamant|mit punkt|rautenform mit punkt
🔘|optionsfeld|schaltfläche
🔳|quadratisch|schaltfläche|weiße quadratische schaltfläche|weisse quadratische schaltfläche
🔲|quadratisch|schaltfläche|schwarze quadratische schaltfläche
🏁|flagge|formel 1|karierte flagge|nascar|rennen|sport|zielflagge
🚩|dreiecksflagge|flagge|rot|standortflagge|wimpel
🎌|japanische flaggen|überkreuzte flaggen|flaggen
🏴|fahne|schwarze fahne|schwarze flagge|wehende schwarze fahne|flagge
🏳️|fahne|wehende weiße fahne|weiße fahne|weiße flagge|wehende weisse fahne|weisse fahne|weisse flagge|flagge
🏳️‍🌈|bisexuell|bunt|fahne|flagge|lesbisch|pride|queer|regenbogenflagge|schwul|trans|lgbtqia
🏳️‍⚧️|flagge|transgender-flagge|lgbtqia
🏴‍☠️|jolly roger|piratenfahne|piratenflagge|schatz|flagge
🇦🇩|andorra
🇦🇪|vereinigte arabische emirate
🇦🇫|afghanistan
🇦🇬|antigua und barbuda
🇦🇮|anguilla
🇦🇱|albanien
🇦🇲|armenien
🇦🇴|angola
🇦🇶|antarktis
🇦🇷|argentinien
🇦🇸|amerikanisch-samoa
🇦🇹|österreich
🇦🇺|australien
🇦🇼|aruba
🇦🇽|ålandinseln
🇦🇿|aserbaidschan
🇧🇦|bosnien und herzegowina
🇧🇧|barbados
🇧🇩|bangladesch
🇧🇪|belgien
🇧🇫|burkina faso
🇧🇬|bulgarien
🇧🇭|bahrain
🇧🇮|burundi
🇧🇯|benin
🇧🇱|st. barthélemy
🇧🇲|bermuda
🇧🇳|brunei darussalam
🇧🇴|bolivien
🇧🇶|karibische niederlande
🇧🇷|brasilien
🇧🇸|bahamas
🇧🇹|bhutan
🇧🇼|botsuana
🇧🇾|belarus
🇧🇿|belize
🇨🇦|kanada
🇨🇨|kokosinseln
🇨🇩|kongo-kinshasa
🇨🇫|zentralafrikanische republik
🇨🇬|kongo-brazzaville
🇨🇭|schweiz
🇨🇮|côte d’ivoire
🇨🇰|cookinseln
🇨🇱|chile
🇨🇲|kamerun
🇨🇳|china
🇨🇴|kolumbien
🇨🇶|sark
🇨🇷|costa rica
🇨🇺|kuba
🇨🇻|cabo verde
🇨🇼|curaçao
🇨🇽|weihnachtsinsel
🇨🇾|zypern
🇨🇿|tschechien
🇩🇪|deutschland
🇩🇯|dschibuti
🇩🇰|dänemark
🇩🇲|dominica
🇩🇴|dominikanische republik
🇩🇿|algerien
🇪🇨|ecuador
🇪🇪|estland
🇪🇬|ägypten
🇪🇭|westsahara
🇪🇷|eritrea
🇪🇸|spanien
🇪🇹|äthiopien
🇪🇺|europäische union
🇫🇮|finnland
🇫🇯|fidschi
🇫🇰|falklandinseln
🇫🇲|mikronesien
🇫🇴|färöer
🇫🇷|frankreich
🇬🇦|gabun
🇬🇧|vereinigtes königreich
🇬🇩|grenada
🇬🇪|georgien
🇬🇫|französisch-guayana
🇬🇬|guernsey
🇬🇭|ghana
🇬🇮|gibraltar
🇬🇱|grönland
🇬🇲|gambia
🇬🇳|guinea
🇬🇵|guadeloupe
🇬🇶|äquatorialguinea
🇬🇷|griechenland
🇬🇸|südgeorgien und die südlichen sandwichinseln
🇬🇹|guatemala
🇬🇺|guam
🇬🇼|guinea-bissau
🇬🇾|guyana
🇭🇰|sonderverwaltungsregion hongkong
🇭🇳|honduras
🇭🇷|kroatien
🇭🇹|haiti
🇭🇺|ungarn
🇮🇨|kanarische inseln
🇮🇩|indonesien
🇮🇪|irland
🇮🇱|israel
🇮🇲|isle of man
🇮🇳|indien
🇮🇴|britisches territorium im indischen ozean
🇮🇶|irak
🇮🇷|iran
🇮🇸|island
🇮🇹|italien
🇯🇪|jersey
🇯🇲|jamaika
🇯🇴|jordanien
🇯🇵|japan
🇰🇪|kenia
🇰🇬|kirgisistan
🇰🇭|kambodscha
🇰🇮|kiribati
🇰🇲|komoren
🇰🇳|st. kitts und nevis
🇰🇵|nordkorea
🇰🇷|südkorea
🇰🇼|kuwait
🇰🇾|kaimaninseln
🇰🇿|kasachstan
🇱🇦|laos
🇱🇧|libanon
🇱🇨|st. lucia
🇱🇮|liechtenstein
🇱🇰|sri lanka
🇱🇷|liberia
🇱🇸|lesotho
🇱🇹|litauen
🇱🇺|luxemburg
🇱🇻|lettland
🇱🇾|libyen
🇲🇦|marokko
🇲🇨|monaco
🇲🇩|republik moldau
🇲🇪|montenegro
🇲🇬|madagaskar
🇲🇭|marshallinseln
🇲🇰|nordmazedonien
🇲🇱|mali
🇲🇲|myanmar
🇲🇳|mongolei
🇲🇴|sonderverwaltungsregion macau
🇲🇵|nördliche marianen
🇲🇶|martinique
🇲🇷|mauretanien
🇲🇸|montserrat
🇲🇹|malta
🇲🇺|mauritius
🇲🇻|malediven
🇲🇼|malawi
🇲🇽|mexiko
🇲🇾|malaysia
🇲🇿|mosambik
🇳🇦|namibia
🇳🇨|neukaledonien
🇳🇪|niger
🇳🇫|norfolkinsel
🇳🇬|nigeria
🇳🇮|nicaragua
🇳🇱|niederlande
🇳🇴|norwegen
🇳🇵|nepal
🇳🇷|nauru
🇳🇺|niue
🇳🇿|neuseeland
🇴🇲|oman
🇵🇦|panama
🇵🇪|peru
🇵🇫|französisch-polynesien
🇵🇬|papua-neuguinea
🇵🇭|philippinen
🇵🇰|pakistan
🇵🇱|polen
🇵🇲|st. pierre und miquelon
🇵🇳|pitcairninseln
🇵🇷|puerto rico
🇵🇸|palästinensische autonomiegebiete
🇵🇹|portugal
🇵🇼|palau
🇵🇾|paraguay
🇶🇦|katar
🇷🇪|réunion
🇷🇴|rumänien
🇷🇸|serbien
🇷🇺|russland
🇷🇼|ruanda
🇸🇦|saudi-arabien
🇸🇧|salomonen
🇸🇨|seychellen
🇸🇩|sudan
🇸🇪|schweden
🇸🇬|singapur
🇸🇭|st. helena
🇸🇮|slowenien
🇸🇰|slowakei
🇸🇱|sierra leone
🇸🇲|san marino
🇸🇳|senegal
🇸🇴|somalia
🇸🇷|suriname
🇸🇸|südsudan
🇸🇹|são tomé und príncipe
🇸🇻|el salvador
🇸🇽|sint maarten
🇸🇾|syrien
🇸🇿|eswatini
🇹🇨|turks- und caicosinseln
🇹🇩|tschad
🇹🇫|französische süd- und antarktisgebiete
🇹🇬|togo
🇹🇭|thailand
🇹🇯|tadschikistan
🇹🇰|tokelau
🇹🇱|timor-leste
🇹🇲|turkmenistan
🇹🇳|tunesien
🇹🇴|tonga
🇹🇷|türkei
🇹🇹|trinidad und tobago
🇹🇻|tuvalu
🇹🇼|taiwan
🇹🇿|tansania
🇺🇦|ukraine
🇺🇬|uganda
🇺🇸|vereinigte staaten
🇺🇾|uruguay
🇺🇿|usbekistan
🇻🇦|vatikanstadt
🇻🇨|st. vincent und die grenadinen
🇻🇪|venezuela
🇻🇬|britische jungferninseln
🇻🇮|amerikanische jungferninseln
🇻🇳|vietnam
🇻🇺|vanuatu
🇼🇫|wallis und futuna
🇼🇸|samoa
🇽🇰|kosovo
🇾🇪|jemen
🇾🇹|mayotte
🇿🇦|südafrika
🇿🇲|sambia
🇿🇼|simbabwe
🏴󠁧󠁢󠁥󠁮󠁧󠁿|england
🏴󠁧󠁢󠁳󠁣󠁴󠁿|schottland
🏴󠁧󠁢󠁷󠁬󠁳󠁿|wales