⁉️|felkiáltás|felkiáltójel kérdőjellel|írásjel|kérdés|kérdőjel|központozás
ℹ️|információforrás|tájékoztatás
↔️|balra-jobbra mutató nyíl|kétirányú nyíl|nyíl
↕️|fel-le mutató nyíl|kétirányú nyíl|nyíl
↖️|balra felfelé mutató nyíl|égtáj|északnyugat|irány|nyíl
↗️|égtáj|északkelet|felfelé|irány|jobbra felfelé mutató nyíl|nyíl
↘️|délkelet|égtáj|irány|jobbra lefelé mutató nyíl|nyíl
↙️|balra lefelé mutató nyíl|délnyugat|égtáj|irány|nyíl
⌨️|billentyűzet|számítógép
☀️|fényes sugarak|időjárás|napos|napsugarak
☁️|felhős|időjárás
☂️|esernyő|eső|időjárás|kiegészítő
☃️|hideg|hóember|hóesés|időjárás|tél
☄️|meteor|űr|üstökös
☑️|jelölőnégyzet pipával|kész|kipipál|négyzet|pipa|szavazás
☔|csepp|ernyő|esernyő esőcseppekkel|eső|időjárás|kiegészítő
☕|forró|gőzölgő|ital|kávé|koffein|reggeli ital|tea
☘️|lóhere|növény
☠️|arc|csontok|halálfej|kalóz|koponya csontokkal
☢️|jel|nukleáris veszély|radioaktív|sugárzás|veszély
☣️|biológiai|jel|veszély
☦️|kereszténység|ortodox kereszt|vallás
☸️|buddha|buddhista|buddhizmus|dharma-kerék|kerék|vallás
☹️|arc|rosszallás|rosszalló arc|szmájli|szomorú
♈|horoszkóp|kos csillagjegy
♉|bika csillagjegy|horoszkóp
♐|horoszkóp|nyilas csillagjegy
♑|bak csillagjegy|horoszkóp
♒|horoszkóp|vízöntő csillagjegy
♓|halak csillagjegy|horoszkóp
♠️|francia kártya|játék|kártya|pikk|szín
♣️|francia kártya|játék|szín|treff
♥️|francia kártya|játék|kőr|szín|szív
♦️|francia kártya|játék|káró|piros rombusz|rombusz|szín
♨️|forrás|forró|gőzölgő|hőforrás
⚒️|csákány|kalapács és csákány|szerszám
⚓|hajózás|horgony|kikötés|lehorgonyoz|vasmacska
⚔️|fegyver|kardok|keresztbe tett|keresztezett|lovag
⚖️|eszköz|felszerelés|igazság|jog|kétkarú mérleg|mérleg|súly|tömeg
⚗️|eszköz|felszerelés|kémia|lombik
⚙️|beállítások|fogaskerék|szerszám
✂️|eszköz|olló|papírvágó olló|vág
✅|jel|kész|pipa|vastag fehér pipa
✈️|közlekedés|légi jármű|repülőgép|utazás
✉️|boríték|e-mail|levél|üzenet
✒️|fekete tollhegy|írószer|tollhegy|töltőtoll
✔️|jel|kész|pipa|vastag pipa
✖️|×|jel|mégse|szorzás|vastag szorzásjel|x
✡️|csillag|dávid-csillag|izrael|vallás|zsidó
✨|csillag|csillog|szikra|szikrák|varázslat
✳️|csillag|nyolcágú csillag
✴️|csillag|nyolcágú csillag|nyolcas csillag
❄️|hideg|hópehely|időjárás|tél|zúzmara
❇️|szikra
❓|írásjel|kérdés|kérdőjel|központozás|piros kérdőjel
❔|?|fehér|írásjel|kérdés|kérdőjel|központozás
❕|!|fehér|felkiáltás|felkiáltójel|írásjel|központozás
❗|felkiáltás|felkiáltójel|írásjel|központozás|piros felkiáltójel
❣️|írásjel|központozás|nagy szív alakú felkiáltójel|szív
❤️|piros|szerelem|szeretlek|szív|vörös szív
➕|+|jel|matek|matematika|meg|pluszjel|vastag pluszjel
➖|-|−|gondolatjel|jel|kivonás jel|matematika|mínusz|vastag mínuszjel
➗|÷|jel|matematika|osztás|vastag osztásjel
⤴️|felfelé görbülő jobb nyíl|nyíl
⤵️|lefelé görbülő jobb nyíl|nyíl
〰️|gondolatjel|hullámos|központozás|víz
㊗️|gratuláció|bekarikázott gratuláció képírásjel|gratulálok|japán gratuláció gomb|képírásjel
㊙️|titok|bekarikázott titok képírásjel|japán titok gomb|képírásjel
😀|arc|boldog|fogak|nevetés|nevető arc|szmájli|vidám
😃|arc|boldog|fogak|mosoly|nagyra nyílt szemmel mosolygó arc|nevetés|nyitott szájjal mosolygó arc|szmájli|vidámság
😄|arc|boldog|fogak|mosoly|nevető arc mosolygó szemmel|nyitott szájjal mosolygó arc mosolygó szemmel|örül|száj|szem|szmájli|vidám szem
😁|arc|boldog|fogak|mosolygó szemmel nevető arc|nevet|szem|szmájli|teli szájjal nevet
😆|arc|boldog|haha|kacag|nevetés|nyitott szájjal és lehunyt szemmel mosolygó arc|szmájli
😅|arc|hideg verejték|ideges|izgatott|megúsztam|mosoly|nevető arc verejtékkel|nyitott szájjal mosolygó arc hideg verejtékkel|stressz|szmájli
🤣|arc|boldog|fej|gurul a nevetéstől|kicsordul a könnye a nevetéstől|könny|nevetés|nevetséges|szmájli|vicces
😂|arc örömkönnyekkel|haha|könnyek|nevetés|öröm|röhög|sírva nevetős|szmájli|vicces
🙂|arc|boldog|finoman mosolygó arc|mosoly|szmájli
🙃|arc fejjel lefelé|fejjel lefelé fordult arc|szmájli
🫠|elolvadó arc|eloszlik|eltűnik|folyékony|olvad
😉|arc|flörtöl|húz|kacsintás|kacsintó arc|szmájli|ugrat
😊|boldog|elégdett|elpirul|elvörösödik|mosolygó arc mosolygó szemmel|örül|szmájli|vidám szemek
😇|áldott|angyal|arc|ártatlanság|békés|dicsfény|glória|jóságos|lélek|mese|mosolygó arc glóriával|szmájli
🥰|arc|három szív|i love you|imádat|mosolygó arc szívekkel|rajong|románc|szerelem|szerelmes|szeretlek|szív
😍|arc|mosolygó arc szív alakú szemmel|szem|szerelem|szerelmes|szívek|szmájli
🤩|arc|azta|csillagos szemű|csillagszemű|elbűvölt|elragadtatott|fülig ér a szája|hű|izgatott|szemek|szmájli|vigyorgó|vigyorog
😘|arc|csókot dobó arc|flörtöl|puszi|szeretlek|szív|szmájli
😗|arc|csókoló arc|flört|puszi|randi|szerelem|szmájli
☺️|arc|boldog|mosolygó arc|nyugodt|örül|szmájli
😚|arc|behunyt szem|csókoló arc lehunyt szemmel|csókot dob|csukott szem|lehunyt szem|puszit dob|szmájli
😙|arc|csókoló arc mosolygó szemmel|puszi|szem|szmájli
🥲|arc|büszke|hálás|könny|meghatott|megkönnyebbült|mosolygó arc könnycseppel|mosolyog
😋|arc|fini|finom ételt élvező arc|jóízű|megnyalja a száját utána|mosoly|nyami|nyelv|szmájli
😛|arc kinyújtott nyelvvel|csipkelődik|csúfolódik|fantasztikus|huncutkodik|kiöltött nyelv|király|nyelv|szmájli
😜|arc kinyújtott nyelvvel és kacsintó szemmel|csipkelődik|csúfolódik|huncutkodik|kacsintás|kiöltött nyelv|mosoly|nyelv|szem|szmájli|viccelődik
🤪|bolond|dilis|dinnye|hülye|kicsi|lökött|nagy|őrült arc|őrült fej|őrült szemek|szem|szmájli|tökfej
😝|arc kilógó nyelvvel és erősen behunyt szemmel|borzasztó|kiöltött nyelv|lehunyt szem|szmájli|szörnyű íz
🤑|arc dollárjelekkel|dollár|fizetett|pénz|száj|szmájli
🤗|arc|kezek|ölelés|szmájli
🤭|arc szájra tett kézzel|hirtelen ráébred|hirtelen rájön|hoppá|kéz a száj előtt arc|kuncog|nevet|röhög|rötyög|szmájli|titok|vihog
🫢|áhítat|ámulat|arc|csend|elakadt lélegzet|előtt|félelem|hitetlenkedés|kéz|meglepetés|nyitva|omg|sokk|száj|szemek|zavar
🫣|bámul|ijedt|kémlelő szemű arc|kukucskál|megbabonázott|pillant|riadt|szégyenlős
🤫|arc|csend|csitító arc|csitt|csöndesen|csöndre int|elhallgattat|halkan|maradj csendben|pszt|szmájli
🤔|arc|elgondolkodó|gondolkodó arc|gondolkozik|megfontol|szmájli|tűnődő
🫡|derűs|igen|katonák|oké|tisztelgés|tisztelgő arc
🤐|arc összecipzározott szájjal|cipzár|nem mond el|száj|szmájli|titok
🤨|arc felvont szemöldökkel|bizalmatlan|felhúzott szemöldökű arc|gyanakvó|helytelenít|hitetlenkedő|hmm|kételkedő|kétkedő|meglepett|mit|nem bízik|nem hiszi el|szkeptikus|szmájli|tessék
😐|arc|flegma|kifejezéstelen|közömbös|meh|nem nevet|nem vicces|pókerarc|rezzenéstelen|semleges|szmájli|unott
😑|arc|érzéketlen|flegma|kifejezéstelen|meh|semleges|szmájli
😶|arc|csendes|csöndes|kellemetlen|kifejezéstelen|néma|nincs szája|száj nélküli arc|szmájli
🫥|elrejtőzik|eltűnik|introvertált|láthatatlan|levert|pontozott vonalas arc
😶‍🌫️|arc a felhőben|arc a ködben|elgondolkodó|fej a felhők között
😏|arc|gyanakvó|önelégült|szmájli|viccelsz|vigyor
😒|arc|boldogtalan|mérges|szmájli|szomorú|unatkozik|unott
🙄|arc|bosszús|forgatja a szemeit|forgó szemek|ideges|mérges|szemét forgató arc|szemforgatás|szmájli
😬|arc|fogorvos|grimaszoló arc|kellemetlen|kínos|mosolyog|szmájli
😮‍💨|arc|fáradt|füst|fütty|kifúj|kilégzés|kimerült|levegőt kifújó arc|megkönnyebbülés|sóhajtás|suttogás|zihálás
🤥|arc|hazudik|hazudó fej|hazudós|hazug|hosszú orr|orr|pinokkió|szmájli
🫨|arc|földrengés|meglepődés|rázkódó|rezeg
🙂‍↔️|fejcsóválás|fejrázás|nem|vízszintes
🙂‍↕️|bólintás|fej|függőleges|igen
😌|arc|béke|békés|megkönnyebbült|nyugodt|szmájli
😔|arc|borzasztó|csalódott|elgondolkodó|elkeseredett|rossz|szmájli|szomorú|tűnődő|unott|veszít
😪|álmos|arc|ásít|fáradt|sír|szmájli|szomorú
🤤|arc|fej|folyik a nyála|nyáladzó|szmájli
😴|álmos|alszik|alvás|alvó arc|arc|fáradt|jó éjszakát|jó éjt|lefekvés ideje|szmájli|szundi|zzz
🫩|álmos|arc|elnyűtt|fáradt|késő|kifáradt|kimerült|szemek|táskás|unatkozik
😷|arc egészségügyi maszkkal|betegség|egészségügyi maszk|gyógyszer|maszk|orvos|szmájli
🤒|arc lázmérővel|beteg|láza van|lázas|lázmérő|szmájli
🤕|arc bekötött fejjel|beütötte a fejét|fáj|fej|kötés|sérülés|szmájli
🤢|arc|beteg|émelygő|fej|hányás|hányingere van|rosszul van|szmájli
🤮|arc|beteg|hányó arc|kidobja a taccsot|köp|öklendezik|rosszul van|szmájli
🤧|arc|beteg|fej|fújja az orrát|hapci|meg van fázva|megfázott|szmájli|tüsszentő
🥵|arc|forró arc|forróság|haldoklik|hőguta|hőség|izzadás|izzadó|lázas|liheg|megsül|nyelv|piros arc|vörös arcú
🥶|arc|befagy|didereg|elkékült arc|fagyás|fagyos arc|fagyoskodik|fázik|hideg|hűvös|jégcsapok|jéghideg|kék|megfagy|mínusz|vacog
🥴|arc|becsípett|ferde szemek|hullámvonalas száj|ittas|kába|kábult|kapatos|keresztbeálló szemek|részeges arc|spicces|szédül
😵|arc|beteg|fáradt|szédülés|szédülő arc|szmájli
😵‍💫|arc|baj|hipnotizált|húha|omg|spirálszemű|szédülő|zavarodott
🤯|arc|egyáltalán nem|elképesztő|felfoghatatlan|felrobbanó fej|megdöbbent|semmiképpen|sokkolt|szmájli
🤠|arc|boldog|cowboy kalapos fej|cowboykalapos fej|fej|kalap|nevet|szmájli
🥳|arc|bulizó arc|csákó|duda|hurrá|izgatott|kalap|partiarc|party|születésnap|szülinap|ünneplés
🥸|álbajusz|álca|álcázott arc|arc|bajusz|inkognító|kém|orr|szemöldök|szemüveg
😎|arc|laza|menő|mosolygó arc napszemüveggel|napszemüveg|nyár|strand|szmájli
🤓|arc|gépmániás|kockaarc
🧐|arc félszemüveggel|arc monoklival|gazdag|kifinomult|klasszikus|mérges|szmájli|tehetős|vagyonos
😕|arc|bizonytalan|nem tudom|sajnálom|szmájli|szomorú|zavart
🫤|átlós szájú arc|bizonytalan|csalódott|kétkedő|meh
😟|aggodalmas|aggódik|aggódó arc|arc|ideges|izgul|stresszes|szmájli|szomorú
🙁|arc|kissé komor arc|rosszallás|szmájli|szomorú
😮|arc nyitott szájjal|csodálkozás|csodálkozik|elképed|hihetetlen|megdöbben|meglepett|meglepődik|nyitott száj|ó|szmájli|tátva marad a szája
😯|arc|döbbent|elképedt|meglepett|meglepődött|szmájli|tátott száj|tátva maradt a szája
😲|arc|csodálkozó|döbbent|elcsodálkozott|elképedt|lenyűgözött|megdöbbent|szmájli
😳|arc|elképedt|elpirult arc|elvörösödik|hitetlen|kellemetlen|kételkedő|kétkedő|kidülledt szemek|kipirult|melege van|mi|okol|szmájli|zavarban van
🫪|aggodalmas|felpuffadt|lesokkolt|meglepődött|pánikoló|sebezhető
🥺|arc|bociszemek|esedező arc|kegyelem|kerek szem|kérlek szépen|kérlelő|kiskutyaszemek|könyörgős|könyörög|lécci|légyszi|megszán|miért ne|sóvárog|szomorú
🥹|büszke|dühös|ellenáll|könnyeivel küszködő arc|örömteli|sír|szomorú
😦|arc|ijedt|ijesztő|meglepett|nyitott száj|rosszallás|rosszalló arc nyitott szájjal|szmájli
😧|arc|elgyötört|elkínzott|fél|ijedt|rémült|riadt|szmájli
😨|aggódik|arc|félelemmel teli arc|ijedt|rémült|szmájli
😰|aggódó arc nyitott szájjal és verejtékkel|arc nyitott szájjal és hideg verejtékkel|hideg verejték|ideges|izzad|kék|kiveri a víz|nyitott száj|rohanás|szmájli
😥|aggódik|arc|boldogtalan|csalódott, de megkönnyebbült arc|de megkönnyebbült arc|huhh|izzadság|megkönnyebbült|szmájli|szomorú
😢|arc|boldogtalan|hiányzik|könnycsepp|sírás|síró arc|szmájli|szomorúság
😭|arc|boldogtalan|könnyek|sírás|szmájli|szomorúság|zokogás|zokogó arc
😱|arc|félelemtől sikoltó arc|ijedt|ijesztő|munch|rémület|sikolt|sikoly|szmájli
😖|arc|frusztrált|mérges|összezavarodott|szmájli|szomorú|zavart
😣|állhatatos arc|állhatatosság|arc|fáj a feje|fejfájás|koncentrál|szmájli
😞|arc|boldogtalan|borzasztó|csalódott|lehangolt|levert|megbukik|nem sikerül|okol|szmájli|szomorú|veszít
😓|arc hideg verejtékkel|hideg verejték|ideges|izzadtság|kiveri a víz|lehangolt arc verejtékkel|szmájli|szomorú|verejték
😩|arc|boldogtalan|éhes|fáradt|kimerült|megviselt|sírós|szmájli|szomorú
😫|arc|fáradt arc|fáradtság|szmájli|szomorú|tüsszent
🥱|álmos|arc|ásítás|ásító|fáradt
😤|arc|dühös|gőz|győzelem|mérges|orrából gőzt fújtató arc|siker|szmájli
😡|arc|dühös|duzzogó arc|ideges|mérges|szmájli|vörös
😠|arc|dühös|mérges|szmájli
🤬|arc jelekkel a száján|bosszús|cenzúra|csúnyán beszél|dühös|elátkoz|gyalázkodik|káromkodás|káromkodik|mérges|szimbólumok a szájon arc|szitkozódik|szmájli
😈|arc|fantasy|gonosz|mese|mosolygó arc szarvakkal|ördög|rosszindulatú|szarvak
👿|arc|démon|fantasy|gonosz|mérges arc szarvakkal|mese|ördög|rossz|szarvak|szmájli
💀|csont|halálfej|halott|koponya|szörny
💩|arc|büdi|büdös|kaka|kakiarc|kakihalom|képregény
🤡|bohócfej|cirkusz|fej
👹|arc|fantasy|félelmetes|ijesztő|japán|lény|maszk|mese|ogre|ördög|óriás|szörny
👺|álarc|arc|fantasy|japán|kobold|lény|maszk|mérges|mese|szörny
👻|arc|félelmetes|ijesztő|kísértet|lény|mese|szellem|szörny
👽|földönkívüli|idegen|marslakó|ufó|űrlény
👾|fantasy|földönkívüli|idegen|játék|pixeles|szörnyecske|ufó|űrlény
🤖|arc|robotarc|szörny
😺|állat|arc|cica|macska|mosolygó macskaarc nyitott szájjal|nevető macska|nyitott|száj
😸|állat|arc|cica|macska|mosolygó|nevetés|nevető macska mosolygó szemmel|nevető macskaarc mosolygó szemmel|szem
😹|állat|arc|cica|kicsordul a könnye|könny|macska örömkönnyekkel|macskaarc örömkönnyekkel|mosoly|nevet|örömkönny|szmájli
😻|állat|arc|cica|macska|mosolygó macska szív alakú szemmel|mosolygó macskaarc szív alakú szemmel|szerelem|szív|szmájli
😼|arc|cica|fanyar|irónia|ironikus|macska fanyar mosollyal|macskaarc fanyar mosollyal|mosoly|szmájli
😽|arc|cica|csókoló macskaarc lehunyt szemmel|csukott szem|macska|puszi|szmájli
🙀|állat|arc|fáradt|hűha|ijedt|kimerült macskaarc|macska|meglepett|ó
😿|arc|cica|könny|macska|sírás|síró macskaarc|szmájli|szomorú
😾|állat|arc|cica|duzzogás|duzzogó macskaarc|macska|mérges|szmájli
🙈|állat|bújócska|elbújik|elfelejt|ijedt|majom|nem figyelek|nem lát semmit|nem láttam semmit|tilos|zavarban van
🙉|állat|fül|hall|majom|nem figyel|nem hall semmit|nem hallottam semmit|tilos|titok
🙊|állat|bocsánat|elnézést|elszóltam magam|hoppá|majom|nem beszél|nem szól semmit|nem szólok semmit|tilos|titok
💌|levél|romantika|szerelem|szerelmes levél|szív
💘|ámor nyila|cupido|nyíllal átlőtt szív|romantika|szerelem|szív
💝|ajándék|csók|puszi|szalag|szerelem|szív szalaggal|valentin-nap
💖|csillog|izgatott|ragyogás|ragyogó szív|szív
💗|idegesség|izgalom|növekvő szív|szívdobogás
💓|dobogó szív|érted dobog a szívem|szerelem|szívdobogás
💞|évforduló|forgás|forgó szívek|szerelem|szeretlek|szív
💕|évforduló|két szív|randevú|randi|szerelem|szerelmes szívek|szeretlek|szívek
💟|dekoráció|dísz|fehér szív|lila szív|szív formájú dekoráció
💔|egyedül|megszakad a szíve|összetört|szakítani|szív|szomorú
❤️‍🔥|égő|lángoló|szerelem|szív|vágy
❤️‍🩹|egészségesebb|felépülő|gyógyuló szív|javuló|jól van|meggyógyuló
🩷|cuki|rózsaszín|szerelem|szív|tetszik
🧡|narancssárga szív|szív, narancssárga szív, narancssárga
💛|sárga|szív
💚|szív|zöld
💙|kék|szív
🩵|cián|pávakék|szív|világoskék
💜|lila|szív
🤎|barna|szív
🖤|fekete|gonosz|rossz|szív
🩶|ezüst|pala|szív|szürke
🤍|fehér|szív
💋|ajkak|csóknyom|romantika|rúzsfolt|rúzsnyom|szenvedély
💯|100|a+|aha|egyértelműen|egyetértés|hűséges|igazság|megtartás|mindenképpen|mutatás|remek|száz|találat|teljes|tökéletes
💢|a düh szimbóluma|dühös|képregény|mérges
🫯|birkózás|csetepaté|dulakodás|egyet nem értés|verekedés|vita
💥|bumm|csattanás|képregény|robbanás|ütközés
💫|csillagokat lát|fényes|hullócsillag|képregény|szédülés
💦|cseppek|csobbanás|edzés|fröccsenés|izzadságcseppek|képregény|víz
💨|elillan|ereget|ereszt|felhő|füst|futás|gyors|képregény|pukizik|púzik|rohanás|szellent
🕳️|lyuk
💬|beszéd|buborék|gépel|képregény|párbeszéd|sms|szövegbuborék|üzenet
👁️‍🗨️|párbeszéd|szem szövegbuborékban|szövegbuborék|tanú
🗨️|balra nyíló szövegbuborék|beszéd|buborék|párbeszéd|szövegbuborék
🗯️|buborék|dühös|jobbra nyíló szövegbuborék|mérges|szövegbuborék
💭|álmodozik|álom|buborék|felhő|gondolatbuborék|gondolkozik|képregény|ötlet
💤|álmos|alszik|alvás|éjszaka|fáradt|jó éjszakát|képregény|zzz
👋|hello|integetés|integető kéz|kéz|szia|test|viszlát
🤚|felemelt|kézfej
🖐️|állj|felemelt kéz szétálló ujjakkal|kéz|ne tovább|stop|szétálló|test|ujj
✋|állj|felemelt kéz|kéz|ne tovább|pacsi|stop|tenyér|test
🖖|kéz|spock|star trek-üdvözlet|test|ujj|vulcan
🫱|jobbra néző kéz|kéz
🫲|balra néző kéz|kéz
🫳|elejt|hess|lefelé néző kéz|mellőz
🫴|elkap|felajánl|felfelé néző kéz|hív|int
🫷|balra toló kéz|elutasít|pacsi|stop|tol|vár
🫸|elutasít|jobbra toló kéz|pacsi|stop|tol|vár
👌|kéz|ok jel|oké|perfekt|rendben|szuper|test|ujj
🤌|gúnyos|kézmozdulat|kihallgatás|mi van|micsoda|mit akarsz|összecsippentett|türelem|ujjak|várj
🤏|csippentő kéz|kicsit|kis összeg|ujjak
✌️|béke|betű|győzelem|győzelmi jelet mutató kéz|jel|kézjel|test|ujj|v
🤞|drukkolok|keresztezett ujjak|kéz|sok szerencsét|szerencse|szorítok|ujj
🫰|csettint|drága|keresztezett mutató- és hüvelykujjú kéz|pénz|szeretet|szív
🤟|3 ujj|három ujj|kéz|szeretlek jel|szeretlek kézmozdulat
🤘|kéz|metálvilla|ördögvilla|rock & roll|szarvak|ujj
🤙|hívj fel kézjel|hívás|kéz
👈|kéz balra mutató ujjal|kézfej|mutatóujj|tenyér|test|ujj
👉|arra|kéz jobbra mutató ujjal|kézfej|mutatóujj|tenyér|test|ujj
👆|felfelé|kézfej felfelé mutató ujjal|mutatóujj|tenyér felfelé mutató ujjal|test|ujj
🖕|kéz|középső ujj|test|ujj
👇|kézfej lefelé mutató ujjal|lefelé|mutatóujj|tenyér lefelé mutató ujjal|test|ujj
☝️|felfelé|kéz felfelé mutató ujjal|mutatóujj|test|ujj
🫵|felhasználóra mutató ujj|mutat|te
👍|cool|felfelé mutató hüvelykujj|hüvelykujj felfelé|jó|kéz|like|megbeszéltük|oké|rendben|test|ujj
👎|elvetés|hüvelykujj lefelé|kéz|lefelé mutató hüvelykujj|nem|rossz|test
✊|felemelt|kéz|ökölbe szorított kéz|test|ütés
👊|egyetértek|felemelt|haver|kéz|ököl|tesó|test|ütésre emelt ököl
🤛|bal szélső|balra néző ököl|kéz|ököl
🤜|jobb szélső|jobbra néző ököl|kéz|ököl
👏|gratulál|kéz|szép munka volt|tapsoló kéz|test
🙌|felemelt kezek|hurrá|kéz|kezét felemelő ember|test|ünneplés|vidámság
🫶|szeretet|szívet formázó kezek
👐|kéz|kitárva|széttárt kéz|test
🤲|felfelé fordított tenyerek|ima|imádkozik|imádság|kér|kéz|kezek|koldul|könyörgés|könyörög|köszönet|tenyérrel felfelé|tölcsért formáz
🤝|alkut köt|kezet ráz|kézfogás|megállapodás|megegyezés|találkozás|üdvözlés
🙏|ima|imádkozik|kérés|kérlek|kéz|könyörög|köszi|köszönet|köszönöm|összetett kéz|test
✍️|írás|író kéz|kéz|test
💅|kéz|kifestés|körmös|körömápolás|körömfestés|körömlakk|lakkoz|manikűr|testrész
🤳|fényképező|kamera|szelfi|telefon
💪|befeszített bicepsz|bicepsz|edzés|edzőterem|erős|izom|karizom|képregény|kéz|test
🦾|akadálymentesség|mechanikus kar|prosztetikus kar|protézis
🦿|akadálymentesség|mechanikus láb|prosztetikus láb|protézis
🦵|behajlított láb|comb|lábfej|lábszár|rúgás|térd|végtag
🦶|boka|dobogás|lábfej|rúgás|tapos|tipor|topog|toporog
👂|fej|fül|hallás|hallgat|testrész
🦻|akadálymentesség|fül hallókészülékkel|hallássérült|nagyothalló
👃|fej|orr|szaglás|szagol|testrész
🧠|agy|intelligens|okos
🫀|anatómia|kardiológia|középpont|piros|pulzus|szerv|szívdobogás|szívverés
🫁|belégzés|kilégzés|légzés|lélegzet|levegő|oxigén|szerv|tüdő
🦷|fehér|fogak|fogász|fogorvos
🦴|csontok|csontváz|kutya
👀|arc|les|néz|szemek|testrész
👁️|szem|testrész
👅|kinyújtja a nyelvét|nyal|nyelv|testrész
👄|ajkak|rúzs|száj|testrész
🫦|aggódó|ajkába harapó száj|félelem|flört|ideges|kényelmetlen|nyugtalan
👶|baba|kisbaba|kisfiú|kisgyerek|újszülött
🧒|fiatal|gyerek|gyermek|kisgyerek|kölyök
👦|fiú|kisfiú|srác
👧|copf|fiatal lány|kislány|lányka
🧑|felnőtt
👱|ember|férfi|szőke hajú ember
👨|barát|báty|férfi|férj|fiú|haver|öcs|társ|testvér
🧔|szakállas ember
🧔‍♂️|férfi: szakáll|szakáll
👱‍♂️|férfi|szőke
👩|felnőtt|hölgy|nő
🧔‍♀️|nő: szakáll|szakáll
👱‍♀️|nő|szőke
🧓|idősebb felnőtt|nemi szempontból semleges|öreg
👴|bácsi|idős férfi|kopasz|nagyapa|nagypapa|öregember
👵|anyóka|idős hölgy|idős nő|nagyi|nagymama|néni|öreg néni
🙍|csüggedt|homlokát ráncolja|mérges|rosszallás|rosszalló ember|rosszalló tekintet|rosszkedvű|szemöldökét ráncolja|szomorú
🙍‍♂️|csüggedt|elégedetlen|férfi|gesztus|homlokát ráncolja|mérges|rosszallás|rosszalló|rosszkedvű|szemöldökét ráncolja|szomorú
🙍‍♀️|gesztus|nő|rosszallás|rosszalló
🙎|biggyeszt|duzzogás|duzzogó ember|duzzogó lány|duzzogó nő|grimasz|lebiggyesztett ajak|mérges
🙎‍♂️|duzzogás|duzzogó|férfi|gesztus|mérges
🙎‍♀️|duzzogás|duzzogó|gesztus|nő
🙅|kézjel|ki van zárva|kizárt|nem szabad|szó sem lehet róla|tilos|tiltás mutatása|tiltást mutató nő|tiltott
🙅‍♂️|férfi|gesztus|kézmozdulat|ki van zárva|kizárt|nem|szó sem lehet róla|tilos|tiltást mutató férfi
🙅‍♀️|gesztus|kézmozdulat|nő|tilos|tiltást mutató nő
🙆|beleegyezés mutatása|kézjel|oké|rendben|tornázik
🙆‍♂️|beleegyezést mutató férfi|férfi|gesztus|kézmozdulat|oké|rendben|tornázik
🙆‍♀️|beleegyezést mutató nő|gesztus|kézmozdulat|nő|oké
💁|borravaló|ember|kéz|mindegy|nyitott tenyér|pletyka|szarkasztikus|szarkazmus|szemtelen
💁‍♂️|férfi|információ|nyitott tenyér|nyitott tenyerű férfi|segítség
💁‍♀️|információ|nő|nyitott tenyér|nyitott tenyerű nő|segítség
🙋|boldog|én tudom|felemeli a kezét|integet|intés|jelentkezik|kézmozdulat|vidáman intő ember
🙋‍♂️|én tudom|felemeli a kezét|férfi|gesztus|intés|jelentkezik|kézmozdulat|vidáman intő férfi
🙋‍♀️|gesztus|intés|kézmozdulat|nő|vidáman intő nő
🧏|akadálymentesség|fül|hallássérült|nagyothalló|siket ember
🧏‍♂️|férfi|siket
🧏‍♀️|nő|siket
🙇|bocsánatkérés|elnézést|meditáció|meditál|meghajlás|meghajló ember|meghajol|sajnálat|sajnálom
🙇‍♂️|bocsánatkérés|férfi|meghajlás|meghajló|sajnálat
🙇‍♀️|bocsánatkérés|elnézést|meditáció|meditál|meghajlás|meghajló|meghajol|nő|sajnálat|sajnálom
🤦|arc|elkeseredés|kézbe temetett arc|nem hiszem el
🤦‍♂️|arcát a kezébe temető férfi|elkeseredés|férfi|fogja a fejét|hitetlenség|kézbe temetett arc
🤦‍♀️|arcát a kezébe temető nő|elkeseredés|fogja a fejét|hitetlenség|kézbe temetett arc|nő
🤷|közömbös|nem érdekel|rándít|vállrándítás
🤷‍♂️|érdektelenség|férfi|kétség|közömbös|nekem mindegy|nem érdekel|nem tudom|vállrándítás|vállrándító férfi
🤷‍♀️|érdektelenség|kétség|közömbös|nekem mindegy|nem érdekel|nem tudom|nő|vállrándítás|vállrándító nő
🧑‍⚕️|ápolónő|egészségügyi dolgozó|orvos|terapeuta
👨‍⚕️|ápoló|doktor|egészségügy|foglalkozás|orvos|terapeuta
👩‍⚕️|ápolónő|doktornő|egészségügy|foglalkozás|nővér|orvos|terapeuta
🧑‍🎓|diák|végzős
👨‍🎓|diák|diplomaosztó|diplomázik|egyetemista|férfi|foglalkozás|tanuló
👩‍🎓|diák|diplomaosztó|diplomázik|egyetemista|női tanuló|tanuló
🧑‍🏫|oktató|professzor|tanár / tanárnő
👨‍🏫|férfi|foglalkozás|oktató|professzor|tanár
👩‍🏫|foglalkozás|nő|oktató|professzorasszony|tanárnő|tanítónő
🧑‍⚖️|bíró / bírónő|mérleg
👨‍⚖️|bíró|férfi|igazság|mérleg|törvény
👩‍⚖️|bíró|igazság|mérleg|nő|törvény
🧑‍🌾|földműves|gazda / női gazda|növénytermesztő
👨‍🌾|farmer|férfi|foglalkozás|földműves|gazda|kertész
👩‍🌾|farmer|foglalkozás|földműves|gazda|kertész|női gazda
🧑‍🍳|séf|szakács / szakácsnő
👨‍🍳|férfi|foglalkozás|séf|szakács
👩‍🍳|foglalkozás|nő|séf|szakácsnő
🧑‍🔧|szaki|szerelő / szerelőnő|villanyszerelő|vízvezeték-szerelő
👨‍🔧|férfi|foglalkozás|szerelő|villanyszerelő|vízszerelő
👩‍🔧|foglalkozás|nő|szerelőnő|villanyszerelő|vízszerelő
🧑‍🏭|dolgozó|gyári|munkás
👨‍🏭|dolgozó|férfi|foglalkozás|forraszt|gyári|munkás|összeszerel|szerel
👩‍🏭|dolgozó|foglalkozás|forraszt|gyári|munkás|női munkás|összeszerel|szerel
🧑‍💼|építész|értelmiségi|irodai dolgozó|menedzser|üzletember
👨‍💼|alkalmazott|férfi irodista|foglalkozás|irodai
👩‍💼|alkalmazott|foglalkozás|irodai|női irodista
🧑‍🔬|biológus|fizikus|mérnök|tudás|tudós|vegyész
👨‍🔬|biológus|férfi|fizikus|foglalkozás|kémikus|matematikus|tudós
👩‍🔬|fizikus|foglalkozás|kémikus|matematikus|női tudós|tudós
🧑‍💻|fejlesztő|feltaláló|informatikus|programozó|szoftver
👨‍💻|fejlesztő|feltaláló|férfi|foglalkozás|kódoló|programozó|számítógép|szoftver
👩‍💻|fejlesztő|feltaláló|foglalkozás|kódoló|nő|programozó|számítógép|szoftver
🧑‍🎤|előadóművész|énekes|rock|színés|sztár
👨‍🎤|előadó|énekes|férfi|foglalkozás|művész|rock|színész|sztár
👩‍🎤|előadó|énekes|foglalkozás|művész|női énekes|rock|színész|sztár
🧑‍🎨|festő|művész|paletta
👨‍🎨|férfi|festőművész|foglalkozás|művész|paletta
👩‍🎨|festőnő|foglalkozás|művész|női művész|paletta
🧑‍✈️|pilóta / pilótanő|repülőgép
👨‍✈️|férfi|foglalkozás|pilóta|repülő
👩‍✈️|foglalkozás|nő|pilótanő|repülő
🧑‍🚀|rakéta|űrhajós / űrhajósnő
👨‍🚀|férfi|foglalkozás|rakéta|űrhajós|űrutazás
👩‍🚀|asztronauta|foglalkozás|nő|rakéta|űrhajósnő
🧑‍🚒|tűzoltó / tűzoltónő|tűzoltóautó
👨‍🚒|férfi|foglalkozás|tűzoltó
👩‍🚒|foglalkozás|nő|tűzoltónő
👮|foglalkozás|letartóztat|rendőrség|rendőrtiszt|tiszt|törvény|zsaru
👮‍♂️|férfi|rendőr|zsaru
👮‍♀️|foglalkozás|letartóztat|nő|rendőrnő|rendőrtiszt|tiszt|törvény|zsaru
🕵️|detektív|foglalkozás|kém|kopó|nyomozó
🕵️‍♂️|detektív|férfi|kém|nyomozó
🕵️‍♀️|detektív|foglalkozás|kémnő|nő|nyomozónő
💂|buckingham-palota|gárdista|london|őrségváltás|sisak
💂‍♂️|férfi|őr
💂‍♀️|medvekucsma|női őr|őr|sisak
🥷|ember|harcos|nindzsa|ninja|rejtett|rejtőzködés
👷|építkezés|építőmunkás|férfi|foglalkozás|munkás|sisak|védősisak
👷‍♂️|építkezés|építőmunkás|férfi|munkás
👷‍♀️|építkezés|építőmunkásnő|foglalkozás|munkás|női munkás|sisak|védősisak
🫅|király|koronás személy|méltóság|nemes|uralkodói
🤴|herceg|királyi|koronás
👸|fantasy|hercegnő|királykisasszony|királylány|királynő|korona|mesehős
👳|ember|turbános ember
👳‍♂️|férfi|turbános férfi
👳‍♀️|nő|turbános nő
👲|ember|kínai sapkás ember|sapka
🧕|fejkendő|hidzsáb|kendő|mantilla|nő fejkendővel|ruházat|tichel
🤵|elegáns|ember|férfi|öltöny|szmokingos ember|szmokingos férfi|vőlegény
🤵‍♂️|férfi|szmokingos férfi
🤵‍♀️|nő|szmokingos nő
👰|ember fátyollal|esküvő|fátyol|lakodalom|menyasszony fátyollal
👰‍♂️|fátyol|férfi fátyollal
👰‍♀️|fátyol|nő fátyollal
🤰|nő|terhes|várandós
🫃|has|puffadt|teli|terhes férfi
🫄|has|puffadt|teli|terhes személy
🤱|baba|etet|kisbaba|mell|szoptatás
👩‍🍼|anya|anyu|etetés|gondozás|kisbaba|kisbabát etető nő|mama|nő|újszülött
👨‍🍼|apa|apuka|etetés|férfi|gondozás|kisbaba|kisbabát etető férfi|újszülött
🧑‍🍼|anya|anyu|ember|etetés|gondozás|kisbaba|kisbabát etető ember|kisbabát etető személy|mami|személy|szoptatás|újszülött
👼|angyal|arc|babaangyal|mese
🎅|arc|fej|karácsony|mikulás|télapó|ünneplés
🤶|anyó|karácsony|mikulás felesége|mikulás ruhás anyó|ünnep
🧑‍🎄|ember|karácsony|mikulás|sapka|télapó|ünnepek
🦸|hős|jó|szupererő|szuperhős|szuperképesség
🦸‍♂️|férfi szuperhős|hősnő|jó|szuperképesség
🦸‍♀️|hősnő|jó|női szuperhős|szuperképesség
🦹|bűnöző|ember|főgonosz|gazember|gonosztevő|rossz|szupererő|szupergonosz|szuperképesség
🦹‍♂️|bűnöző|férfi főgonosz|gazember|gonosz|szuperképesség
🦹‍♀️|bűnöző|gazember|gonosz|női főgonosz|szuperképesség
🧙|boszorkánymester|bűbáj|férfi boszorkány|mágia|mágus|mese|varázsige|varázslás|varázslat|varázsló
🧙‍♂️|boszorkánymester|férfi varázsló|mágus
🧙‍♀️|boszorkány|varázslónő
🧚|lepke|mese|oberon|pillangó|puck|szárny|titánia|tündérmese
🧚‍♂️|férfi tündér|oberon|puck
🧚‍♀️|női tündér|titánia
🧛|drakula|élőhalott|fogak|vámpír|vér
🧛‍♂️|drakula|élőhalott|élőholt|férfi vámpír
🧛‍♀️|élőhalott|élőholt|női vámpír
🧜|hableány|hablegény|mese|óceán|sellő|szirén|tündérmese
🧜‍♂️|férfi sellő|triton
🧜‍♀️|női sellő|sellőlány
🧝|fantasy|kobold|mágikus|manó|mese|tünde|varázslatos
🧝‍♂️|férfi tünde|mágikus
🧝‍♀️|mágikus|női tünde
🧞|dzsini|dzsinn|kívánság|lámpa|lámpás szelleme|mese|olajlámpás|szellem|varázslámpás
🧞‍♂️|dzsinn|férfi dzsinn
🧞‍♀️|dzsinn|női dzsinn
🧟|csontváz|élőhalott|élőholt|félelmetes|horror|ijesztő|sétáló halott|zombi
🧟‍♂️|élőhalott|élőholt|férfi zombi|sétáló halott
🧟‍♀️|élőhalott|élőholt|női zombi|sétáló halott
🧌|képzelet|szörny|troll|tündérmese
🫈|erdő|jeti|nagyláb|óriás|sasquatch|vadember
💆|arcmasszázs|fejfájás|feszültség|kozmetika|masszázs|masszíroz|relaxáció|relaxál|szalon|szépségszalon
💆‍♂️|arcmasszázs|enyhít|fejfájás|férfi arcmasszázson|feszültség|kozmetika|masszázs|masszíroz|relaxáció|relaxál|szalon|szépségszalon
💆‍♀️|arc|masszázs|nő arcmasszázson
💇|fodrászat|hajnyírás|hajvágás|nő fodrásznál|szépségápolás
💇‍♂️|férfi fodrásznál|fodrászat|hajnyírás|hajvágás
💇‍♀️|fodrászat|hajvágás|nő fodrásznál
🚶|férfi|gyaloglás|gyalogos|séta|sétáló|túra
🚶‍♂️|férfi|séta|sétáló|túra
🚶‍♀️|gyalogol|gyalogos|megy|nő|séta|sétáló|túra
🧍|álló ember
🧍‍♂️|álló férfi|férfi
🧍‍♀️|álló nő|nő
🧎|térdelő ember
🧎‍♂️|férfi|térdelő férfi
🧎‍♀️|nő|térdelő nő
🧑‍🦯|akadálymentesség|ember fehér bottal|vak
👨‍🦯|akadálymentesség|férfi fehér bottal|látássérült|vak
👩‍🦯|akadálymentesség|nő fehér bottal|vak
🧑‍🦼|akadálymentesség|ember motoros kerekesszékben|kerekesszék
👨‍🦼|akadálymentesség|férfi motoros kerekesszékben|kerekesszék|mozgáskorlátozott|tolószék
👩‍🦼|akadálymentesség|kerekesszék|mozgáskorlátozott|nő motoros kerekesszékben|tolószék
🧑‍🦽|akadálymentesség|kerekesszékes ember
👨‍🦽|akadálymentesség|férfi kézi hajtású kerekesszékben|kerekesszék|mozgáskorlátozott|mozgássérült|tolószék
👩‍🦽|akadálymentesség|kerekesszék|mozgáskorlátozott|nő kézi hajtású kerekesszékben|tolószék
🏃|futás|futó|gyors|maraton|siet|sport
🏃‍♂️|férfi|futás|futó férfi|maraton|verseny
🏃‍♀️|futás|futónő|gyorsaság|maraton|női futó|sebesség|siet|sport|verseny
🧑‍🩰|balett|táncos
💃|nő|salsa|táncoló|táncosnő|tangó
🕺|férfi|flamenco|salsa|táncoló férfi|táncos|tangó
🕴️|lebegő ember|öltönyös, lebegő ember|üzletember
👯|bulizó emberek|lányok|nő|nyuszifül|parti
👯‍♂️|buil|bulizó férfiak|férfiak|ikrek|nyuszifül|partizik|party|táncol|táncos
👯‍♀️|buil|bulizó nők|nők|nyuszifül|parti|táncos
🧖|ember a gőzfürdőben|gőzfürdő|gőzszoba|nő szaunázik|szauna|szaunázás|szaunázik
🧖‍♂️|férfi a gőzfürdőben|gőzfürdő|szauna
🧖‍♀️|gőzfürdő|nő a gőzfürdőben|szauna
🧗|hegymászás|mászás|mászó ember|megmászik|sziklamászás|sziklamászó
🧗‍♂️|mászó férfi
🧗‍♀️|mászó nő
🤺|kard|sportoló|vívás|vívó
🏇|lovaglás|lóverseny|lovi|sport|versenyló|zsoké
⛷️|hó|síelés|síelő|téli sportok
🏂|hódeszka|snowboardozó|téli sportok
🏌️|golflabda|golfozik|golfozó|golfütő|labda|sport|tee
🏌️‍♂️|férfi|golfozó férfi
🏌️‍♀️|golfozik|golfozó nő|nő|sport
🏄|hullám|sport|szörfös|szörfözik|szörföző|vízi sport
🏄‍♂️|férfi|szörföző férfi
🏄‍♀️|hullámlovaglás|hullámlovas|nő|sport|szörfözik|szörföző nő|vízisport
🚣|csónak|evezés|evező ember|hajó|kenu|tutaj|vízi jármű
🚣‍♂️|csónak|evezés|evező férfi|férfi
🚣‍♀️|csónak|evezés|evező nő|hajó|kenuzik|nő|sport
🏊|sport|triatlon|úszás|úszik|úszó
🏊‍♂️|férfi|úszás|úszó
🏊‍♀️|női úszó|sport|úszás|úszik|úszó
⛹️|ember labdával|kosarazik|kosarazó|kosárlabda|kosárlabdázik|kosárlabdázó|labda|pattogtat|sportoló
⛹️‍♂️|férfi labdával|labda
⛹️‍♀️|játékos|kosaras|kosarazik|kosárlabda|kosárlabdázik|labda|nő labdával|pattogtat|sport
🏋️|edzés|sportoló|súlyemelés|súlyemelő|súlyzó
🏋️‍♂️|férfi|súlyemelő
🏋️‍♀️|edzés|nő|sport|súlyemelő
🚴|biciklista|biciklizik|kerékpáros|kerékpározik|sportoló|teker
🚴‍♂️|bicajos|férfi|kerékpáros
🚴‍♀️|bicajos|biciklista|kerékpáros|nő|sport|teker
🚵|biciklista|hegyikerékpáros|kerékpár|mountain bike|sportoló
🚵‍♂️|bicajos|férfi|hegyikerékpáros férfi|kerékpáros
🚵‍♀️|bicajos|biciklis|hegyikerékpáros nő|kerékpáros|mountain bike|nő|sport|teker
🤸|cigánykerék|sportoló|torna
🤸‍♂️|cigánykerék|cigánykerekező férfi|férfi|sport|torna|tornász|tornázik
🤸‍♀️|cigánykerék|cigánykerekező nő|nő|sport|torna|tornásznő|tornázik
🤼|birkózás|birkózók|harc|sportoló
🤼‍♂️|birkozás|birkozó|birkózó férfiak|férfi birkózás|harc|sport
🤼‍♀️|birkozás|birkozó|birkózó nők|harc|női birkózás|sport
🤽|póló|sport|vízilabda
🤽‍♂️|férfi|póló|sport|vízilabda|vízilabdázó férfi|vízisport
🤽‍♀️|nő|póló|sport|vízilabda|vízilabdás|vízilabdázó nő
🤾|dob|kézilabda|labda|sportoló
🤾‍♂️|férfi|kézilabda|kézilabdás|kézilabdázik|kézilabdázó férfi|sport
🤾‍♀️|dob|kézilabda|kézilabdázó nő|labda|nő|sport
🤹|egyensúly|egyszerre|kézügyesség|multitask|ügyes|zsonglőrködik
🤹‍♂️|egyensúly|egyszerre|férfi|több feladat|zsonglőr
🤹‍♀️|egyensúly|egyszerre|női zsonglőr|több feladat|zsonglőr
🧘|ember lótuszülésben|jóga|jógázik|lótuszülés|meditáció|meditál|nő lótuszülésben|relaxáció|relaxál
🧘‍♂️|férfi lótuszülésben|jóga|meditáció
🧘‍♀️|jóga|meditáció|nő lótuszülésben
🛀|fürdés|fürdik|fürdő ember|fürdőkád
🛌|ágy|álmos|alszik|alvás|ember az ágyban|szálloda
🧑‍🤝‍🧑|egymás kezét fogó emberek|fogás|kézenfogva|pár
👭|barátnők|barátok|barátság|gyerekek|húg|kézen fogva álló nők|kislányok|lányok|legjobb barátnők|nők|nővér|pár|randevú|randi|szövetség|testvérek
👫|barátok|férfi|fiú|kéz a kézben|kézen fogva álló férfi és nő|lány|nő|pár|randevú|randi|szerelem|szerelmesek
👬|barátok|barátság|báty|férfiak|fiúk|ikrek|kézen fogva álló férfiak|öcs|pár|randevú|randi|testvérek
💏|barátnő|csók|évforduló|pár|randevú|randi|romantika|szerelem|szív
💑|csók|évforduló|pár szívvel|romantika|szerelem|szív
🗣️|arc|beszéd|beszélő fej|fej|sziluett
👤|árnyék|ember sziluettje melltől felfelé|mellszobor|sziluett
👥|emberek|két ember sziluettje melltől felfelé|mellszobor|sziluett
🫂|barátság|egymást ölelő emberek|helló|köszönet|ölelés|ölelkezés|ölelkező emberek|szerelem|üdv|viszlát
👪|család|gyerek
🧑‍🧑‍🧒|család|felnőtt|gyerek
🧑‍🧑‍🧒‍🧒|család|felnőtt|gyerek
🧑‍🧒|család|felnőtt|gyerek
🧑‍🧒‍🧒|család|felnőtt|gyerek
👣|lábnyomok|mezítláb|nyomok|úton
🫆|biztonság|bűncselekmény|lenyomat|nyomozó|nyomravezető jel|rejtély|személyazonosság|törvényszék|ujjlenyomat
🐵|állat|fej|majomfej
🐒|állat|banán|majom
🦍|állat|gorilla
🦧|állat|emberszabású majom|majom|orangután
🐶|állat|fej|kedvenc|kisállat|kiskutya|kutyafej
🐕|állat|háziállat|kisállat|kutya
🦮|akadálymentesség|vakvezető kutya
🐕‍🦺|akadálymentesség|kutya|segítőkutya|segítség
🐩|állat|háziállat|kedvenc|kisállat|kutya|pudli|uszkár
🐺|állat|farkasfej|fej
🦊|állat|fej|rókafej
🦝|állat|kíváncsi|mosómaci|mosómedve|ravasz
🐱|állat|cica|fej|kedvenc|kisállat|macskafej
🐈|állat|cica|kedvenc|kisállat|macska
🐈‍⬛|állat|balszerencse|fekete|halloween|macska|nyávog
🦁|állatöv|csillagjegy|fej|oroszlánfej
🐯|állat|fej|nagymacska|ragadozó|tigrisfej
🐅|állat|nagymacska|ragadozó|tigris
🐆|állat|leopárd|nagymacska|párduc|ragadozó
🐴|állat|farm|fej|lófej
🫎|agancs|állat|emlős|jávorszarvas
🫏|állat|csacsi|emlős|makacs|öszvér|szamár
🐎|állat|derbi|fogadás|lovaglás|lovassport|lóverseny|lovi|sportfogadás|versenyló|versenyzés
🦄|egyszarvú|fej|unikornisfej
🦓|állat|csíkos|zebra
🦌|agancs|állat|szarvas
🦬|állat|bölény|csorda
🐮|állat|fej|tehénfej|tej
🐂|állatöv|bika|csillagjegy|ökör
🐃|állat|bölény|vízibölény
🐄|állat|tehén|tej
🐷|állat|disznófej|fej|malacfej
🐖|állat|disznó|koca|kövér|malac
🐗|állat|disznó|vaddisznó
🐽|disznóorr|malacorr|orr
🐏|állatöv|csillagjegy|kos
🐑|állat|anyajuh|bárány|birka|gyapjú|juh
🐐|állatöv|bakkecske|csillagjegy|kecske|sajt
🐪|állat|dromedár|egypúpú teve|púposteve|sivatag|teve
🐫|állat|kétpúpú teve|púposteve|sivatag|teve
🦙|állat|alpaka|guanako|guanakó|gyapjas|gyapjú|láma|vicuña
🦒|állat|foltos|zsiráf
🐘|állat|elefánt
🦣|állat|gyapjas|kihalt|mamut|nagy|ormányos
🦏|állat|orrszarvú|rinocérosz
🦛|állat|víziló
🐭|állat|egérfej|fej
🐁|állat|egér
🐀|állat|patkány
🐹|állat|fej|hörcsögfej|kedvenc|kisállat
🐰|állat|fej|kedvenc|kisállat|nyúlfej|nyuszi
🐇|állat|háziállat|kedvenc|kisállat|nyúl|nyuszi
🐿️|állat|mogyoró|mókus
🦫|állat|fog|gát|hód
🦔|állat|sündisznó|tüskés
🦇|állat|denevér|drakula|vámpír
🐻|állat|fej|maci|medvefej
🐻‍❄️|fehér|jegesmedve|medve|sarkvidék
🐨|állat|fej|koalamaci|maci|medve
🐼|állat|fej|maci|pandafej|pandamaci
🦥|lajhár|lassú|lusta
🦦|halászó|játékos|vidra
🦨|borz|büdös|bűzborz|bűzös borz|bűzösborz
🦘|állat|ausztrália|erszényes|kenguru|ugrás|ugrik
🦡|állat|borz|méhészborz
🐾|lábak|lábnyomok|mancsnyomok
🦃|állat|hálaadás|madár|mérges|pulyka|szárnyas
🐔|állat|madár|tyúk
🐓|állat|kakas|madár
🐣|állat|csibe|kikelés|kikelő kiscsibe|kiscsibe|kiscsirke|madár|naposcsibe|tojás
🐤|állat|csibe|kiscsibe|madár|naposcsibe
🐥|állat|csibe|előre néző kiscsibe|kiscsibe|madár|naposcsibe
🐦|állat|madár
🐧|állat|madár|pingvin
🕊️|állat|békegalamb|galamb|madár|olajág
🦅|állat|madár|sas
🦆|állat|kacsa|madár
🦢|állat|fiatal hattyú|hattyú|madár|rút kiskacsa
🦉|állat|bagoly|bölcs|madár
🦤|állat|dodó|kihalt|madár|mauritius|nagy
🪶|madártoll|repülés|tollazat
🦩|flamingó|színpompás|trópusi
🦚|állat|büszke|hivalkodó|madár|pávakakas|pávatyúk|szép madár|színes|színpompás
🦜|állat|beszél|kalóz|lóri|madár|papagáj
🪽|angyalszárny|madár|mitológia|repülés|szárny
🐦‍⬛|fekete|holló|madár|varjú|vetési varjú
🪿|bolondos|gágog|liba|madár|szárnyas
🐦‍🔥|fantasy|feltámad|főnix|halhatatlan|reinkarnáció|tűzmadár|újjászületés
🐸|állat|békafej|fej
🐊|állat|krokodil
🐢|állat|teknőc|teknősbéka
🦎|állat|gyík|hüllő
🐍|állatöv|csillagjegy|kígyó|zodiákus
🐲|állat|fantasy|fej|mese|sárkányfej|tündérmese
🐉|állat|mese|sárkány
🦕|állat|brachiosaurus|brontosaurus|dínó|dinoszaurusz|diplodocus|kihalt|őslény|sauropoda
🦖|állat|dínó|dinoszaurusz|kihalt|őslény|t-rex|t. rex|t.-rex|tyrannosaurus rex
🐳|állat|bálna|fej|fröcskölés|fröcskölő bálna
🐋|állat|bálna|óceán|tengerpart
🐬|állat|delfin|flipper|óceán|tengerpart
🫍|bálna|óceán|tengeri állat
🦭|állat|fóka|oroszlánfóka|tenger
🐟|állatöv|csillagjegy|étel|halak|halászat|halászik|horoszkóp
🐠|állat|díszhal|hal|trópusi
🐡|állat|gömbhal|hal
🦈|állat|cápa|hal
🐙|állat|óceán|oktopusz|polip
🐚|kagyló|spirális|tengeri csiga|tengerpart
🪸|korallzátony|óceán|zátony
🪼|csíp|gerinctelen|jaj|kocsonyás|medúza|szúrószerv|tengeri
🦀|állatöv|csillagjegy|rák
🦞|állat|homár|ollók|rákleves|tenger gyümölcsei|tengeri étel
🦐|étel|garnélarák|kicsi|rák|tengeri
🦑|állat|étel|tintahal
🦪|búvárkodás|gyöngy|osztriga
🐌|állat|csiga|lassú
🦋|állat|lepke|pillangó|rovar|szép
🐛|állat|bogár|hernyó|kukac|rovar|százlábú
🐜|állat|hangya|kert|rovar
🐝|állat|darázs|dongó|háziméh|méhecske|rovar|tavasz|természet
🪲|állat|bogár|cserebogár|rovar
🐞|állat|bogár|katicabogár|rovar
🦗|állat|bogár|ciripel|rovar|szöcske|tücsök|ugrik
🪳|állat|csótány|kártevő|rovar|svábbogár|undi|undorító
🕷️|állat|pók|rovar
🕸️|háló|pókháló
🦂|állatöv|csillagjegy|skorpió
🦟|betegség|csípés|láz|malária|rovar|szúnyog|vírus
🪰|állat|betegség|féreg|kártevő|légy|rohadás|rovar
🪱|állat|féreg|földigiliszta|giliszta|gyűrűs féreg|gyűrűsféreg|kukac|parazita
🦠|amőba|baktérium|mikróba|tudomány|vírus
💐|csokor|évforduló|növény|randevú|randi|romantika|születésnap|virágcsokor
🌸|cseresznyevirág|növény|virág
💮|fehér virág|növény|virág
🪷|buddhizmus|hinduizmus|india|lótuszvirág|tisztaság|vietnam|virág
🏵️|növény|rozetta|virág
🌹|növény|romantika|rózsa|szenvedély|szerelem|szerelmes|virág|vörös rózsa
🥀|hervadt|rózsa|virág
🌺|hibiszkusz|növény|virág
🌻|napraforgó|növény|virág
🌼|növény|virágzás
🌷|növény|tulipán|virág
🪻|búzavirág|csillagfürt|jácint|levendula|tátika|virág
🌱|hajtás|kihajt|növény|palánta
🪴|cserepes növény|cserepes virág|gondozás|hasztalan|növény|szobanövény|unalmas
🌲|fa|fenyőfa|karácsonyfa|növény|örökzöld
🌳|erdő|fa|lombhullató|növény|zöld
🌴|fa|növény|pálmafa|strand|tengerpart
🌵|kaktusz|növény|sivatag|szárazság|természet
🌾|gabonaféle|növény|rizs
🌿|gyógynövény|levél|növény
🍀|lóhere|négylevelű|növény|szerencse|szerencsés
🍁|falevél|juharlevél|levél|növény|ősz
🍂|avar|falevél|lehullott|levél|növény|ősz
🍃|hulló|lebegő|levél|növény|szélfútta levél
🪹|fészekrakás|üres fészek
🪺|fészek tojásokkal|fészekrakás|tojások
🍄|gomba|növény
🪾|ágak|csupasz|faanyag|halott|kiszáradt|levél nélküli|tél|terméketlen|törzs
🍇|étel|gyümölcs|növény|szőlő
🍈|étel|gyümölcs|növény|sárgadinnye
🍉|dinnye|étel|görögdinnye|gyümölcs|növény
🍊|c-vitamin|gyümölcs|mandarin|narancs|nektarin|növény
🍋|citrom|citrusféle|étel|gyümölcs|keserű|növény
🍋‍🟩|citrus|friss|gyümölcs|koktél|lé|lime|margarita|mojito|salsa|tequila|trópusi|zöld
🍌|banán|gyümölcs|kálium
🍍|ananász|étel|gyümölcs|növény
🥭|déligyümölcs|étel|gyümölcs|mangó|trópusi
🍎|alma|egészség|érett|étel|gyümölcs|növény|piros
🍏|alma|egészség|étel|gyümölcs|növény|zöld
🍐|étel|gyümölcs|körte|növény
🍑|barack|étel|gyümölcs|növény|őszibarack
🍒|cseresznye|étel|gyümölcs|meggy|növény
🍓|eper|étel|gyümölcs|növény|szamóca
🫐|áfonya|bogyós gyümölcs|étel|fekete áfonya|gyümölcs
🥝|étel|gyümölcs|kivi
🍅|étel|növény|paradicsom|zöldség
🫒|étel|növény|olajág|olajbogyó|olívabogyó|olívaolaj
🥥|étel|gyümölcs|kókuszdió|növény|pálma|piña colada
🥑|avokádó|étel|gyümölcs
🍆|étel|növény|padlizsán|zöldség
🥔|burgonya|étel|krumpli|zöldség
🥕|étel|répa|sárgarépa|zöldség
🌽|cső|csöves kukorica|étel|kukoricacső|növény
🌶️|csípős|erőspaprika|étel|növény|paprika
🫑|kaliforniai paprika|paprika|pritaminpaprika|zöldség
🥒|étel|kígyóuborka|kovászosuborka|uborka|zöldség
🥬|burger|fodros kel|hamburger|káposzta|kelkáposzta|kínai kel|leveles zöldség|saláta|zöldség
🥦|brokkoli|étel|vadkáposzta|zöldség
🧄|fokhagyma|ízesítés
🧅|hagyma|ízesítés|vöröshagyma
🥜|allergia|étel|földimogyoró|mogyoró
🫘|bab|étel|hüvelyes növény|vesebab|vörösbab
🌰|étel|gesztenye|mogyoró|növény
🫚|fűszer|gyökér|gyömbérgyökér|sör
🫛|bab|borsóhüvely|edamame|hüvelyes|zöldség
🍄‍🟫|barna gomba|étel|gomba|portobello|szarvasgomba|természet|vega|vegán|vegetariánus
🫜|cékla|étel|fehérrépa|gyökér|kert|retek|saláta|vegetáriánus|zöldség
🍞|étel|kenyér|vekni
🥐|croissant|étel|francia|kifli|péksütemény|péksüti|reggeli
🥖|bagett|étel|francia|kenyér
🫓|étel|kenyér|lapos kenyér|laposkenyér|lepénykenyér|naan|pita
🥨|csavart|perec, étel, csavart
🥯|bagel|kenyér|pékáru|pékség|reggeli|szendvics|vajkrém|zsemle
🥞|étel|palacsinta
🧇|gofrisütő|határozatlan|vas|waffle
🧀|ementáli|étel|lyukas sajt|sajtdarab
🍖|csontos hús|étel|hús
🍗|baromfi|comb|csirkecomb|csontos|étel|hús|kacsacomb|libacomb
🥩|bárányszelet|étel|húsdarab|hússzelet|nyers hús|sertésszelet|steak|szelet hús
🥓|bacon|étel|hús|szalonna
🍔|burger|étel|gyorskaja|hambi|hamburger|sajtburger
🍟|étel|gyorsétel|gyorskaja|hasábburgonya|krumpli|sült krumpli|sültkrumpli
🍕|étel|pepperoni|pizza|sajtos|szelet
🌭|étel|hot dog|hotdog|kifli|kolbász|mustár|virsli
🥪|kenyér|szendvics
🌮|étel|mexikói|taco
🌯|burrito|étel|mexikói
🫔|étel|felcsavart|mexikói|tamale
🥙|étel|falafel|gírosz|gyros|kebab|pita|töltött
🧆|csicseriborsó|falafel|húsgolyó
🥚|étel|tojás
🍳|étel|reggeli|serpenyő|sütés-főzés|tojás|tükörtojás
🥘|étel|paella|serpenyős étel
🍲|ebéd|egy tál étel|ennivaló|étel|tál
🫕|csokoládé|étel|fondü|lábas|olvasztott|sajt|sí|svájci
🥣|ebéd|étel|gabonapehely|leves|paradicsomleves|reggeli|rizskása|tál kanállal
🥗|étel|saláta|zöldsaláta
🍿|étel|kukorica|mozi|pattogatott kukorica
🧈|tejtermék|vaj
🧂|dühös|fűszer|íz|sószóró
🥫|étel|konzerv
🍱|bento|doboz|ételdoboz|japán ételdoboz
🍘|étel|japán|keksz|rizskeksz
🍙|étel|golyó|japán|rizsgolyó
🍚|étel|főtt rizs|főzött|rizs
🍛|currys rizs|étel|rizs
🍜|étel|evőpálcika|forró|gőzölgő tál|gőzölög|tál|tészta
🍝|étel|makaróni|milánói|olasz étel|spagetti|tészta
🍠|burgonya|édesburgonya|étel|krumpli|sült édesburgonya
🍢|étel|grillezés|japán kebab|nyárs|oden|saslik
🍣|étel|japán|szusi
🍤|étel|garnélarák|rák|sült|tenger gyümölcsei
🍥|csavart|étel|haltorta|japán|torta
🥮|fesztivál|holdsütemény|őszközép|yuèbǐng
🍡|dango|desszert|édesség|étel|gombóc|japán|nyárs|pálca
🥟|batyu|étel|gombóc|gyoza|japán|jiaozi|kínai|pierogi|tészta|töltött
🥠|desszert|édesség|étel|jóslás|jóslat|szerencsesüti
🥡|doboz|elviteles doboz|elviteles papírdoboz|elvitelre|étel házhozszállítás|evőpálcika|kínai|pálcika
🍦|desszert|édesség|étel|fagyi|fagylalt|gépi fagylalt|lágyfagylalt|tölcséres fagylalt
🍧|desszert|édesség|étel|fagyi|fagylalt öntettel|öntet
🍨|desszert|édesség|étel|fagyi|fagylaltkehely
🍩|desszert|édesség|étel|fánk
🍪|desszert|édesség|étel|keksz|sütemény|süti
🎂|desszert|édesség|étel|sütemény|süti|születésnapi torta|szülinap|torta
🍰|desszert|édesség|étel|gyümölcstorta|sütemény|süti|szelet|tortaszelet
🧁|cukor|cupcake|desszert|édesség|finomság|pékáru|pékség
🥧|almáspite|desszert|édesség|étel|gyümölcsös|pite|sütemény|süti|tészta|töltelék|töltött
🍫|csoki|csokoládé|desszert|édesség|tábla csoki|táblás csokoládé
🍬|bonbon|cukorka|desszert|édesség
🍭|cukorka|desszert|édesség|nyalóka
🍮|desszert|édesség|étel|puding
🍯|bödön|csupor|édes|mézes bödön|mézes csupor
🍼|baba|cumisüveg|ital|tej|újszülött
🥛|egy pohár tej|ital|pohár|tej
🫖|bögre|ital|kanna|tea|teáskanna
🍵|csésze|fül nélküli teáscsésze|ital|tea|teáscsésze
🍶|alkohol|bár|csésze|ital|japán|szaké|üveg
🍾|bár|dugó|ital|kiugrik|kupak|pezsgőt pukkaszt|születésnap|ünneplés|üveg kiugró dugóval
🍷|alkohol|bár|borospohár|étterem|ital|pohár|vörösbor
🍸|alkohol|bár|ital|koktélos pohár|pohár
🍹|alkohol|bár|ital|koktél|trópusi
🍺|alkohol|bár|ital|korsó|söröskorsó
🍻|alkohol|bár|ital|koccintás|korsó|összekoccanó söröskorsók|söröskorsó
🥂|ivás|koccintás|koccintó poharak|pohár|ünneplés
🥃|alkohol|feles|ital|pia|pohár|szeszes ital|tömény|whisky
🫗|ital|kiönt|ömlő folyadék|pohár|üres
🥤|dzsúz|ital|ivólé|papírpohár|pohár szívószállal|szénsavas ital|szívószál|szóda|üdítőital
🧋|bubble tea|buborékos tea|étel|gyöngy|ital|tajvan|tea|tej
🧃|édes|gyümölcslé|gyümölcsleves doboz|italos doboz|ivólé|juice|szívószál
🧉|ital|maté
🧊|hideg|jéghegy|jégkocka
🥢|evés|evőpálcika|evőpálcikák|hashi|pálcika
🍽️|kés és villa tányérral|tálalás|tányér|villa
🍴|ebédszünet|éhes|evőeszköz|kaja|kés és villa|tálalás|vacsora|villa
🥄|evés, eszik|evőeszköz|kanál
🔪|eszköz|fegyver|felszerelés|főzés|kés|konyhakés|séf|szakács
🫙|befőttesüveg|fűszer|szósz|tárolás|tároló|üres
🏺|amfora|antik váza|edény|váza|vízöntő
🌍|afrika|európa|európát és afrikát mutató földgömb|földgömb|világ
🌎|amerika|amerikát mutató földgömb|földgömb|földrajz|világ
🌏|ausztrália|ázsia|ázsiát és ausztráliát mutató földgömb|földgömb|földrajz|világ
🌐|délkörök|földgömb délkörökkel|földrajz|internet|világ
🗺️|föld|térkép|világtérkép
🗾|földrajz|japán térképe|térkép
🧭|iránytű|mágneses|navigáció|tájékozódás
🏔️|hegy hótakaróval|hideg|hó
⛰️|hegység
🛘|földrengés|hegy|katasztrófa|lavina|sárlavina|sziklák|veszély
🌋|katasztrófa|kitörés|természet|tűzhányó|vulkánkitörés
🗻|fudzsi-hegy|hegy
🏕️|kempingezés|sátorozás
🏖️|homok|napernyő|strand napernyővel|tengerpart
🏜️|kaktusz|sivatag
🏝️|lakatlan sziget|pálmafa|sivatag|sziget
🏞️|nemzeti park|park|védett terület
🏟️|sportlétesítmény|stadion
🏛️|épület|klasszikus|múzeum|régi
🏗️|daru|építés|építkezés
🧱|agyag|fal|habarcs|malter|téglafal|téglák
🪨|kemény|kőszikla|nehéz|szikla
🪵|faanyag|farönk|rönk
🛖|ház|jurta|kunyhó|lak|otthon
🏘️|családi ház|épület|ház|lakóházak
🏚️|elhagyatott|épület|ház|romos
🏠|családi ház|épület|ház|hétvégi ház|lakóház|otthon|vidéki ház
🏡|családi ház|épület|ház kerttel|hétvégi ház|kertes ház|lak|nyaraló|otthon|vidéki ház
🏢|épület|irodaépület|munkahely
🏣|épület|japán postahivatal|posta
🏤|épület|európai|postahivatal
🏥|doktor|épület|gyógyítás|kórház|orvos
🏦|bank|épület
🏨|épület|hotel
🏩|épület|love hotel|szálló szerelmeseknek|szálloda|szerelmi fészek
🏪|bolt|éjjel-nappali|épület|kisbolt|non-stop
🏫|épület|iskola
🏬|áruház|boltok|épület
🏭|épület|gyár
🏯|épület|japán|kastély
🏰|épület|európai|kastély|vár
💒|épület|esküvő|kápolna|romantika
🗼|tokiói torony|torony
🗽|new york|szabadság-szobor|szobor
⛪|épület|keresztény|templom|vallás
🕌|iszlám|mecset|mohamedán|muszlim|vallás
🛕|hindu|templom
🕍|judaizmus|szentély|templom|vallás|zsidó|zsinagóga
⛩️|japán|sintó|szentély|vallás
🕋|fekete|iszlám|kába|kő|kocka|mohamedán|muszlim|vallás
⛲|szökőkút
⛺|kempingezés|sátor|szállás
🌁|időjárás|ködös
🌃|csillag|derült idő|éjszaka csillagokkal|épület|város
🏙️|éjszaka|épületek|városkép
🌄|hajnal|hegyek mögött felkelő nap|napfelkelte|napkelte|reggel
🌅|felkelő nap|hajnal|napfelkelte|napkelte|reggel
🌆|alkonyat|épület|este|naplemente|napnyugta|városkép alkonyatkor
🌇|alkonyat|épületek|lemenő nap|naplemente|város
🌉|éjszaka|híd
🎠|játék|körhinta|ló a körhintáról|szórakozás|vidámpark
🛝|csúszda|játék|játszótéri csúszda|vidámpark
🎡|játék|kerék|óriáskerék|vidámpark
🎢|hullámnvasút|hullámvasút|játék|vidámpark
💈|borbély|cégér|fodrászcégér|hajvágás
🎪|cirkuszsátor|sátor
🚂|gőzmozdony|jármű|játékmozdony|játékvasút|közlekedés|mozdony|utazás|vasút|vonat
🚃|elektromos|kocsi|közlekedés|vasúti kocsi|villamos|vonat
🚄|gyorsvasút|gyorsvonat|jármű|közlekedés|személyszállítás|vasút
🚅|golyóorrú gyorsvasút|gyorsvonat|jármű|közlekedés|nagysebességű|sebes|személyszállítás|vasút|vonat
🚆|jármű|közlekedés|vasút|vonat
🚇|földalatti|jármű|közlekedés|metró|utazás
🚈|hév|jármű|közlekedés|metró|vasút
🚉|állomás|jármű|közlekedés|vasút|vonat
🚊|hév|jármű|közlekedési eszköz|metró|nagyvárosi közlekedés|személyszállítás|villamos
🚝|egysínű vasút|jármű|közlekedési eszköz|személyszállítás|vasút|vonat
🚞|hegyi vasút|jármű|kocsi|közlekedés|vasút
🚋|jármű|kocsi|közlekedés|villamoskocsi
🚌|busz|jármű|közlekedés
🚍|busz|érkezés|érkező busz|jármű|közlekedés
🚎|busz|jármű|közlekedés|trolibusz
🚐|busz|jármű|kisbusz|közlekedés|mikrobusz|minibusz|teherautó|vezet
🚑|jármű|közlekedés|mentőautó
🚒|jármű|közlekedés|tűzoltóautó|tűzoltóság
🚓|autó|jármű|járőrautó|közlekedés|rendőrautó|rendőrség
🚔|autó|érkező|jármű|járőrautó|közlekedés|rendőrautó|rendőrség
🚕|autó|jármű|közlekedés|személyszállítás|taxi
🚖|érkező|jármű|közlekedés|személyszállítás|taxi
🚗|autó|jármű|kocsi|közlekedés|vezetés
🚘|autó|érkező|jármű|kocsi|közlekedés|vezet
🚙|autó|jármű|közlekedés|lakókocsi|suv|szabadidő-autó|szabadidőautó|terepjáró|utcai terepjáró|városi terepjáró|vezet
🛻|autó|furgon|kisteherautó|kocsi|pick-up|pickup|szállítás
🚚|autó|jármű|költözés|költöztetés|közlekedés|szállítás|teherautó|teherfuvarozás
🚛|autó|billenős teherautó|fuvaroz|jármű|kamion|költözik|költöztetés|közlekedés|szállítás|teherautó|teherfuvarozás|vezet
🚜|jármű|traktor
🏎️|autó|forma-1|közlekedés|versenyautó|versenyzés
🏍️|közlekedési eszköz|motorkerékpár|sport|versenyzés
🛵|jármű|közlekedés|motor|robogó|vespa
🦽|akadálymentesség|kerekesszék|kézi hajtású kerekesszék|tolókocsi|tolószék
🦼|akadálymentesség|kerekesszék|motoros kerekesszék
🛺|motoros riksa|riksa|tuk tuk
🚲|biciklis|biciklizik|jármű|kerékpáros|kerékpározik|közlekedés|spinning|sport|tekerés
🛴|közlekedés|roller
🛹|deszka|deszkás|gördeszka|kerék|kerekek
🛼|görkorcsolya|görkori|kori|sport
🚏|buszmegálló|megálló
🛣️|autópálya|autóút|főút|országút|pálya|út
🛤️|sín|vágány|vasúti sín|vonat
🛢️|hordó|olajoshordó
⛽|benzinkút|dízel|kút|tankolás|töltőállomás|üzemanyag
🛞|abroncs|felni|fordul|gumiabroncs|kerék|kör
🚨|autó|forgó|jármű|lámpa|mentő|rendőrautó villogója|riaszt|sziréna|tűzoltó|vészhelyzet|villogó
🚥|kereszteződés|közlekedési|lámpa|vízszintes közlekedési lámpa
🚦|függőleges közlekedési lámpa|kereszteződés|közlekedési|lámpa
🛑|nyolcszög|stoptábla
🚧|közlekedés|sorompó|útépítés
🛟|biztonság|életmentő|lebeg|megment|mentőöv
⛵|hajó|jacht|közlekedés|tenger|vitorlás|vitorlázik|vízi jármű
🛶|csónak|evezés|evezőlapát|kenu|közlekedés|lapát|sport
🚤|csónak|hajó|kishajó|közlekedés|motorcsónak|motoros siklócsónak|vízi jármű
🛳️|csónak|hajó|jármű|közlekedés|utasszállítás|utasszállító hajó|vízi jármű
⛴️|hajó|komp|közlekedés|utasszállítás
🛥️|csónak|hajó|jacht|közlekedés|motorcsónak|utasszállítás
🚢|hajó|közlekedés|óceánjáró|utasszállítás|utazás|vízi jármű
🛩️|kisrepülő|közlekedés|légi jármű|repülőgép|személyszállítás
🛫|felszállás|indulás|jármű|közlekedés|légi jármű|repülőgép indulása|utasfelvétel
🛬|érkezés|közlekedés|légi jármű|leszállás|repülőgép érkezése
🪂|ejtőernyő|siklóernyő
💺|szék|ülés
🚁|helikopter|jármű|közlekedés|légi jármű|utazás
🚟|függővasút|jármű|közlekedés|vasút
🚠|hegyi felvonó|jármű|kábelvasút|közlekedés|sílift
🚡|jármű|kábelvasút|kötélpálya|kötélpályás felvonó|közlekedés|levegő
🛰️|jármű|műhold|szatelit|szatellit|űr
🚀|jármű|közlekedés|rakéta|űrutazás
🛸|földönkívüli|idegenek|marslakó|repülő csészealj|ufo|ufó
🛎️|csengő|londinerhívó csengő|szálloda
🧳|bőrönd|csomagolás|gurulós|poggyász|utazás
⌛|homokóra|idő|lejárt homokóra|letelt|óra
⏳|homokóra csordogáló homokkal|idő|lejár|letelik|nem lejárt homokóra|telik|várakozás
⌚|idő|karóra|óra
⏰|ébresztés|ébresztőóra|idő|óra|vekker
⏱️|óra|stopperóra
⏲️|időzítő|óra|visszaszámlálás|visszaszámláló óra
🕰️|óra|régies óra
🕛|00|12:00|dél|egész óra|éjfél|óra|tizenkét óra|tizenkettő
🕧|12:30|30|fél egy|harminc|idő|óra|tizenkettő
🕐|00|1:00|egész óra|egy|idő|óra
🕜|1:30|30|egy|fél kettő|harminc|idő|óra
🕑|00|2:00|egész óra|idő|két óra|kettő|óra
🕝|2:30|30|fél három|harminc|idő|kettő|óra
🕒|00|3:00|egész óra|három|idő|óra
🕞|3:30|30|fél négy|harminc|három|idő|óra
🕓|00|4:00|egész óra|idő|négy|óra
🕟|30|4:30|fél öt|harminc|idő|négy|óra
🕔|00|5:00|egész óra|idő|óra|öt
🕠|30|5:30|fél hat|harminc|idő|óra|öt
🕕|00|6:00|egész óra|hat|idő|óra
🕡|30|6:30|fél hét|harminc|hat|idő|óra
🕖|00|7:00|egész óra|hét|óra
🕢|30|7:30|fél nyolc|harminc|hét|idő|óra
🕗|00|8:00|egész óra|idő|nyolc|óra
🕣|30|8:30|fél kilenc|harminc|idő|nyolc|óra
🕘|00|9:00|egész óra|kilenc|óra
🕤|30|9:30|fél tíz|harminc|idő|kilenc|óra
🕙|00|10:00|egész óra|idő|óra|tíz
🕥|10:30|30|fél tizenegy|harminc|idő|óra|tíz
🕚|00|11:00|egész óra|óra|tizenegy
🕦|11:30|30|fél tizenkettő|harminc|idő|óra|tizenegy
🌑|ég|éjszaka|holdfázisok|sötétség|újhold|űr
🌒|ég|éjszaka|holdfázisok|kifli|növő, kifli alakú hold|növő, sarló alakú hold|sarló alakú hold|űr
🌓|ég|éjszaka|első negyedben lévő hold|holdfázisok|negyed
🌔|domború|ég|éjszaka|holdfázisok|növő domború hold|űr
🌕|ég|éjszaka|holdfázisok|telihold|űr
🌖|domború|ég|éjszaka|fogyó domború hold|holdfázisok|homorú
🌗|ég|éjszaka|holdfázisok|utolsó negyedben lévő hold
🌘|ég|fogyó, kifli alakú hold|fogyó, sarló alakú hold|holdfázisok|kifli alakú hold|sarló alakú hold
🌙|ég|éjszaka|holdfázisok|kifli alakú hold|növekvő hold|sarló
🌚|arc|ég|holdfázisok|új hold arccal|újhold arccal
🌛|arc|ég|éjszaka|első negyedben lévő hold arccal|holdfázisok
🌜|arc|ég|éjszaka|holdfázisok|utolsó negyedben lévő hold arccal
🌡️|hőmérő|időjárás
🌝|arc|ég|éjszaka|holdfázisok|telihold arccal
🌞|arc|égitest|hőség|időjárás|nap arccal|napfény|napos|strand
🪐|bolygó|gyűrűs bolygó|szaturnusz
⭐|csillag|közepes fehér csillag
🌟|csillag|csillogás|éjszaka|fényes|fénylő csillag
🌠|csillaghullás|ég|hullócsillag
🌌|csillagrendszer|tejútrendszer|űr|világűr
⛅|felhős|időjárás|nap egy felhő mögött
⛈️|eső|felhő villámmal és esővel|felhőszakadás|időjárás|mennydörgés|villámlás
🌤️|felhő|időjárás|nap egy kis felhő mögött|napos
🌥️|felhős|időjárás|nap egy nagy felhő mögött
🌦️|eső|felhő|időjárás|nap a felhő mögött esővel
🌧️|esik|esőfelhő|felhő esővel|felhőszakadás|időjárás
🌨️|felhő hóval|havazik|hideg|hó|időjárás
🌩️|felhő villámmal|időjárás|villámlik
🌪️|felhő|forgószél|hurrikán|időjárás|szél|tornádó
🌫️|felhő|időjárás|köd
🌬️|arc|fúj|időjárás|szélarc|szeles
🌀|ciklon|hurrikán|időjárás|tájfun
🌈|aszexuális|biszexuális|büszkeség|eső|homoszexuális|időjárás|interszexuális|kérdéses|kíváncsi|leszbikus|lgbt|lmbt|meleg|omniszexuális|pánszexuális|szivárvány|természet|transznemű|transzszexuális
🌂|becsukott esernyő|ernyő|esernyő|eső|időjárás|kiegészítő
⛱️|ernyő a földön|eső|időjárás|napernyő|nyár|strand
⚡|magasfeszültség|nagyfeszültség|veszély|vihar|villámlás
⛄|hideg|hóember hó nélkül|időjárás|tél
🔥|ég|felgyullad|forró|gyúlékony|gyullad|láng|meleg|perzsel|tűz
💧|csepp|hideg|időjárás|izzadság|képregény|könnycsepp|szomorú|vicces|víz
🌊|hullám a vízen|időjárás|óceán|tenger|vízhullám
🎃|halloween|töklámpa|töklámpás|ünnepi hangulat|ünneplés
🎄|fa|fenyőfa|karácsonyfa|ünnepi hangulat|ünneplés
🎆|tűzijáték|ünnepi hangulat|ünneplés
🎇|csillagszóró|tűzijáték|ünnepi hangulat|ünneplés
🧨|dinamit|fény|petárda|pukkan|robbanószer|szikra|tüzijáték|tűzijáték
🎈|léggömb|lufi, születésnap, ünnepel|ünnepi hangulat|ünneplés
🎉|bulizik|konfetti|partikellékek|partizik|party|szerpentin|szilveszter|születésnap|ünnepel|ünnepi hangulat|ünneplés
🎊|buli|konfetti|parti|party|születésnap|ünnepi hangulat|ünneplés
🎋|fa|japán|tanabata ünnepi fa|ünnepi hangulat|ünneplés
🎍|bambusz|fenyődekoráció|japán|növény|ünnepi hangulat|ünneplés
🎎|baba|figura|japán babák|ünnepi hangulat|ünneplés
🎏|hal|lobogó|ponty|rizspapír pontyok|ünnepi hangulat|ünneplés
🎐|csengő|harangjáték|szélcsengő|szélharang|ünnepi hangulat|ünneplés
🎑|holdünnep|ünnepi hangulat|ünneplés
🧧|ajándék|hong bao|hóngbāo|lai see|pénz|piros boríték|szerencsehozó
🎀|masni|szalag|ünnepi hangulat|ünneplés
🎁|ajándék|becsomagolt|doboz|karácsony|meglepetés|születésnap|ünnepi hangulat|ünneplés
🎗️|emlékezés|emlékező szalag|megemlékezés|sárga szalag|szalag
🎟️|belépőjegyek|jegy
🎫|belépőjegy|jegy
🎖️|érem|katonai|kitüntetés|medál|megemlékezés
🏆|díj|győzelem|győzni|győztes|kupa|sport|trófea|verseny
🏅|aranyérem|érem|győztes|medál|sportérem
🥇|aranyérem|első|érem|medál
🥈|érem|ezüstérem|második
🥉|bronzérem|érem|harmadik|medál
⚽|focilabda|futball|labdarúgás|sport
⚾|baseball-labda|labda|sport
🥎|baseball|kar alatti dobás|kesztyű|labda|softball|sportok
🏀|kosárlabda|labda|sport
🏐|játék|labda|röpi|röplabda|sport
🏈|amerikai foci, sport, super bowl|amerikai futball|amerikaifoci-labda|labda
🏉|labda|rögbilabda|sport
🎾|labda|sport|teniszlabda
🥏|frizbi|korong|repül|ultimate
🎳|bowling|golyó|játék|sport
🏏|játék|krikett|labda|sport|ütő
🏑|bot|gyeplabda|hoki|játék|labda|sport|ütő
🏒|hokiütő és korong|jéghoki|jégkorong|korong|labda|sport|ütő
🥍|bot|gól|kapu|labdajáték|lacrosse|sport|ütő
🏓|asztalitenisz|labda|pingpong|sport|ütő
🏸|játék|labda|sport|tollaslabda|ütő
🥊|bokszkesztyű|boxkesztyű|kesztyű|sport
🥋|cselgáncs|dzsúdó|egyenruha|harcművészet|judo|karateruha|ruha|sport|taekwondo
🥅|háló|kapu|sport
⛳|golf|lyuk|sport|zászló a lyuknál
⛸️|jégkorcsolya|korcsolya|korcsolyázik|kori|sport|téli sport
🎣|bot|hal|hobbi|horgászbot|horgászik|horogra akadt|pecabot|pecázik|sport|szabadidő
🤿|búvárkodás|búvármaszk|búvárszemüveg|merülés|szabadtüdős merülés
🎽|atlétika|futás|futómez|mez|trikó
🎿|hó|síelés|sílécek|sport|téli sportok
🛷|szán, szánkó, szánkózás, szánkózik, tobogán, lesiklás, hó, sport|szánkó
🥌|csapatjáték|csúszókorong|curlingkő|játék|jégteke|kő|sport|téli sport
🎯|bullseye|céltábla|darts|játék|szórakozás|találat|telitalálat
🪀|játék|jojózik
🪁|papírsárkány|repül|sárkányrepülő|szárnyal
🔫|fegyver|játékpisztoly|kézifegyver|pisztoly|revolver|vízipisztoly
🎱|8-as|biliárdgolyó|golyó|játék
🔮|gömb|jóslás|jósnő|jövendőmondás|jövő|kristálygömb|mese
🪄|boszi|boszorkány|mágus|pálca|varázslat|varázsló|varázspálca
🎮|játék|kontroller|konzol|playstation|szórakozás|videojáték|xbox
🕹️|játék|joystick|videojáték
🎰|félkarú rabló|játékgép|nyerőgép|pénzbedobós|szerencsejátékot űz
🎲|dobókocka|játék|kocka|társasjáték
🧩|darab|illeszkedik|illeszkedő|kirakó|nyom|összekapcsolódó|puzzle
🧸|játékmackó|játszótárs|mackó|medve|plüssmaci|plüssmackó|tömött
🪅|buli|cukor|édesség|mexikó|pinyáta|ünnepség
🪩|buli|csillám|diszkógömb|tánc|tükörgömb
🪆|baba|bábuska|egymásba rakható|matrjoska|orosz
♟️|feláldozható|gyalog|paraszt|sakk
🃏|dzsóker|francia kártya|játék|joker|kártya
🀄|játék|kínai|madzsong vörös sárkány|vörös
🎴|japán|játék|kártya|virágos kártyajáték
🎭|előadás|előadóművészetek|játék|kikapcsolódás|maszkok|művészet|színész|színház|szórakozás
🖼️|bekeretezett kép|festmény|galéria|kép kerettel|keret|műalkotás|művészet|múzeum
🎨|festészet|festőpaletta|galéria|hobbi|kreatív|művészet|múzeum|paletta|színes
🧵|cérna|fonal|madzag|orsó|tű|varrás
🪡|cérna|hímzés|öltés|szabászat|tű|varrás|varrat|varrótű
🧶|fonal|fonál|gombolyag|horgolás|kötés|kötöget
🪢|csomó|hurok|kötél|madzag|tengerészcsomó|zsineg
👓|kiegészítő|szemüveg|viselet
🕶️|kiegészítő|napszemüveg|sötét|szemüveg
🥽|búvárszemüveg|hegesztés|hegesztőszemüveg|merülés|szemüveg|szemvédelem|szemvédő|úszás|védőszemüveg
🥼|doktor|dr|fehér köpeny|kísérlet|köpeny|laboratóriumi köpeny|laborköpeny|orvosi köpeny|ruha|tudós
🦺|biztonság|láthatósági mellény|mellény|mentőmellény|vészhelyzet
👔|elegancia|hivatalos|ing nyakkendővel|komoly|nyakkendő|ruházat
👕|alkalmi|galléros póló|ing|kék póló|póló|ruha|ruházat
👖|farmernadrág|nadrág|ruha|ruházat|vásárlás
🧣|hideg|nyak|ruházat|sál
🧤|kesztyű, kék kesztyű, kéz|kéz
🧥|dzseki|hideg|kabát|ruházat|télikabát
🧦|harisnya|zokni
👗|ruha|ruházat|vásárlás
👘|japán|kimonó|ruha|ruházat
🥻|indiai ruha|ruha|ruházat|szári
🩱|egyrészes fürdőruha|fürdőruha
🩲|alsónadrág|egyrészes|fürdőgatya|fürdőnadrág
🩳|alsó|fürdőgatya|fürdőnadrág|gatya|rövidnadrág
👙|bikini|fürdőruha|medence|ruha|ruházat|úszás
👚|blúz|ing|női ruha|nők|ruha|ruházat
🪭|félénk|forróság|hűtés|legyező|összecsukható kézi legyező|tánc
👛|kiegészítő|női pénztárca|pénztárca|vásárlás
👜|kézitáska|kiegészítő|női táska|táska|vásárlás
👝|kézitáska|kiegészítő|pénztárca|retikül|táska
🛍️|bevásárlótáska|bevásárlótáskák|táska|vásárlás
🎒|hátizsák|iskolatáska|kiegészítő|táska
🩴|flip-flop|lábbeli|lábujjközes papucs|papucs|strandpapucs|szandál|tangapapucs
👞|cipő|férfi|ruha|ruházat|vásárlás
👟|atlétika|cipő|edzőcipő|futás|futócipő|ruha|ruházat|sportcipő|tornacipő
🥾|bakancs|barna cipő|cipő|erdő|hátizsákos túra|hegymászás|kemping|szabad levegő|túrabakancs|túrázás|vadon
🥿|balenira|balerinacipő|balettcipő|belebújós cipő|kényelmes|lapos sarkú cipő|mamusz|mokaszin|papucs
👠|cipő|divat|kiegészítő|magas sarkú cipő|magassarkú|nők|ruha|ruházat|sarok|vásárlás
👡|cipő|kiegészítő|női szandál|nők|ruha|ruházat|szandál
🩰|balettcipő|tánc
👢|csizma|kiegészítő|lábbeli|női csizma|nők|ruha|ruházat
🪮|afro|fésű|fogú|haj|hosszú
👑|fejdísz|kiegészítő|királynő|királyság|korona|középkori
👒|kalap|női kalap|nők|ruha|ruházat
🎩|bűvész|cilinder|elegáns|kalap|ruha|ruházat
🎓|diplomaosztón használt kalap|diplomázás|diplomázik|egyetem|kalap|oktatás|ruha|ruházat|ünneplés
🧢|baseball sapka|baseballsapka|kiegészítő|ruházat|sapka|sildes sapka
🪖|hadsereg|harcos|katonai sisak|katonaság|sisak
⛑️|elsősegély|kereszt|ment|segítség|sisak vörös kereszttel|védősisak|vöröskereszt
📿|gyöngyök|imafüzér|nyaklánc|rózsafüzér|vallás
💄|ajakrúzs|kozmetikum|randevú|randi|rúzs|smink|szépségápolás
💍|ékszer|eljegyez|eljegyzési gyűrű|gyémánt|gyűrű|házasság|jegyben jár|jegyes|lánykérés|megkéri a kezét|romantika
💎|drágakő|ékkő|ékszer|eljegyzés|értékes|esküvő|gyémánt|romantika
🔇|csendes|elnémított hangszóró|hangerő|hangszóró|néma|némított
🔈|hangerő|hangszóró
🔉|hangerő|hangszóró|közepes
🔊|hangos|hangszóró|nagy hangerő|zene
📢|hangosbeszélő|kikiált|közhírré tesz|közlemények|megafon
📣|hangosbeszélő|megafon|szurkolás
📯|kürt|postai|postakürt
🔔|csengő|harang|szünet|templom
🔕|áthúzott harang|csengő|harang|nem csörög|néma|némítás|némított|tilos|tiltott
🎼|g-kulcs|hangjegy|kotta|violinkulcs|zenei kotta
🎵|dallam|hangjegy|zene
🎶|hangjegyek|zene
🎙️|mikrofon|stúdiómikrofon|zene
🎚️|csúszka|hangerő|zene
🎛️|gombok|irányítás|kontroller|poti|potméter|vezérlőgombok|zene
🎤|hangjegyek|karaoke|mikrofon|zene
🎧|fülhallgató|zenehallgatás
📻|rádiókészülék
🎷|hangszer|szaxi|szaxofon|zene
🎺|hangszer|trombita|zene
🪊|hangszer|jazz|rézfúvós|szomorú|zene
🪗|hangszer|harmonika|tangóharmonika|zene
🎸|elektromos gitár|gitár|hangszer|zene
🎹|billentyűzet|hangszer|szintetizátor|zenei billentyűzet|zongora
🎻|hangszer|hegedű|zene
🪕|bendzsó|húros|zene
🥁|dobol|dobverő|hangszer|zene
🪘|dob|hangszer|hosszú dob|konga|ritmus|ütem
🪇|csörgő|hangszer|ráz|rumbatök|ütőhangszer|zene
🪈|blockflöte|fafúvós|fife|furulya|fuvola|zene
🪉|ámor|hangszer|hárfa|szerelem|zenekar
📱|kommunikáció|mobiltelefon|rádiótelefon|telefon
📲|hívás|kommunikáció, hívásfogadás|mobiltelefon nyíllal|nyíl|rádiótelefon|telefon
☎️|telefon
📞|kagyló|telefonkagyló
📟|személyhívó
📠|faxkészülék
🔋|akkumulátor|elem
🪫|alacsony energiaszint|alacsony töltöttség|elektronikus|lemerült akkumulátor
🔌|dugó|elektromos dugó|elektronika|hálózati csatlakozó|villamosság
💻|laptop|munka|notebook|pc|számítógép
🖥️|asztali|monitor|pc|számítógép
🖨️|nyomtató|számítógép
🖱️|3 gombos|egér|három|számítógépes egér
🖲️|hanyattegér, egér|számítógép|trackball
💽|cd|dvd|lemez|minidisc|minidisk|optikai|számítógép
💾|floppylemez|hajlékonylemez|lemez|számítógép
💿|blu-ray|cd|dvd|lemez|optikai|számítógép
📀|blu-ray|cd|dvd|lemez|optikai|számítógép|zene
🧮|abakusz|számítás|számolás|számológép
🎥|felvétel|felvevő|film|kamera|mozi
🎞️|filmkockák|filmtekercs|kocka|kockák|mozi
📽️|filmvetítő|mozi|vetítőgép|videó
🎬|csapó|filmfelvétel|filmforgatás|forgatás|mozi
📺|televízió|tévékészülék|tv
📷|fényképezőgép|fotó|kamera|utazás
📸|fényképező vakuval|fényképezőgép|kamera|vaku|videó
📹|kamera|videók|videokamera
📼|kazetta|szalag|vhs|videó|videokazetta
🔍|balra mutató nagyító|keresés|lencse|nagyító|nyomozó
🔎|jobbra mutató nagyító|keresés|lencse|nagyító
🕯️|gyertya|világítás
💡|fény|képregény|ötlet|világítás|villanykörte
🔦|elektronikus|elemlámpa|fény|világítás|zseblámpa
🏮|bár|étterem|fény|japán|lámpa|lámpás|piros papírlámpa
🪔|diya|lámpa|olajlámpa
📔|borító|díszes|díszkötés|egyetem|füzet|iskola|jegyzetfüzet díszkötésben|könyv|oktatás|olvasás|tanulás
📕|becsukott könyv|csukott|egyetem|iskola|könyv|oktatás|olvasás|piros könyv|tanulás|tudás
📖|iskola|könyvtár|nyitott|oktatás|olvas|tanul|tudás
📗|iskola|könyvtár|kötet|oktatás|olvasás|regény|tanulás|zöld
📘|egyetem|iskola|kék|könyvtár|oktatás|olvasás|tanulás
📙|egyetem|iskola|könyvtár|narancssárga|oktatás|olvasás|tanulás
📚|iskola|könyvek|könyvtár|oktatás|olvasás|regény|tanulás|tanulmányok|tudás
📓|füzet|jegyzetek|jegyzetfüzet
📒|főkönyv|füzet|jegyzetfüzet|könyv|notesz|spirálos füzet
📃|csavarodik|csavarodó|dokumentum|kunkorodik|kunkorodó lap|lap|oldal
📜|papírtekercs|pergamen|tekercs
📄|dokumentum|felfelé néző oldal|lap|oldal
📰|hírek|újságos
🗞️|feltekert|papír|újság
📑|fülek|jelzés|könyvjelzők
🔖|könyvjelző
🏷️|árcédula|cédula|címke
🪙|arany|dollár|érme|euró|ezüst|fém|kincs|pénz
💰|bank|dollár|drága|fizet|gazdag|nyer|pénzeszsák|zsák
🪎|arany|drágakő|ékszerek|érték|ezüst|gazdagság|jutalom|pénz|zsákmány
💴|bankjegy|bankó|jen|köteg|papírpénz|pénznem|valuta
💵|bankjegy|bankó|dollár|köteg|papírpénz|pénznem|valuta
💶|bankjegy|bankó|euró|gazdag|papírpénz|pénznem|valuta
💷|bankjegy|bankó|font|gazdag|készpénz|papírpénz|pénznem|valuta
💸|bankjegy|bankó|dollár|fizet|készpénz|kifizet|papírpénz|pénz szárnyakkal|repülés|szárnyak
💳|bankkártya|fizet|hitelkártya|kártya
🧾|bizonyíték|bizonylat|könyvelés|nyugta|pénzügyek|számla|számvitel
💹|bank|diagram|emelkedés|felfelé|jen|növekedés|növekvő jendiagram|pénznem|piac|trend|valuta
📧|e-mail|email|levél
📨|beérkező|bejövő|boríték|e-mail|fogadás|kézbesíteni|küldött|levél|posta
📩|boríték nyíllal|e-mail|elküldött|kimenő|levél|nyíl|posta
📤|doboz|e-mail|elküldött|email|kimenő|levél|posta|tálca
📥|beérkező|doboz|e-mail|email|fogadás|levél|posta|tálca
📦|csomag|doboz|szállítás
📫|csukott levelesláda felemelt zászlóval|levél|levelesláda|postaláda
📪|csukott levelesláda leengedett zászlóval|leengedett|levél|levelesláda|postaláda|zárt
📬|felemelt|levél|levelesláda|nyitott levelesláda felemelt zászlóval|postaláda|postás
📭|leengedett|levél|levelesláda|nyitott levelesláda leengedett zászlóval|postaláda|postás
📮|doboz|levél|levelesláda|postaláda
🗳️|doboz|szavazás|urna szavazólappal
✏️|ceruza|írószer|iskola
🖋️|írószer|toll|töltőtoll
🖊️|golyóstoll|írószer|toll
🖌️|ecset|festés|írószer|toll|töltőtoll
🖍️|rajz|zsírkréta
📝|ceruza|feljegyzés|jegyzet|lap|üzenet
💼|aktatáska|iroda
📁|fájlmappa|mappa
📂|dosszié|fájl|mappa|nyitott fájlmappa
🗂️|elválasztók|kartotékelválasztók|katalógus
📅|dátum|naptár
📆|fali naptár|falinaptár|naptár
🗒️|jegyzetfüzet|jegyzettömb|notesz|spirálfüzet|tömb|üzenet
🗓️|naptár|spirálos naptár|tömb
📇|forgó|kártya|névjegykártyatartó|rolodex|tartó
📈|adat|diagram|emelkedés|emelkedő|felfelé|gráf|növekedés|növekvő diagram|trend
📉|adat|csökkenés|csökkenő diagram|diagram|esik|gráf|lefelé|negatív|trend
📊|ábra|adat|diagram|grafikon|oszlopdiagram|sáv
📋|írótábla|jegyzetek
📌|irodaszer|iskola|rajzszög
📍|cím|helyzet|kerek rajzszög|kitűz|rajzszög|térkép
📎|gemkapocs|irodaszer|papírkapocs
🖇️|gemkapcsok|kapcsolódás|összekapcsolt gemkapcsok
📏|egyenes|felszerelés|iskola|matek|matematika|mérés|vonalzó
📐|derékszögű|háromszögvonalzó|matek|matematika|szög|vonalzó
🗃️|akták|doboz|kartotékdoboz
🗄️|akták|iratok|iratszekrény|irattár|iroda|szekrény
🗑️|papírkosár|szemeteskosár
🔒|lakat|zárt|zárva
🔓|kinyitás|lakat|nyitott lakat|nyitva
🔏|adatvédelem|lakat tollal|tinta|toll|töltőtoll|zár
🔐|biztonságos|kulcs|lakat|zárt lakat kulccsal|zárva
🔑|jelszó|kulcs
🗝️|kulcs|öreg kulcs|régi kulcs|zár
🔨|javít|kalapács|szerel|szerszám
🪓|balta|favágás|fejsze|szekerce|vágás
⛏️|bányászat|csákány|szerszám
🛠️|csavarkulcs|javít|kalapács és csavarkulcs|szerel|szerszám|villáskulcs
🗡️|fegyver|kés|szúrás|tőr
💣|bomba|képregény|robbanás|veszélyes
🪃|ausztrália|bumeráng|fegyver|visszajön|visszarepül
🏹|fegyver|íj és nyíl|nyíl|nyilas|sport
🛡️|fegyver|pajzs
🪚|ács|asztalos|fa|fűrész|rókafarkú|szerszám|vágás
🔧|csavarkulcs|szerel|szerszám|villáskulcs
🪛|csavarhúzó|ezermester|laposfejű|szerszám
🔩|anya|csavar és anya|szerel|szerszám
🗜️|satu|szerszám
🦯|akadálymentesség|fehér bot|vak
🔗|kapocs|láncszem
⛓️‍💥|bilincs|elszakadt lánc|elszakít|lánc|szabadság|szakítás
⛓️|láncszemek
🪝|csapda|fogás|horog|kampó
🧰|barkácsolás|doboz|láda|piros doboz|szerelő|szerszámok|szerszámos doboz|szerszámos láda|szerszámosláda
🧲|mágneses|negatív|patkómágnes|pozitív|vonzás|vonzódás
🪜|fok|létrafok|mászás
🪏|ásó|elás|hó|kert|lapát|lyuk|ültet
🧪|kémcső|kémia|kísérlet|laboratórium|tudomány|vegyészet|vegyi anyag|vegyipar
🧫|baktérium|biológia|biológus|laboratórium|petri-csésze|tenyészet|tenyésztés
🧬|biológia|biológus|dns|élet|evolúció|fejlődés|gének|genetika|tudomány
🔬|biológia|eszköz|felszerelés|kísérlet|laboratórium|mikroszkóp|tudomány
🔭|csillagászat|eszköz|felszerelés|távcső
📡|antenna|műhold|parabola antenna|parabolaantenna|tányér
💉|eszköz|fecskendő|injekciós tű|orvos|véradás|vérvétel
🩸|gyógyszer|menstruáció|sebesülés|sérülés|véradás|vércsepp|vérvétel|vérzés
💊|betegség|doktor|gyógyszer|kapszula|orvos|pirula|tabletta|vitamin
🩹|kötszer|ragtapasz|seb|tapasz
🩼|bot|fogyatékosság|mankó|mozgássegítő|sérülés|sétapálca
🩺|gyógyszer|orvos|szívhang|sztetoszkóp
🩻|csontok|csontváz|orvosi|röntgenkép
🚪|ajtó
🛗|akadálymentesítés|felvonó|lift
🪞|smink|tükör|tükröződés|visszaverődés
🪟|ablak|átlátszó|friss levegő|keret|kilátás|nyílás
🛏️|ágy|alvás|hotel|szálloda
🛋️|kanapé és lámpa|lámpa|szálloda
🪑|szék|ülés
🚽|mosdó|toalett|vécé|wc
🪠|dugulás|kaki|pumpa|vécépumpa|vízvezeték-szerelő|wc-pumpa
🚿|vízsugár|zuhanyzik|zuhanyzó
🛁|fürdés|fürdőkád
🪤|csalétek|csali|csapda|egércsapda|egérfogó|sajt
🪒|borotva|borotválkozik|éles|leborotvál|megborotválkozik
🧴|hidratáló|krémes flakon|naptej|napvédő krém|sampon|testápoló
🧷|biztosítótű|biztostű|pelenka|punk rock
🧹|boszorkány|seper|sepreget|seprés|seprű|söpör|takarítás|tisztítás
🧺|gazdálkodás|kosár|mosás|növénytermesztés|piknik|szennyes|tanya
🧻|papírhenger|papírtekercs|papírtörlő|papírtörölköző|vécépapír|wc-papír
🪣|felmosóvödör|vödör
🧼|buborék|darab|fürdés|szappanhab|szappantartó|tisztálkodás|tisztaság|zuhany
🫧|böfi|buborékok|szappanbuborékok|tiszta|víz alatti
🪥|fogak|fogászat|fogkefe|fogmosás|fürdőszoba|higiénia|kefe|tisztítás
🧽|felszív|lyukacsos|nedvszívó|porózus|szivacs|takarít|tisztítás
🧯|elfojt|elolt|tüzet olt|tűzoltó készülék
🛒|bevásárlás|bevásárlókocsi|élelmiszer áruház|kocsi|közért|shopping|szupermarket|vásárlás
🚬|cigaretta|cigi|dohányzás
⚰️|halál|koporsó|temetés|vámpír
🪦|fejfa|halál|rip|sírkő|temető
⚱️|halál|halotti urna|hamvak|hamvasztás|temetés|urna
🧿|amulett|bűbáj|gonoszűző|gyöngy|kék|nazar|rontás|szem|talizmán
🪬|amulett|fatima|hamsza|kéz|mária|mirjam|védelem
🗿|arc|japán|kőarc|moai|szobor
🪧|demonstráció|sztrájk|tábla|transzparens|tüntetés
🪪|azonosító|biztonság|engedély|hitelesítő adatok|igazolvány|személyi igazolvány
🏧|atm-jel|automata|bankautomata|készpénz|kiadó|pénzfelvétel
🚮|környezettudatosság|szemét a kukában szimbólum|szemetes
🚰|fogyasztható víz|iható|ivóvíz|víz
♿|akadálymentesség|kerekesszék|mozgássérült|rokkant
🚹|férfi mosdó|férfiak|férfimosdó|mosdó|toalett|vécé|wc
🚺|mosdó|női mosdó|nők|toalett|vécé|wc
🚻|mosdó|toalett|vécé|wc
🚼|baba szimbólum|kisbaba|pelenkázó
🚾|mellékhelyiség|mosdó|toalett|vécé|wc
🛂|ellenőrzés|utazás|útlevél-ellenőrzés
🛃|ellenőrzés|poggyász átvizsgálása|vám|vizsgálat
🛄|csomag|felvétel|poggyászfelvétel|repülő|utazás
🛅|csomagmegőrző|megőrzés|poggyászmegőrző
⚠️|figyelem|figyelmeztetés
🚸|átkelő gyermekek|gyalogos-átkelőhely|gyalogosok|gyermekek|iskola|közlekedési tábla|kresz-tábla
⛔|behajtani tilos|behajtás|forgalom|közlekedési tábla|kresz-tábla|nincs behajtás|tilos|tiltott
🚫|behajtani tilos|behajtás|frogalom|közlekedési tábla|kresz-tábla|nincs behajtás|tábla|tilos|tiltott
🚳|bicikli|kerékpározni tilos|tilos|tiltott
🚭|cigaretta|dohányozni tilos|dohányzás|tilos|tiltott
🚯|szemét|szemetelés|szemetelni tilos|tilos|tiltott
🚱|ivás|ivóvíz|nem iható|tilos|tiltott|víz
🚷|gyalogos|nem gyalogos zóna|tilos|tiltott
📵|mobiltelefon használata tilos|telefon|tilos|tiltott
🔞|18 év alatt tilos|18-as karika|kiskorú|korhatár|szám|tilos|tiltás|tiltott|tizennyolc
⬆️|égtáj|észak|felfelé mutató nyíl|gomb|irány|nyíl
➡️|égtáj|irány|jobbra mutató nyíl|kelet|nyíl
⬇️|dél|égtáj|irány|lefelé mutató nyíl|nyíl
⬅️|balra mutató nyíl|égtáj|irány|nyíl|nyugat
↩️|balra görbülő jobb nyíl|nyíl
↪️|jobbra görbülő bal nyíl|nyíl
🔃|frissítés gomb|nyíl|óramutató járásával megegyező irányú függőleges nyilak|újratöltés
🔄|csavar|frissítés gomb|megint|nyíl|óramutató járásával ellentétes irányú nyilak gombja|teker|újból
🔙|nyíl|vissza nyíl|visszafelé
🔚|nyíl|vége
🔛|bekapcsolva|jelzés|nyíl
🔜|hamarosan|jön|nyíl|pill.
🔝|csúcsra nyíl|felfelé|nyíl|top
🛐|imádkozik|imahely|vallás
⚛️|ateista|atom szimbólum
🕉️|hindu|om|vallás
☯️|jang|jin-jang|taoizmus|vallás
✝️|kereszténység|latin kereszt|vallás
☪️|csillag és félhold|iszlám|muszlim|vallás
☮️|békejel|békés|szimbólum
🕎|gyertyatartó|hanuka|judaizmus|menóra|vallás|zsidó
🔯|csillag|hatágú csillag ponttal|judaizmus|szerencse|vallás|zsidó
🪯|khanda|szikh|vallás
♊|horoszkóp|ikrek csillagjegy
♋|csillagjegy|horoszkóp|rák
♌|horoszkóp|oroszlán csillagjegy
♍|horoszkóp|szűz csillagjegy
♎|horoszkóp|mérleg csillagjegy
♏|horoszkóp|skorpió csillagjegy
⛎|csillagjegy|horoszkóp|kígyótartó
🔀|egymást keresztező nyilak|nyíl|nyilak|véletlenszerű lejátszás gomb
🔁|ismétlés gomb|megint|nyíl|nyilak|óra járásának megfelelően|újból|újra
🔂|egy szám ismétlése gomb|ismétlés egyszer|még egyszer|nyíl|nyilak|óra járásának irányában|óra járásának megegyezően|óra járásának megfelelően|újra
▶️|jobbra nyíl|lejátszás gomb|nyíl
⏩|dupla nyíl|előretekerés gomb|gyors tekerés
⏭️|gomb|következő jelenet|következő szám gomb|nyíl
⏯️|lejátszás vagy szünet gomb|szüneteltetés
◀️|balra nyíl|gomb|háromszög|nyíl|visszajátszás gomb
⏪|dupla nyíl|gyors tekerés|visszatekerés gomb
⏮️|előző jelenet|előző szám|legutóbbi szám gomb|nyíl
🔼|felfelé gomb|gomb|nyíl|piros
⏫|dupla|gomb|gyors felfelé gomb|nyíl
🔽|gomb|lefelé|nyíl|piros
⏬|gomb|gyors lefelé gomb|lefelé|nyíl|piros
⏸️|dupla vonal|függőleges|gomb|szüneteltetés gomb
⏹️|gomb|leállítás|négyzet|stop
⏺️|felvétel|gomb|kör
⏏️|gomb|kiadás|lemez kiadása gomb
🎦|film|kamera|mozi
🔅|fényerő|sötétítés gomb
🔆|fényerő|világosítás gomb
📶|antennasávok|mobiltelefon|térerő
🛜|hálózat|hotspot|internet|kapcsolat|okostelefon|router|számítógép|szélessávú|vezeték nélküli|wi-fi|wifi|wlan
📳|mobiltelefon|rádiótelefon|rezgés|rezgő mód|telefon|tiltott
📴|kikapcsolva|mobiltelefon|rádiótelefon|telefon|tiltott
⚧️|transznemű szimbólum
🟰|egyenlőségjel|matematika|vastag egyenlőségjel
♾️|korlátlan|örökké|univerzális|végtelen
‼️|dupla felkiáltójel|felkiáltás|felkiáltójel|írásjel|központozás
💱|átváltás|bank|pénzváltás|pénzváltó|valuta
💲|dollár|fizet|pénznem|vastag dollárjel
♻️|újrahasznosítás szimbólum
⚜️|anjou-liliom|liliom|lovagok
🔱|embléma|hajó|háromágú szigony|horgony|jel|szigony|vasmacska
📛|jelvény|kitűző|névjegytábla
🔰|a kezdő japán szimbóluma|japán|kezdő|levél|sárga|zöld
⭕|alakzat|kör|nagy, vastag kör|o|piros kör|vastag kör
❌|áthúzásjel|jel|mégse|szorzás|x
❎|áthúzásjel gomb|bekeretezett|jel|négyzet|szoroz|szorzás|x
➰|hurok
➿|dupla|hurok
〽️|jel|részelválasztó|választó
🫟|csepp|festék|folt|folyadék|fröccsenés|kiömlik|rendetlenség|tinta
🔠|abcd|betűk|bevitel|latin|nagybetűs
🔡|abcd|betűk|bevitel|kisbetűs|latin
🔢|1234|bevitel|számbevitel|számok
🔣|bevitel|szimbólumok bevitele
🔤|abc|betűk|bevitel|gomb|latin betűk bevitele
🅰️|a gomb (vércsoport)|gomb|vércsoport|vértípus
🆎|ab gomb (vércsoport)|vércsoport|vértípus
🅱️|b gomb (vércsoport)|gomb|vércsoport|vértípus
🆑|bekeretezett cl rövidítés|cl|gomb
🆒|bekeretezett cool szó|cool|gomb|laza
🆓|bekeretezett free szó|free gomb|ingyenes|szabad
🆔|azonosítás|bekeretezett id rövidítés|id gomb|identitás
Ⓜ️|bekarikázott m betű|kör|metró
🆕|bekeretezett new szó|gomb|new|új
🆖|bekeretezett ng rövidítés|gomb|ng
🅾️|0 gomb (vércsoport)|gomb|vércsoport|vértípus
🆗|bekeretezett ok szó|ok gomb|rendben
🅿️|p gomb|parkolás|parkoló
🆘|gomb|segélykérés|segítség|sos
🆙|up! gomb|fel|jel
🆚|bekeretezett vs rövidítés|ellenfél|kontra|szemben|versus|vs gomb
🈁|itt|bekeretezett itt katakana|japán itt gomb|katakana
🈂️|szervizdíj|szervízköltség|bekeretezett szervízköltség katakana|japán szervizdíj gomb|katakana
🈷️|havi összeg|bekeretezett havi összeg képírásjel|gomb|japán havi összeg gomb|képírásjel
🈶|nem ingyenes|bekeretezett nem díjmentes képírásjel|fizetős|gomb|japán nem ingyenes gomb|képírásjel|nem díjmentes
🈯|foglalt|bekeretezett foglalt képírásjel|japán foglalt gomb|képírásjel
🉐|alkalmi vétel|alku|bekarikázott alku képírásjel|japán alkalmi vétel gomb|képírásjel
🈹|engedmény|bekeretezett engedmény képírásjel|japán engedmény gomb|képírásjel
🈚|díjmentes|ingyenes|bekeretezett díjmentes képírásjel|japán ingyenes gomb|képírásjel
🈲|tiltott|bekeretezett tiltás képírásjel|japán tiltott gomb|képírásjel|tilos
🉑|elfogadás|elfogadható|bekarikázott elfogadás képírásjel|japán elfogadás gomb|képírásjel
🈸|alkalmazás|bekeretezett alkalmazás képírásjel|gomb|japán|képírásjel
🈴|minimális pontszám|bekeretezett megfelelt képírásjel|japán minimális pontszám gomb|képírásjel
🈳|megüresedés|bekeretezett üres képírásjel|japán megüresedés gomb|képírásjel
🈺|működik|bekeretezett működik képírásjel|gomb|japán|képírásjel|nyitva
🈵|megtelt|bekeretezett teli képírásjel|japán megtelt gomb|képírásjel
🔴|alakzat|kör|piros
🟠|kör|narancssárga
🟡|kör|sárga
🟢|kör|zöld
🔵|alakzat|kék|kör
🟣|kör|lila
🟤|barna|kör
⚫|alakzat|fekete kör|geometriai|kör
⚪|alakzat|fehér kör|kör
🟥|négyzet|piros|vörös
🟧|narancssárga|négyzet
🟨|négyzet|sárga
🟩|négyzet|zöld
🟦|kék|négyzet
🟪|lila|négyzet
🟫|barna|négyzet
⬛|alakzat|geometria|nagy fekete négyzet|négyzet
⬜|geometria|nagy fehér négyzet|négyzet
◼️|fekete négyzet|geometria|közepes fekete négyzet|négyzet
◻️|alakzat|geometria|közepes fehér négyzet|négyzet
◾|alakzat|fekete|geometria|kis-közepes fekete négyzet|négyzet
◽|alakzat|geometria|kis-közepes fehér négyzet|négyzet
▪️|alakzat|fekete négyzet|geometria|kis fekete négyzet|négyzet
▫️|alakzat|geometria|kis fehér négyzet|négyzet
🔶|alakzat|geometria|nagy narancssárga rombusz|narancs|rombusz
🔷|alakzat|geometria|kék|nagy kék rombusz|rombusz
🔸|alakzat|geometria|kis narancssárga rombusz|narancs|rombusz
🔹|alakzat|geometria|kék|kis kék rombusz|rombusz
🔺|alakzat|felfelé mutató piros háromszög|fölfelé mutató piros háromszög|geometriai alakzat|háromszög|piros
🔻|alakzat|geometriai|háromszög|lefelé mutató piros háromszög|piros
💠|alakzat|geometriai|gyémánt ponttal|képregény|rombusz ponttal
🔘|gomb|rádiógomb|választógomb
🔳|alakzat|bekeretezett|fehér, négyzet alakú gomb|geometriai|gomb|négyzet alakú gomb
🔲|fekete, négyzet alakú gomb|gomb|négyzet alakú gomb
🏁|autóverseny|cél|forma-1|kockás|sport|versenyzés|zászló
🚩|építkezés|golf|háromszög alakú zászló|piros zászló|posta|zászlórúd
🎌|japán|keresztbe tett zászlók|ünnepi hangulat|ünneplés|zászlók
🏴|halál|lengő fekete zászló|zászló
🏳️|fegyverszünet|lengő fehér zászló|megadás|zászló
🏳️‍🌈|aszexuális|biszexuális|büszkeség|homoszexuális|interszexuális|kérdéses|kíváncsi|leszbikus|lgbt|lmbt|meleg|omniszexuális|pánszexuális|szivárványszínű|transznemű|transzszexuális|zászló
🏳️‍⚧️|transznemű|zászló
🏴‍☠️|fosztogató|jolly roger|kalózzászló|kincs
🇦🇩|andorra
🇦🇪|egyesült arab emírségek
🇦🇫|afganisztán
🇦🇬|antigua és barbuda
🇦🇮|anguilla
🇦🇱|albánia
🇦🇲|örményország
🇦🇴|angola
🇦🇶|antarktisz
🇦🇷|argentína
🇦🇸|amerikai szamoa
🇦🇹|ausztria
🇦🇺|ausztrália
🇦🇼|aruba
🇦🇽|åland-szigetek
🇦🇿|azerbajdzsán
🇧🇦|bosznia-hercegovina
🇧🇧|barbados
🇧🇩|banglades
🇧🇪|belgium
🇧🇫|burkina faso
🇧🇬|bulgária
🇧🇭|bahrein
🇧🇮|burundi
🇧🇯|benin
🇧🇱|saint-barthélemy
🇧🇲|bermuda
🇧🇳|brunei
🇧🇴|bolívia
🇧🇶|holland karib-térség
🇧🇷|brazília
🇧🇸|bahama-szigetek
🇧🇹|bhután
🇧🇼|botswana
🇧🇾|belarusz
🇧🇿|belize
🇨🇦|kanada
🇨🇨|kókusz (keeling)-szigetek
🇨🇩|kongó – kinshasa
🇨🇫|közép-afrikai köztársaság
🇨🇬|kongó – brazzaville
🇨🇭|svájc
🇨🇮|elefántcsontpart
🇨🇰|cook-szigetek
🇨🇱|chile
🇨🇲|kamerun
🇨🇳|kína
🇨🇴|kolumbia
🇨🇶|sark
🇨🇷|costa rica
🇨🇺|kuba
🇨🇻|zöld-foki köztársaság
🇨🇼|curaçao
🇨🇽|karácsony-sziget
🇨🇾|ciprus
🇨🇿|csehország
🇩🇪|németország
🇩🇯|dzsibuti
🇩🇰|dánia
🇩🇲|dominika
🇩🇴|dominikai köztársaság
🇩🇿|algéria
🇪🇨|ecuador
🇪🇪|észtország
🇪🇬|egyiptom
🇪🇭|nyugat-szahara
🇪🇷|eritrea
🇪🇸|spanyolország
🇪🇹|etiópia
🇪🇺|európai unió
🇫🇮|finnország
🇫🇯|fidzsi
🇫🇰|falkland-szigetek
🇫🇲|mikronézia
🇫🇴|feröer szigetek
🇫🇷|franciaország
🇬🇦|gabon
🇬🇧|egyesült királyság
🇬🇩|grenada
🇬🇪|grúzia
🇬🇫|francia guyana
🇬🇬|guernsey
🇬🇭|ghána
🇬🇮|gibraltár
🇬🇱|grönland
🇬🇲|gambia
🇬🇳|guinea
🇬🇵|guadeloupe
🇬🇶|egyenlítői-guinea
🇬🇷|görögország
🇬🇸|déli-georgia és déli-sandwich-szigetek
🇬🇹|guatemala
🇬🇺|guam
🇬🇼|bissau-guinea
🇬🇾|guyana
🇭🇰|hongkong kkt
🇭🇳|honduras
🇭🇷|horvátország
🇭🇹|haiti
🇭🇺|magyarország
🇮🇨|kanári-szigetek
🇮🇩|indonézia
🇮🇪|írország
🇮🇱|izrael
🇮🇲|man-sziget
🇮🇳|india
🇮🇴|brit indiai-óceáni terület
🇮🇶|irak
🇮🇷|irán
🇮🇸|izland
🇮🇹|olaszország
🇯🇪|jersey
🇯🇲|jamaica
🇯🇴|jordánia
🇯🇵|japán
🇰🇪|kenya
🇰🇬|kirgizisztán
🇰🇭|kambodzsa
🇰🇮|kiribati
🇰🇲|comore-szigetek
🇰🇳|saint kitts és nevis
🇰🇵|észak-korea
🇰🇷|dél-korea
🇰🇼|kuvait
🇰🇾|kajmán-szigetek
🇰🇿|kazahsztán
🇱🇦|laosz
🇱🇧|libanon
🇱🇨|saint lucia
🇱🇮|liechtenstein
🇱🇰|srí lanka
🇱🇷|libéria
🇱🇸|lesotho
🇱🇹|litvánia
🇱🇺|luxemburg
🇱🇻|lettország
🇱🇾|líbia
🇲🇦|marokkó
🇲🇨|monaco
🇲🇩|moldova
🇲🇪|montenegró
🇲🇬|madagaszkár
🇲🇭|marshall-szigetek
🇲🇰|észak-macedónia
🇲🇱|mali
🇲🇲|mianmar
🇲🇳|mongólia
🇲🇴|makaó kkt
🇲🇵|északi mariana-szigetek
🇲🇶|martinique
🇲🇷|mauritánia
🇲🇸|montserrat
🇲🇹|málta
🇲🇺|mauritius
🇲🇻|maldív-szigetek
🇲🇼|malawi
🇲🇽|mexikó
🇲🇾|malajzia
🇲🇿|mozambik
🇳🇦|namíbia
🇳🇨|új-kaledónia
🇳🇪|niger
🇳🇫|norfolk-sziget
🇳🇬|nigéria
🇳🇮|nicaragua
🇳🇱|hollandia
🇳🇴|norvégia
🇳🇵|nepál
🇳🇷|nauru
🇳🇺|niue
🇳🇿|új-zéland
🇴🇲|omán
🇵🇦|panama
🇵🇪|peru
🇵🇫|francia polinézia
🇵🇬|pápua új-guinea
🇵🇭|fülöp-szigetek
🇵🇰|pakisztán
🇵🇱|lengyelország
🇵🇲|saint-pierre és miquelon
🇵🇳|pitcairn-szigetek
🇵🇷|puerto rico
🇵🇸|palesztin autonómia
🇵🇹|portugália
🇵🇼|palau
🇵🇾|paraguay
🇶🇦|katar
🇷🇪|réunion
🇷🇴|románia
🇷🇸|szerbia
🇷🇺|oroszország
🇷🇼|ruanda
🇸🇦|szaúd-arábia
🇸🇧|salamon-szigetek
🇸🇨|seychelle-szigetek
🇸🇩|szudán
🇸🇪|svédország
🇸🇬|szingapúr
🇸🇭|szent ilona
🇸🇮|szlovénia
🇸🇰|szlovákia
🇸🇱|sierra leone
🇸🇲|san marino
🇸🇳|szenegál
🇸🇴|szomália
🇸🇷|suriname
🇸🇸|dél-szudán
🇸🇹|são tomé és príncipe
🇸🇻|salvador
🇸🇽|sint maarten
🇸🇾|szíria
🇸🇿|szváziföld
🇹🇨|turks- és caicos-szigetek
🇹🇩|csád
🇹🇫|francia déli területek
🇹🇬|togo
🇹🇭|thaiföld
🇹🇯|tádzsikisztán
🇹🇰|tokelau
🇹🇱|kelet-timor
🇹🇲|türkmenisztán
🇹🇳|tunézia
🇹🇴|tonga
🇹🇷|törökország
🇹🇹|trinidad és tobago
🇹🇻|tuvalu
🇹🇼|tajvan
🇹🇿|tanzánia
🇺🇦|ukrajna
🇺🇬|uganda
🇺🇸|egyesült államok
🇺🇾|uruguay
🇺🇿|üzbegisztán
🇻🇦|vatikán
🇻🇨|saint vincent és a grenadine-szigetek
🇻🇪|venezuela
🇻🇬|brit virgin-szigetek
🇻🇮|amerikai virgin-szigetek
🇻🇳|vietnám
🇻🇺|vanuatu
🇼🇫|wallis és futuna
🇼🇸|szamoa
🇽🇰|koszovó
🇾🇪|jemen
🇾🇹|mayotte
🇿🇦|dél-afrikai köztársaság
🇿🇲|zambia
🇿🇼|zimbabwe
🏴󠁧󠁢󠁥󠁮󠁧󠁿|anglia
🏴󠁧󠁢󠁳󠁣󠁴󠁿|skócia
🏴󠁧󠁢󠁷󠁬󠁳󠁿|wales