⁉️|!?|?|interpunctie|teken|uitroep|vraagteken-uitroepteken
ℹ️|informatie
↔️|pijl naar links en rechts
↕️|omhoog en omlaag|pijl
↖️|linksboven|noordwest|pijl|richting|windrichting
↗️|noordoost|pijl|rechtsboven|richting|windrichting
↘️|pijl|rechtsonder|richting|windrichting|zuidoost
↙️|linksonder|pijl|richting|windrichting|zuidwest
⌨️|computer|toetsenbord
☀️|felle zon|helder|stralen|weer|zonnig
☁️|weer|wolk
☂️|geopende paraplu|kleding|open paraplu|paraplu|regen|weer
☃️|koud|sneeuwpop|weer
☄️|komeet|ruimte|vuurbal
☑️|✓|check|klaar|stem|uit|vak|vinkje
☔|druppels|kleding|paraplu met regendruppels|regen|weer
☕|café|cafeïne|chai|drank|drinken|koffie|ochtend|stomen|thee|warm
☘️|iers|klavertjedrie|plant
☠️|bot|doodshoofd|gekruiste botten|gezicht|monster|schedel
☢️|radioactief|teken
☣️|biologisch gevaar|teken
☦️|christelijk|kruis|orthodox|religie
☸️|boeddhistisch|dharma|religie|wiel
☹️|fronsend|gezicht|verdrietig
♈|aries|dierenriem|horoscoop|ram
♉|dierenriem|horoscoop|os|stier|taurus
♐|boogschutter|dierenriem|horoscoop|sagittarius
♑|capricorn|dierenriem|horoscoop|steenbok
♒|aquarius|dierenriem|drager|horoscoop|waterman
♓|dierenriem|horoscoop|pisces|vissen
♠️|kaarten|schoppen|spel
♣️|kaarten|klaveren|spel
♥️|harten|kaarten|spel
♦️|kaarten|ruiten|spel|vorm
♨️|bronnen|stomend|warmwaterbronnen
⚒️|gereedschap|hamer en pikhouweel|hamers|pikhouweel|twee hamers
⚓|anker|hulpmiddel|schip
⚔️|degens gekruist|gekruiste zwaarden|wapen|zwaarden
⚖️|balans|dierenriem|gerechtigheid|gewichten|horoscoop|libra|recht|sterrenbeeld|weegschaal in balans
⚗️|distilleerkolf|gereedschap|scheikunde
⚙️|gereedschap|instellingen|radertje|tandrad|tandwiel
✂️|gereedschap|knippen|schaar
✅|✓|afgevinkt|check|gedaan|klaar|knop|markeren|vinkje|voltooid
✈️|luchtvaartuig|reizen|vervoermiddel|vliegen|vliegmachine|vliegtuig
✉️|brief|e-mail|envelop|mail
✒️|kroontjespen met zwarte punt|pen|punt|vulpen
✔️|✓|afgevinkt|check|dikgedrukt|klaar|teken|vinkje
✖️|×|annuleren|teken|vermenigvuldigen|x
✡️|david|jodendom|joods|religie|ster
✨|*|glinsterende sterren|sterretjes
✳️|*|achtpuntig|asterisk
✴️|*|achtpuntige|ster
❄️|koud|sneeuwvlok|weer
❇️|*|sprankeling
❓|?|interpunctie|rood|teken|vraag
❔|?|contour|interpunctie|teken|vraag|wit
❕|!|contour|interpunctie|teken|uitroep|wit
❗|!|interpunctie|rood|teken|uitroep
❣️|hart als uitroepteken|hart met druppel eronder|interpunctie|leesteken|punctuatie|teken|uitroepteken met hart
❤️|emotie|hart|liefde|rood hart
➕|+|plus
➖|-|−|dikgedrukt|min|teken|wiskunde
➗|÷|delen|deling|dikgedrukt|teken|wiskunde
⤴️|omhoog|pijl naar rechts die omhoog draait|rechts
⤵️|gebogen|omlaag|pijl|rechts
〰️|golvend|interpunctie|streepje
㊗️|gefeliciteerd|ideogram|japans|knop
㊙️|geheim|ideogram|japans|knop
😀|blij|fijn|gezicht|glimlachen|grijns|grijnzend|lachen|leuk|tanden|vrolijk
😃|blij|gaaf|gezicht|glimlachen|grijns|grijnzend|groot|joepie|lach|mond|ogen|open|tanden
😄|blij|gezicht|glimlachen|grijns|grijnzend|lachen|lol|mond|ogen|oog|open
😁|blij|fijn|gezicht|glimlachen|grijns|grijnzend|lach|ogen|oog|stralend|tanden
😆|blij|gesloten|gezicht|glimlachen|grijnzend|hahaha|lachen|lol|mond|ogen|open|rofl|scheelzien
😅|gestrest|gezicht|glimlachen|grijnzend|koud|lach|mond|neerslachtig|nerveus|open|opgewonden|stress|zweet
🤣|blij|gezicht|grappig|haha|hehe|hilarisch|huilen|lachen|lmao|lol|roflmao|rollen|traan|vloer|vreugde
😂|blij|gevoelens|gezicht|grappig|haha|hehe|hilarisch|huilen|lachen|lmao|lol|roflmao|traan|vreugde
🙂|blij|enigszins|gezicht|glimlachen|lach
🙃|gezicht|glimlach|hehe|omgekeerd
🫠|beschaamd|gezicht|haha|heet|lol|oplossen|sarcasme|sarcastisch|smelten|verdwijnen|vloeibaar|warm
😉|flirten|gezicht|hartenbreker|knipogen|knipoogt|plagerij|sexy|zwoel
😊|blozen|gelukkig|gezicht|glimlachen|ogen|oog|tevreden
😇|blij|elfje|engelachtig|engelen|fantasie|geest|gezegend|gezicht|glimlachen|onschuldig|sprookje|stralenkrans|verhaal|vredig
🥰|3|crush|dol|gezicht|glimlachen|hartjes|hou van jou|jou|liefde|romantiek
😍|gevoelens|gezicht|hartjesogen|kussen|lach|liefde|oog|romantiek|schatje
🤩|gezicht|grijnzend|lach|ogen|opgewonden|sterren als ogen|sterren in de ogen|wauw
😘|flirten|gezicht dat kus toeblaast|hartje|kusje blazen|kussen|romantiek|smiley|xoxo|zoen
😗|afspraakje|date|gezicht|hou van jou|hvj|kussend gezicht|smiley|xoxo|zoen
☺️|blij|gezicht|lachen|omtrek|ontspannen
😚|blosjes|blozen|gesloten ogen|gezicht|kussend gezicht met gesloten ogen|kussend gezicht met ogen dicht|oog|rode wangen|smiley|zoen
😙|143|afspraakje|daten|flirten|gesloten|gezicht|ik hou van je|kussend|lachen|liefde|nacht|ogen|oog
🥲|aangedaan|blij|dankbaar|enigszins lachend|gelukkig|lachend gezicht met traan|opgelucht|smiley|traan|trots
😋|genieten|gezicht|glimlach|jammie|lachend gezicht dat lippen likt|lekker|mmm|smiley|smullen
😛|gezicht met uitgestoken tong en open ogen|grapje|grappig|ontdeugend|smiley|tong uitsteken|uitgesteken tong
😜|gezicht met uitgestoken tong en knipoog|grapjas|knipoog met uitgestoken tong|oog|plagen|smiley|tong
🤪|gek gezicht|gekke blik|gestoord|groot|klein|oog|smiley
😝|bah|dichte ogen|gezicht met uitgestoken tong en dichtgeknepen ogen|oog|smaak|smerig|smiley|tong|uitgestoken tong|vies|vreselijk
🤑|betaald|geldmond|gezicht|mond
🤗|blij|gezicht|handen|knuffelen|uitgestoken
🤭|geheim|geschrokken|gezicht met hand over de mond|gezicht met hand over mond|giechelen|oeps|smiley|verrast
🫢|bang|geschokt|gezicht met open ogen en hand over de mond|gezicht met open ogen en hand voor mond|ongeloof|ontzag|schaamte|smiley|verbazing|verrassing
🫣|geboeid|gezicht met glurend oog|gluren|smiley|spieken|staren|stiekem kijken
🤫|gezicht|manen|sst|stilte
🤔|afvragen|denken|gezicht|hmm|kin|nadenkend|overwegen
🫡|bevel|ja|oké|saluerend gezicht|saluut|smiley|troepen|zonnig
🤐|dicht|geheim|gezicht|houden|mond|rits als mond|stil|zwijg
🤨|afkeurend|frons|gezicht met opgeheven wenkbrauw|gezicht met opgetrokken wenkbrauw|hmm|ongeloof|sceptisch|skeptisch|smiley|verrassing|wantrouwend|wat
😐|geen commentaar|gezicht|jaloers|neutraal|niet leuk|ongemakkelijk|pokerface|pokergezicht|uitdrukkingsloos|uitgestreken
😑|dichtgeknepen|geen commentaar|geen uitdrukking|gezicht|jaloers|lame|omg|ontevreden|smiley|tegenzin|ugh|uitdrukkingsloos|vooruit|wtf
😶|geen mond|geheim|gezicht zonder mond|mond|niets zeggen|persoon|rustig|smiley|sprakeloos|stil|zwijgen
🫥|depressief|depri|gedeprimeerd|gezicht in stippellijn|introvert|onzichtbaar|smiley|verbergen|verdwijnen
😶‍🌫️|afwezig|gezicht in de mist|gezicht in de wolken|hoofd in de wolken
😏|arrogant|flirten|gezicht met grote grijns|gladjes|gniffelend gezicht|grijnzen|schuin|smiley|swag|vol van zichzelf|wenkbrauwen
😒|boos|chagrijnig gezicht|ehm|gezicht|jaloers|niet blij|niet leuk|ongelukkig|smiley|ugh|uhh|verveeld|whatever
🙄|gezicht|ogen|rollen met de ogen|schaduw|ugh|wat dan ook
😬|gezicht met grimas|grimasgezicht|grinniken|niks|oeps|ongemakkelijk|smiley|tanden op elkaar
😮‍💨|blazen|fluisteren|fluiten|gezicht dat uitademt|kreunen|naar adem snakken|opgelucht|roken|rook|smiley|uitademen|uitgeput
🤥|gezicht|leugenaar|liegen|pinokkio
🫨|aardbeving|gek|gezicht|omg|paniek|schok|schudden|trillen|verbijstering|verrassing|wauw|wow
🙂‍↔️|hoofd dat horizontaal beweegt|nee|schudden
🙂‍↕️|hoofd dat verticaal beweegt|ja|knikken
😌|gezicht|kalmte|opgelucht|opluchting|vrede|zen
😔|afgewezen|balen|gezicht|moedeloos|peinzend|smiley|teleurgesteld|terneergeslagen|triest|verdrietig|verloren
😪|gezicht|huilen|slaap|slaperig gezicht|smiley|traan
🤤|gezicht|kwijlend
😴|bedtijd|dutje|gapen|gezicht|moe|slaap lekker|slapend gezicht|smiley|vermoeid|welterusten|zzz
🫩|gezicht met wallen onder de ogen|moe|slaperig|uitgeput
😷|besmet|doktersmasker|gezicht met doktersmasker|gezicht met masker|koud|masker|medicijn|medisch masker|smiley|virus|ziek
🤒|gezicht met thermometer|niet lekker|thermometer|ziek
🤕|gewond|gezicht met hoofdverband|pijn|verband|verwonding
🤢|gadver|gezicht|misselijk|overgeven|vies|ziek
🤮|braaksel|brakend gezicht|misselijk|overgeven|spuwen|walgelijk|ziek
🤧|gezicht|gezondheid|griep|koorts|niezend|ziek
🥵|beroerte|gezicht|heet|hijgen|hitte|koortsig|rood gezicht|sterven|tong|zweten
🥶|bevriezen|bevriezing|blauw|gezicht|ijspegels|koud|onder nul|tanden
🥴|aangeschoten|beneveld|beschonken|dronken|duizelig|gezicht|mond|ogen|scheel|wazig
😵|dood|duizelig|gezicht met mond open en kruisjes als ogen|smiley|ziek
😵‍💫|dronken|duizelig|gehypnotiseerd|gezicht met spiraalvormige ogen|probleem|smiley|spiraalvormig|stoned|verward|wow
🤯|exploderen|geschokt|ondersteboven|onmogelijk|ontploffend hoofd|smiley|verbaasd|verbijsterd|verrast|wow
🤠|cowboy|cowgirl|gezicht|hoed
🥳|feesten|fuif|gelukkig|gezicht|hoed|hoera|opgewonden|roltong|verjaardag|vieren|viering
🥸|bril|gezicht|incognito|neus|smiley|snor|vermomd gezicht|vermomming|wenkbrauwen
😎|bril|chillen|cool|gaaf|geweldig|gezicht|glimlach|ontspannen|stijl|stoer|strand|zonnebril
🤓|geek|gezicht met bril en tanden|nerderig|nerdgezicht|smiley
🧐|chic|gezicht|klasse|monocle|rijk|saai
😕|gezicht|hmm|ik weet het niet|in de war|ontevreden|peinzend|smiley|teleurgesteld|uhm|verward
🫤|gefrustreerd|gezicht met schuine mond|het zal wel|meh|onzeker|sceptisch|smiley|teleurgesteld
😟|bedroefd|bezorgd|gestresst|gezicht|nerveus|smiley|stress|triest|zenuwen|zorgen
🙁|fronsend|gezicht|licht|verdrietig
😮|geschokt|geschrokken|gezicht met open mond|mond|oeps|omg|ongelofelijk|ongelooflijk|open|smiley|sympathie|vergeten|wauw
😯|geschokt|gezicht|omg|smiley|verbaasd|verrast|verstomd|wauw|wow
😲|geschokt|gezicht|kosten|nee|omg|totaal|verbaasd
😳|beschaamd|blozend|dood|gek|gezicht|heet|hitte|jeetje|onder de indruk|ongeloof|ongemakkelijk|sjonge|verbaasd|verbijsterd|wat|wauw
🫪|geschokt|kwetsbaar|onrust|opgeblazen|paniek|verrast
🥺|alsjeblieft|genade|gezicht|grote ogen|smekend gezicht|smekende blik|smiley|verdrietig|waarom niet|zielig gezicht
🥹|alsjeblieft|aww|beschaamd|bewondering|dankbaarheid|gevoelens|gezicht|houden|huilen|tegen|tranen|trots|verdrietig|vreugde|weerstaan
😦|bang|betrapt|eng|fronsen|gezicht|hoede|mond|open|verrassing|wat|wauw
😧|bang|gekweld gezicht|gezicht|lijdend|ontevreden|smiley|stress|verrast
😨|angstig|bang|bezorgd|gezicht|schuld
😰|angstig gezicht met zweetdruppel|angstzweet|blauw gezicht met angstzweet|gehaast|gezicht met open mond en zweetdruppel|koud|nerveus|smiley|zweetdruppel
😥|bijna|gezicht|ingewikkeld|oef|opgelucht|smiley|teleurgesteld maar opgelucht gezicht|zweetdruppel|zweten
😢|bedroefd|gevoelens|gezicht|huilend gezicht|smiley|traan|triest
😭|bedroefd|gezicht|hard huilend gezicht|huilen|ontroostbaar|smiley|snikken|traan|tranen met tuiten
😱|angstig schreeuwend gezicht|bang|doodsbang|geschrokken|gezicht dat schreeuwt van angst|munch|schreeuwend van angst|smiley
😖|bah|boos|gefrustreerd|geïrriteerd|gezicht|onthutst|smiley|verdrietig|verwarring
😣|concentratie|concentreren|focus|gezicht|hoofdpijn|volharden|volharding
😞|afgewezen|afwijzing|bedroefd|gezicht|niet blij|schuldig|smiley|teleurgesteld gezicht|teleurstelling|terneergeslagen|triest|verloren
😓|angstzweet|bang|dichtgeknepen ogen|gezicht met angstzweet|koud|neerslachtig gezicht met zweetdruppel|nerveus|smiley|zweet
😩|aanstellen|gezicht|honger|moe|nee|ontevreden|smiley|tegenzin|vermoeid|zeuren
😫|bah|gezicht|jakkes|moe|niesen|niezen|smiley|vermoeid|vies
🥱|bed|dutje|gaap|gapend gezicht|geeuwen|moe|rusten|saai|slaap lekker|slaperig|smiley|vermoeid|verveeld
😤|boos|gewonnen|gezicht blazend van woede|gezicht met stoom uit neus|kokend van woede|ontevreden|triomf|witheet|woedend|ziedend
😡|boos|gezicht|kwaad|pruilend|rood|smiley|woedend
😠|boos|fronsen|gefrustreerd|gezicht|kwaad|smiley|woedend
🤬|boos|censuur|gezicht met symbolen op mond|gezicht met tekens over mond|kwaad|schelden|smiley|vloeken
😈|duivels|fantasie|gezicht|glimlach|hoorns|lachend gezicht met hoorns|lachend paars gezicht met hoorns|ondeugend|smiley|sprookje
👿|boos duiveltje|boos gezicht met hoorns|demon|duivels|fantasie|gezicht|hoorns|kleine duivel|paars duivelsgezicht|smiley|sprookje
💀|doodshoofd|gezicht|monster|schedel|skelet|sprookje
💩|drol|grappig|monster|poep met gezichtje|smiley|stinkt
🤡|clown|gezicht
👹|duivel|eng|fantasie|gezicht|masker|monster|oger|sprookje|verhaal|wezen
👺|fabel|fantasie|gezicht|japans|kobold|masker|monster|mythologie|smiley|sprookje|tengu|wezen
👻|boe|fantasie|geest|gezicht|halloween|monster|spook met tong uit mond|sprookje|uitgestoken tong|wezen
👽|alien|buitenaards|fantasie|gezicht|monster|ruimte|sprookje|ufo|wezen
👾|alien|buitenaards|game|gezicht|monster|pixels|ruimte|space invader|spel|ufo|videogame|wezen
🤖|gezicht|monster|robot
😺|dier|gezicht|grijnzen|kat|lachen|mond|open
😸|dier|gezicht|grijns|grijnzend kattengezicht met lachende ogen|grijnzende kat met lachende ogen|kat|lach|oog|vrolijk
😹|dier|gezicht|kat|lachen|lol|traan|tranen|vreugde
😻|dier|gezicht|hartjesogen|kat|lachen|liefde|oog
😼|gezicht|gniffelende kat|grimas|ironische lach|kattenkwaad|lach|ondeugend kattengezicht|smiley|spottend
😽|dier|gezicht|kat|kussend kattengezicht met gesloten ogen|kussende kat|oog|smiley
🙀|dier|geschokt|geschrokken kat|gezicht|kat|oh nee|smiley|verbazing|vermoeide kat|verrast
😿|dier|gezicht|huilend|kat|traan|verdrietig
😾|boos kattengezicht|dier|gezicht|kat|mokken|pruilende kat|smiley
🙈|aap|beschaamd|dier|gebaar|geen|gezicht|kwaad|niet kijken|schaamte|uit den boze|verboden|verlegen|wil niet zien|zien
🙉|aap|dier|gebaar|geen|geheim|gezicht|horen|kwaad|luisteren|niet|uit den boze|verboden|wil niet horen
🙊|aap|gebaar|geen|geheim|gezicht|kwaad|niet|oeps|spreken|stiekem|uit den boze|verboden
💌|brief met hart|hart|liefdesbrief|post|romantiek|valentijn
💘|afspraakje|cupido|date|hart met pijl|hou van jou|hvj|liefde|pijl door hart|romantiek|valentijn
💝|emotie|hart met strik|hou van jou|hvj|liefde|strik|valentijn|xoxo
💖|fonkelend|glinsterend|hart|hou van jou|hvj|spannend|sprankelend|xoxo
💗|emotie|groeiend|hartslag|hou van jou|hvj|kloppend hart|nerveus|spannend|xoxo
💓|cardio|hartslag|hou van jou|hvj|kloppend hart|slaan
💞|draaiende harten|emotie|harten|jubileum|ronddraaiende harten
💕|hart|hou van jou|hvj|jubileum|liefde|twee harten|xoxo
💟|decoratief hart|emotie|hartdecoratie|paars hart|wit hart
💔|alleen|breken|droevig|eenzaam|emotie|gebroken hart|liefdesverdriet|verdrietig
❤️‍🔥|branden|hart in vuur en vlam|heilig hart|liefde|lust
❤️‍🩹|gezonder|helend hart|herstellend|verbeterend
🩷|hart|leuk|liefde|roze|schattig
🧡|oranje hart
💛|emotie|geel|hart|hou van jou|hvj|liefde
💚|groen|hart|hou van jou|hvj|romantisch|xoxo
💙|blauw|emotie|hart|hou van jou|hvj|liefde|romantiek
🩵|blauwgroen|groenblauw|hart|lichtblauw
💜|emotie|hart|hou van jou|hvj|paars
🤎|bruin|hart|liefde|symbool
🖤|hart|kwaad|slecht|verdorven|zwart
🩶|grijs|hart|leigrijs|zilver
🤍|hart|liefde|symbool|wit
💋|afdruk|daten|emotie|kusafdruk|liefde|lipafdruk|lippen|romantiek|sexy|zoen
💯|100 punten|beste|cijfer|fantastisch|foutloos|getal|geweldig|maximumscore|score|top|zeker
💢|boos|cartoonesk|kwaad|ontdaan|strip|symbool|teken|woedesymbool
🫯|debat|onenigheid|ruzie|tumult|vechtpartij|woordenwisseling|worsteling
💥|boem|bom|botsen|botsing|ontploffen|strip
💫|cartoonesk|duizelig|ster|strip|vallende ster
💦|druppels|spetteren|sporten|strip|water|work-out|zweetdruppels
💨|cartoonesk|moet gaan|rennen|rook|scheet|strip|vertrokken|wegrennen|wind
🕳️|gat|hole
💬|aan het typen|ballon|cartoonesk|dialoog|spraakballon|strip|tekstballon met puntjes
👁️‍🗨️|ballon|bubbel|getuige|oog|spraak
🗨️|dialoog|spraakballon naar links|zwarte spraakballon
🗯️|ballon|boze spraakballon naar rechts|kwaad|tekstballon boos|woedeballon naar rechts
💭|ballon|besef|cartoonesk|dagdromen|denkballon|denkwolkje|gedachteballon|gedachtenballon|strip|uitvinden|uitvinding
💤|cartoonesk|goedenacht|moe|rust|saai|slaapsymbool|slaapwel|slapen|slaperig|strip|vermoeid|zzz
👋|ben je er|doei|groeten|hallo|hand|is daar iemand|moet gaan|spreek je later|tot later|tot ziens|ttyl|zwaaiende hand
🤚|achterkant van opgeheven hand|achterzijde opgestoken hand|hand omhoog|handrug|opgestoken|rug van hand|vijf vingers
🖐️|hand|opgeheven|stop|uitgestoken|vingers
✋|5|hand|hoog|opgeheven|stop|vijf
🖖|hand|leef lang en voorspoedig|spock|star trek|vinger|vulcaanse groet|vulcangroet
🫱|handdruk|naar rechts|rechts|reiken|schudden|vasthouden
🫲|eens|hand naar links|handdruk|links|naar links|uitgestoken hand
🫳|handpalm omlaag|laten vallen|oprapen|wegjagen|wegsturen
🫴|aanbieden|handpalm omhoog|kom|vangen|wenken
🫷|duwen|hand die naar links duwt|high five|naar links|stoppen|wachten|weigeren
🫸|duwen|hand die naar rechts duwt|high five|naar rechts|stoppen|wachten|weigeren
👌|fantastisch|geweldig|goed|hand|oké|prima|top|vingers
🤌|gebaar|handgebaar|italiaans|maffia|ondervraging|samengeknepen|sarcastisch|vingers
🤏|beetje|gebaar voor kleine hoeveelheid|hand met samengeknepen vingers|kleine hoeveelheid|vingers|weinig
✌️|hand|peace|twee vingers|vredesteken|winnende hand
🤞|gekruist|geluk|hand|kruisen|vingers
🫰|duur|geld|hand met wijsvinger en duim gekruist|hart|liefde|vingerknip|vingers
🤟|gebarentaal|hand|hvj|ik hou van jou-gebaar|ik-hou-van-je-gebaar|ily
🤘|hand|hoorns|rock on|teken|vinger
🤙|bel me-gebaar|bel mij-gebaar|bellen|handgebaar voor bellen
👈|achterkant|hand|links|vinger|wijsvinger|wijzen
👉|achterkant|hand|rechts|vinger|wijsvinger|wijzen
👆|achterkant|hand|omhoog|vinger|wijsvinger|wijzen
🖕|hand|midden|vinger
👇|achterkant|hand|omlaag|vinger|wijsvinger|wijzen
☝️|dit|hand|omhoog|vinger|wijsvinger|wijzen
🫵|aanwijzen|hand|jij|vinger|wijsvinger die naar de kijker wijst|wijzen
👍|+1|duim|goed|hand|ja|leuk|omhoog
👎|-1|duim|fout|hand|lichaam|niet goed|niet leuk|omlaag|slecht|stom
✊|gebald|hand|opgeheven|solidariteit|stoot|vuist
👊|boks|gebalde vuist|groet|hand|mee eens|stoot|stotende vuist|vuist
🤛|linksom|naar links|vuist
🤜|naar rechts|rechtsom|vuist
👏|applaudiseren|applaus|bidden|dankjewel|gefeliciteerd|goed gedaan|goedkeuring|hand|hoera|klappende handen
🙌|feest|gebaar|handen|hoera|lof|omhooggestoken
🫶|<3|handen|hart|hou|jou
👐|handen|jazz hands|open
🤲|beide handpalmen omhoog|bidden|gebed|hand|kommetje maken met handen|palmen bij elkaar
🤝|deal|handdruk|overeenkomst|schudden|vergadering
🙏|alsjeblieft|bedankt|bidden|buigen|dank|gebaar|gebed|geef me de vijf|gevouwen handen|gezegend|handen tegen elkaar|high five|smeken|vragen
✍️|hand|schrijf|schrijven
💅|beauty|cosmetica|hand|lak|manicure|nagellak|nagels lakken|verzorging
🤳|camera|selfie|telefoon
💪|aanspannen|arm|biceps|bodybuilder|flex|gewichtheffen|spannen|spierballen|sportschool|sterk|strip
🦾|armprothese|bionische arm|kunstarm|mechanische arm|prothese|toegankelijkheid
🦿|beenprothese|bionisch been|kunstbeen|mechanisch been|prothese|toegankelijkheid
🦵|been|gebogen|knie|ledemaat|schop|voet
🦶|enkel|schoppen|stampen|trap|voet
👂|geluid|horen|lichaam|luisteren|oor
🦻|doof|gehoorapparaat|oor met gehoorapparaat|oor met oorapparaat|oorapparaat|slechthorend|toegankelijkheid
👃|geur|lichaam|neus|ruiken|stinkt
🧠|hersenen|intelligent|slim
🫀|anatomisch|cardiologie|echt|hartslag|orgaan|polsslag|rood
🫁|ademhaling|inademen|lichaam|longen|lucht|orgaan|uitademen|zuurstof
🦷|parelmoer|tandarts|tanden|wit
🦴|botten|hond|skelet|vorkbeen
👀|gezicht|kijken|ogen|omg|ondeugend|oog|staren
👁️|één oog|lichaam|oog|pupil
👅|lichaam|lik|slurp|tong
👄|kus|lippen|mond|open mond|roze lippen|zoen
🫦|angst|bezorgd|flirten|lippen|mond die op lip bijt|nerveus|ongemakkelijk|ongerust|sexy
👶|baby|jong|kindje|pasgeboren|persoon
🧒|heldere ogen|jonger|kind|kleinkind
👦|jongen|kind|persoon
👧|dochter|enthousiast|jong|maagd|meisje|persoon|staartjes|sterrenbeeld
🧑|persoon|volwassene
👱|blond haar|mens|persoon
👨|man|volwassen|vriend
🧔|baard|bebaard|persoon met baard|persoon: baard
🧔‍♂️|baard|man: baard
👱‍♂️|blond|haar|man met blond haar
👩|dame|volwassene|vrouw
🧔‍♀️|baard|vrouw: baard
👱‍♀️|blondine|haar|vrouw
🧓|bejaard|genderneutraal|niet nader omschreven geslacht|ouder persoon|oudere persoon|oudere volwassene|persoon|volwassene
👴|grootvader|kaal|man|opa|ouder|volwassen|wijs
👵|dame|grootmoeder|oma|ouder|volwassene|vrouw|wijs
🙍|bedroefd|fronsend persoon|fronzen|persoon|teleurgesteld|uitdrukking|verdrietig|verontrust|vrouw
🙍‍♂️|fronsende man|man|ontevreden|persoon|sip|uitdrukking|verdrietig
🙍‍♀️|fronsende vrouw|uitdrukking|vrouw
🙎|humeurig|persoon|pruilend persoon|pruilende vrouw|pruillip|skeptisch|teleurgesteld|uitdrukking|vrouw
🙎‍♂️|man|persoon|pruilende man|sip|uitdrukking|verdrietig
🙎‍♀️|pruilende vrouw|uitdrukking|vrouw
🙅|gebaar|hand|illegaal|nee|niet|persoon|verboden
🙅‍♂️|gebaar|hand|illegaal|man|nee|niet|verboden
🙅‍♀️|gebaar|hand|illegaal|verboden|vrouw die nee-gebaar maakt
🙆|gebaar|gebaren|hand|oefening|ok|omg|persoon
🙆‍♂️|gebaar|gebaren|hand|man|oefening|ok|omg
🙆‍♀️|gebaar|hand|ok|vrouw die ok-gebaar maakt
💁|brutaal|hand ophouden|hulp|informatie|knikken|persoon achter informatiebalie|roddelen|sarcasme|sarcastisch|uitleg geven|vrouw met hand omhoog
💁‍♂️|brutaal|hand|hooghartig|man achter informatiebalie|man knikt pols|persoon|pols knikken|polsgebaar|sarcasme|sarcastisch|uitdagend
💁‍♀️|brutaal|pols knikken|vrouw achter informatiebalie
🙋|antwoord|blij|gebaar|hand|ik weet het|omhoog|persoon met opgeheven hand|vraag|vrouw die hand opsteekt
🙋‍♂️|gebaar|hand in de lucht|hand omhoog|hand opsteken|ik weet het|man met opgeheven hand|man met opgestoken hand|persoon|vraag
🙋‍♀️|gebaar|hand opsteken|vrouw met opgeheven hand
🧏|doof persoon|horen|oor|slechthorend|toegankelijkheid
🧏‍♂️|doof|dove man|man
🧏‍♀️|doof|dove vrouw|vrouw
🙇|buigende man|buigende persoon|buiging|diepe buiging|excuses|gebaar|persoon die buiging maakt|sorry|spijt|verontschuldiging
🙇‍♂️|buigende man|excuses|gebaar|gunst|man|sorry
🙇‍♀️|buigende vrouw|buiging|excuses|gebaar|gunst|persoon|schaamte|schuld|sorry|verontschuldigen|vrouw die buigt
🤦|ergernis|gebaar|gezicht|hand voor gezicht|niet opnieuw|ongelooflijk|palm|persoon die het gezicht met de hand bedekt|schaamte|zucht
🤦‍♂️|ergernis|facepalm|gebaar|gezicht bedekken|man die het gezicht met de hand bedekt|omg|ongelooflijk|persoon|schaamte
🤦‍♀️|ergernis|facepalm|gebaar|gezicht bedekken|omg|ongelooflijk|persoon|schaamte|vrouw die het gezicht met de hand bedekt
🤷|gebaar|idk|ik weet het niet|misschien|onverschilligheid|onwetendheid|persoon die schouders ophaalt|schouderophalen|twijfel
🤷‍♂️|gebaar|geen idee|man die schouders ophaalt|man haalt schouders op|onverschilligheid|onwetendheid|persoon|schouderophalen|twijfel
🤷‍♀️|gebaar|geen idee|onverschilligheid|onwetendheid|persoon|schouderophalen|twijfel|vrouw die schouders ophaalt|weet niet
🧑‍⚕️|dokter|gezondheidsmedewerker|gezondheidszorg|therapeut|verpleegster
👨‍⚕️|arts|gezondheidszorg|man|therapeut|verpleger|werknemer
👩‍⚕️|arts|gezondheidszorg|therapeute|verpleegster|vrouw|werknemer
🧑‍🎓|scholier|student
👨‍🎓|man|scholier|student
👩‍🎓|scholier|student|vrouw
🧑‍🏫|docent|leraar|professor
👨‍🏫|docent|instructeur|leraar|man|professor
👩‍🏫|docente|instructrice|lerares|professor|vrouw
🧑‍⚖️|rechter|weegschaal
👨‍⚖️|gerechtigheid|man|rechter|weegschaal
👩‍⚖️|gerechtigheid|rechter|vrouw|weegschaal
🧑‍🌾|boer|tuinder|veehouder
👨‍🌾|boer|man|tuinder|veehouder
👩‍🌾|boer|tuinder|veehouder|vrouw
🧑‍🍳|chef-kok|kok
👨‍🍳|chef-kok|kok|man
👩‍🍳|chef-kok|kok|vrouw
🧑‍🔧|elektricien|handelsman|loodgieter|monteur
👨‍🔧|elektricien|handelsman|loodgieter|man|monteur
👩‍🔧|elektricien|handelsman|loodgieter|monteur|vrouw
🧑‍🏭|arbeider|fabriek|industrieel|lopende band
👨‍🏭|arbeider|fabriek|industrieel|lopende band|man
👩‍🏭|arbeider|fabriek|industrieel|lopende band|vrouw
🧑‍💼|architect|bedrijf|kantoormedewerker|manager
👨‍💼|ambtenaar|architect|bedrijf|kantoor|manager|werknemer
👩‍💼|ambtenaar|architect|bedrijf|kantoor|manager|vrouw|werknemer
🧑‍🔬|bioloog|ingenieur|natuurkundige|scheikundige|wetenschapper
👨‍🔬|bioloog|ingenieur|man|natuurkundige|scheikundige|wetenschapper|wiskundige
👩‍🔬|biologe|ingenieur|natuurkundige|scheikundige|vrouw|wetenschapster|wiskundige
🧑‍💻|ontwikkelaar|programmeur|techneut|technoloog|uitvinder
👨‍💻|computer|man|ontwikkelaar|programmeur|software|technoloog|uitvinder
👩‍💻|computer|ontwikkelaar|programmeur|software|technologe|uitvindster|vrouw
🧑‍🎤|acteur|entertainer|rock|ster|zanger
👨‍🎤|acteur|entertainer|man|rockster|ster|zanger
👩‍🎤|actrice|entertainer|rockster|ster|vrouw|zangeres
🧑‍🎨|kunstenaar|palet
👨‍🎨|kunstenaar|man|palet
👩‍🎨|kunstenares|palet|vrouw
🧑‍✈️|piloot|vliegtuig
👨‍✈️|man|piloot|vliegtuig
👩‍✈️|piloot|vliegtuig|vrouw
🧑‍🚀|astronaut|raket
👨‍🚀|astronaut|man|raket|ruimte
👩‍🚀|astronaut|raket|ruimte|vrouw
🧑‍🚒|brandweerman|brandweerwagen
👨‍🚒|brandweerman|brandweerwagen|man
👩‍🚒|brandweervrouw|brandweerwagen|vrouw
👮|agent|arresteren|beroep|boete|misdaad|persoon|politieagent|politieman|werk
👮‍♂️|agent|man|politieman
👮‍♀️|agent|arresteren|beroep|boete|misdaad|persoon|politieagente|politievrouw|vrouwelijke politieagent
🕵️|detective|speurder|spion
🕵️‍♂️|detective|man|speurder|spion
🕵️‍♀️|detective|speurder|spionne|vrouw
💂|bewaker|buckingham palace|londen|wachter
💂‍♂️|mannelijke wachter|wachter
💂‍♀️|buckingham palace|londen|persoon|vrouwelijke wachter|wachter
🥷|geheim|japan|krijger|ninja|persoon|samurai|sluipmoordenaar|vechten|verborgen|zwaard
👷|bouwvakker|helm|klusser|man|persoon|renovatie|renoveren|werk
👷‍♂️|bouwvakker|mannelijke bouwvakker
👷‍♀️|baan|beroep|bouwvakker|helm|persoon|vrouwelijke bouwvakker|werk
🫅|edele|heerser|iemand van koninklijken bloede|keizer|koning|koninklijk|persoon met kroon|regaal
🤴|fantasie|koning|koninklijk|kroon|prins|royalty|sprookje
👸|fantasie|koningin|kroon|persoon|prinses|sprookje|vrouw met kroon
👳|dragen|persoon|tulband
👳‍♂️|man met tulband|tulband
👳‍♀️|dragen|tulband|vrouw
👲|gua pi mao|hoed|man met chinees petje|man met chinese hoed|persoon|petje
🧕|hidjab|hijab|hoofddoek|mantilla|persoon|sluier|vrouw met hoofddoek
🤵|bruiloft|formeel|persoon|smoking
🤵‍♂️|man in smoking|smoking
🤵‍♀️|smoking|vrouw in smoking
👰|bruiloft|persoon|sluier
👰‍♂️|man met sluier|sluier
👰‍♀️|sluier|vrouw met sluier
🤰|vrouw|zwanger
🫃|buik|man|opgeblazen|te veel eten|vol|zwanger
🫄|baby|buik|opgeblazen|persoon|vol|zwanger
🤱|baby|borstvoeding|de borst geven|persoon
👩‍🍼|baby|borstvoeding|mama|moeder|oppas|pasgeboren|voeden|voeding|vrouw
👨‍🍼|baby|borstvoeding|man die een baby voedt|melk|papa|persoon|vader|voeden|voeding
🧑‍🍼|baby|borstvoeding|oppas|ouder|pasgeboren|voeden|voeding
👼|baby|engel|fantasie|gezicht|kerk|sprookje
🎅|fantasie|feestdag|kerstman|kerstmis|viering|vrolijk
🤶|feest|kerstmis|kerstvrouw|moedertje kerst|persoon|viering
🧑‍🎄|feestdagen|kerstdagen|kerstman|kerstmis|kerstmuts|kersttransgender|kerstvrouw|persoon
🦸|goed|held|superheld|superkracht
🦸‍♂️|goed|held|mannelijke superheld|superkrachten
🦸‍♀️|goed|heldin|superkrachten|vrouwelijke superheld
🦹|crimineel|kwaad|schurk|slecht|superkracht|superschurk
🦹‍♂️|boef|crimineel|mannelijke superschurk|slecht|superkrachten
🦹‍♀️|boef|crimineel|slecht|superkrachten|vrouwelijke superschurk
🧙|fantasie|heks|magie|magiër|spreuk|sprookje|tovenaar|tovenares
🧙‍♂️|heksenmeester|mannelijke magiër|tovenaar
🧙‍♀️|heks|tovenares|vrouwelijke magiër
🧚|fantasie|mythe|persoon|pixie|sprookje|vleugels
🧚‍♂️|mannelijk elfje|oberon|puck
🧚‍♀️|titania|vrouwelijk elfje
🧛|bloed|dracula|eng|halloween|ondode|snijtanden|tanden|vampier|verkleden
🧛‍♂️|dracula|mannelijke vampier|ondode
🧛‍♀️|ondode|vrouwelijke vampier
🧜|drietand|folklore|meermin|oceaan|schepsel|sirene|sprookje|zee
🧜‍♂️|triton|zeemeerman
🧜‍♀️|meermin|sirene
🧝|elf|fantasie|folklore|in de ban van de ring-stijl|legolas|lotr-stijl|magisch|mythe
🧝‍♂️|magisch|mannelijke elf
🧝‍♀️|magisch|vrouwelijke elf
🧞|aladin|djinn|fantasie|geest in de fles|lamp|mythe|sprookje|wens
🧞‍♂️|djinn|mannelijke geest in de fles
🧞‍♀️|djinn|vrouwelijke geest in de fles
🧟|eng|halloween|horror|levende doden|lopende dode|monster|ondode|zombie
🧟‍♂️|lopende dode|mannelijke zombie|ondode
🧟‍♀️|lopende dode|ondode|vrouwelijke zombie
🧌|fantasie|monster|trollen
🫈|bigfoot|cryptide|harig|reus|sasquatch|wildeman|woud|yeti
💆|gespannen|gezichtsmassage|hoofdpijn|massage|ontspannen|persoon die hoofdmassage krijgt|relaxen|salon|spanning
💆‍♂️|geduld|gezichtmassage|man die hoofdmassage krijgt|man krijgt gezichtsmassage|massage|masseren|ontspannend|persoon|relaxen|relaxing
💆‍♀️|gezicht|massage|vrouw die hoofdmassage krijgt
💇|beauty|beroep|haar knippen|kapper|kapsalon|kapsel|kapster|persoon die wordt geknipt|salon|schaar|schoonheid
💇‍♂️|haar|kapper|kapsel|knippen|man die wordt geknipt|man wordt geknipt|persoon|verzorging
💇‍♀️|kapsel|vrouw die wordt geknipt
🚶|lopen|persoon|slenteren|stappen|struien|voetganger|wandelaar|wandelen
🚶‍♂️|lopen|man|wandelende man
🚶‍♀️|kuieren|lopen|persoon|slenteren|voetganger|vrouw|wandelaar|wandelende vrouw
🧍|persoon|staand
🧍‍♂️|man|staande man
🧍‍♀️|staande vrouw|vrouw
🧎|knieën|knielend|persoon
🧎‍♂️|knielende man|man
🧎‍♀️|knielende vrouw|vrouw
🧑‍🦯|blind|persoon met taststok|toegankelijkheid
👨‍🦯|blind|man met blindenstok|man met taststok|toegankelijkheid
👩‍🦯|blind|toegankelijkheid|vrouw met blindenstok|vrouw met taststok
🧑‍🦼|persoon in elektrische rolstoel|rolstoel|toegankelijkheid
👨‍🦼|elektrisch|man|rolstoel|toegankelijkheid
👩‍🦼|elektrisch|rolstoel|toegankelijkheid|vrouw
🧑‍🦽|persoon in rolstoel|rolstoel|toegankelijkheid
👨‍🦽|handmatig|man|rolstoel|toegankelijkheid
👩‍🦽|handmatig|rolstoel|toegankelijkheid|vrouw
🏃|hardlopen|hardloper|hollen|joggen|man|marathon|persoon|rennen|snel|sport
🏃‍♂️|hardlopen|man|marathon|rennende man
🏃‍♀️|atleet|baan|beroep|haasten|hardlopen|kom eraan|marathon|persoon|rennende vrouw|snel|sport|vlug|vrouw|werk
🧑‍🩰|ballet|danser
💃|dansende vrouw met rode jurk|danseres|elegant|feest|flamenco|persoon|salsa|tango|vrouw
🕺|dansende man|disco|feest|festival|flamenco|man|persoon|salsa|tango
🕴️|pak|persoon|zaken|zwevend
👯|bestie|bff|dansen|danseressen|feesten|konijnenoor|konijnenoren|meisje|mensen met konijnenoren|personen|tweeling|vriendinnen|vrouw
👯‍♂️|beste vrienden|bff|dansen|danser|feestende mannen|konijnenoor|konijnenoren|mannen met konijnenoren|twee dansers
👯‍♀️|danseres|feesten|konijnenoor|vrouwen met konijnenoren
🧖|hamam|ontspannen|persoon in ruimte vol stoom|persoon in stomende ruimte|relaxen|sauna|stoombad|stoomcabine|stoomruimte
🧖‍♂️|man in ruimte vol stoom|sauna|stoomruimte
🧖‍♀️|sauna|stoomruimte|vrouw in ruimte vol stoom
🧗|alpinisme|bergbeklimmen|bergbeklimmer|klimmende persoon|klimmer|sport
🧗‍♂️|klimmende man|klimmer
🧗‍♀️|klimmende vrouw|klimmer
🤺|degen|persoon|schermen|schermer
🏇|jockey|paardrijden|racen|renpaard|sport
⛷️|skiër|sneeuw
🏂|ski|sneeuw|snowboarder|sport
🏌️|bal|birdie|golfbaan|golfbal|golfer|green|persoon die golf speelt|pga|sport
🏌️‍♂️|golfende man|man
🏌️‍♀️|bal|drivingrange|golfende vrouw|sport|vrouw
🏄|golf|golven|oceaan|sport|strand|surfende persoon|surfer|zee
🏄‍♂️|mannelijke surfer|surfen
🏄‍♀️|golven|sport|surfende vrouw|vrouwelijke surfer
🚣|boot|meer|persoon in boot|persoon in roeiboot|roeiboot|roeiende persoon|roeispaan|sport
🚣‍♂️|boot|man in roeiboot|roeiboot
🚣‍♀️|boot|cruise|kano|meer|peddel|rivier|roeiboot|roeien|roeispaan|vissen|vlot|vrouw
🏊|freestyle|persoon|sport|triatlon|zwemmen|zwemmer
🏊‍♂️|man|zwemmende man
🏊‍♀️|sport|vrouw|zwemmende vrouw|zwemster
⛹️|bal|basketballer|basketbalspeler|dribbelen|nba|persoon met bal|sport|vrije worp
⛹️‍♂️|bal|basketballer|man
⛹️‍♀️|bal|basketbalster|sport|vrouw met bal
🏋️|bodybuilder|gewichtheffer|heffer|krachtsport|krachttraining|sportschool|sterk|trainen|work-out
🏋️‍♂️|gewichtheffen|mannelijke gewichtheffer
🏋️‍♀️|gewichtheffende vrouw|sport|vrouwelijke gewichtheffer
🚴|fietsen|fietser|persoon|sport|wielrennen
🚴‍♂️|fietsende man|man|wielrenner
🚴‍♀️|fietsen|fietster|sport|vrouw|wielrennen
🚵|berg|fietsen|fietser|mountainbiken|persoon|sport
🚵‍♂️|berg|fietsen|fietser|man op mountainbike
🚵‍♀️|berg|fietsen|fietster|mountainbiken|sport|vrouw
🤸|blij|buiten|gymnastiek|olympische spelen|persoon die een radslag doet|radslag|sport|turnen
🤸‍♂️|blij|gymnastiek|lenig|man die een radslag doet|man doet radslag|persoon|radslag|sport|turnen|turner
🤸‍♀️|blij|gymnastiek|lenig|persoon|radslag|sport|turnen|turnster|vrouw die een radslag doet|vrouw doet radslag
🤼|duel|olympische spelen|personen die worstelen|sport|toernooi|worstelaar|worstelen
🤼‍♂️|mannen|persoon|sport|strijd|toernooi|worstelaars|worstelende mannen
🤼‍♀️|olympische spelen|persoon|sport|strijd|toernooi|vechten|vrouwen|worstelende vrouwen
🤽|persoon|polo|spelen|sport|waterpolo|zwemmen
🤽‍♂️|man|polo|spelen|sport|waterpolo|zwemmen
🤽‍♀️|polo|spelen|sport|vrouw|waterpolo|zwemmen
🤾|bal|gooien|handbal|persoon die handbal speelt|sport|springen|worp
🤾‍♂️|handballende man|handballer|man die handbal speelt|sport
🤾‍♀️|bal|gooien|handballende vrouw|sport|springen|vrouw die handbal speelt|worp
🤹|balanceren|balans|beheren|hanteren|jongleren|multitasken|nummer|persoon|vaardigheid
🤹‍♂️|ballen|goochelaar|jonglerende man|jongleur|man die jongleert|multitasken|vaardigheid
🤹‍♀️|jonglerende vrouw|multitasken|vrouw die jongleert
🧘|benen gekruist|kleermakerszit|meditatie|ontspannen|persoon in lotushouding|relax|yoga|zen
🧘‍♂️|man in lotushouding|meditatie|yoga
🧘‍♀️|meditatie|vrouw in lotushouding|yoga
🛀|badkuip met douche|persoon in badkuip
🛌|bed|deken|dutje|goedenacht|hotel|moe|persoon in bed|slaapwel|slapen|vermoeid|welterusten|zzz
🧑‍🤝‍🧑|hand in hand|handen vasthouden|koppeltje|paar|personen hand in hand|persoon|samen|stel|vasthouden
👭|beste vrienden|bff|daten|flirten|hand|meisjes|paar|schatje|tweeling|vasthouden|vrienden|vrouwen|zussen
👫|afspraakje|bae|date|flirten|hand in hand|koppel|man en vrouw hand in hand|stel|vasthouden|verliefd|vrienden|vrouw
👬|beste vrienden|bff|broers|daten|flirten|hand|jongens|mannen|paar|schatje|tweeling|vasthouden|vrienden
💏|afspraakje|date|kussen|liefde|personen|romantiek|stelletje|verliefd
💑|hart|jubileum|liefde|personen|relatie|romantiek|stel met hart|stelletje met hart|verliefd
🗣️|gezicht|hoofd|silhouet|spreek|spreken
👤|buste|mysterieus|schaduw|silhouet
👥|bff|bustes in silhouet|schaduw|silhouet van twee personen|vrienden
🫂|bedankt|dag|hallo|knuffelen|liefde|omhelzing|personen in een omhelzing|persoon|vriendschap
👪|gezin|kind
🧑‍🧑‍🧒|gezin|kind|volwassene
🧑‍🧑‍🧒‍🧒|gezin|kind|volwassene
🧑‍🧒|gezin|kind|volwassene
🧑‍🧒‍🧒|gezin|kind|volwassene
👣|afdruk|blote voeten|kleding|lopen|onderweg|voetafdrukken
🫆|forensisch|identiteit|veiligheid|vingerafdruk
🐵|aap|banaan|dier|gezicht
🐒|aap|banaan|dier
🦍|dier|gorilla
🦧|aap|dier|orang-oetang
🐶|dier|gezicht|hond|huisdier|puppy’s|schattig
🐕|dieren|honden|huisdier
🦮|blind|dier|geleide|hond|toegankelijkheid
🐕‍🦺|assistentie|dier|hond|hulp|toegankelijkheid
🐩|dier|hond|pluizig|poedel
🐺|dier|gezicht|wolf
🦊|dier|gezicht|vos
🦝|dier|nieuwsgierig|sluw|wasbeer
🐱|dier|gezicht|huisdier|kat|kitten
🐈|dieren|huisdier|katten|kitten
🐈‍⬛|dier|halloween|katachtig|miauw|pech|zwart
🦁|alfa|brul|dier|gezicht|leeuw|leo|manen|orde|safari|sterk|sterrenbeeld
🐯|dier|gezicht|groot|kat|roofdier|tijger
🐅|dierentuin|groot|kat|roofdier|tijger
🐆|dierentuin|groot|kat|luipaard|roofdier
🐴|boerderij|dier|dressuur|gezicht|paarden
🫎|dier|eland|gewei|zoogdier
🫏|dier|ezel|grauwtje|koppig|muildier|pakezel|zoogdier
🐎|boerderij|dier|paard|racen|renpaard|ruitersport
🦄|eenhoorn|gezicht
🦓|dier|streep|zebra
🦌|dier|hert
🦬|bizon|buffel|dier|kudde|wisent
🐮|boerderij|dier|gezicht|koe|melk
🐂|boerderij|dieren|os|sterrenbeeld|stier|taurus
🐃|buffel|dierentuin|water
🐄|boerderij|dieren|koe|melk
🐷|boerderij|dier|gezicht|spek|varken
🐖|boerderij|dier|spek|varken|zeug
🐗|dier|varken|zwijn
🐽|gezicht|neus|varkensneus
🐏|aries|dierentuin|horens|mannelijk|ram|schaap|sterrenbeeld
🐑|blaten|boerderij|dier|lam|ooi|schaap|vrouwelijk|wollig
🐐|boerderij|capricorn|dier|geit|melk|sterrenbeeld
🐪|bult|dier|dromedaris|één|kameel|woestijn
🐫|bult|dier|dromedaris|kameel|twee bulten|woestijn
🦙|alpaca|dier|guanaco|lama|vicuña|wol
🦒|dier|giraffe|vlekken
🐘|dier|olifant
🦣|dier|groot|mammoet|slagtand|uitsterven|wollig
🦏|dier|neushoorn
🦛|dier|hippopotamus|nijlpaard
🐭|dier|gezicht|muis
🐁|dieren|muis
🐀|dier|rat
🐹|dier|gezicht|hamster|huisdier
🐰|dier|gezicht|huisdier|konijn
🐇|dier|huisdier|konijntje
🐿️|dier|eekhoorn
🦫|bever|dam|dier|tanden
🦔|dier|egel|stekelig
🦇|dier|vampier|vleermuis
🐻|beer|dier|gezicht|grizzly|grommen|honing
🐻‍❄️|beer|ijsbeer|noordpool|wit
🐨|australië|beer|buideldier|dier|down|gezicht|koala|under
🐼|bamboe|dier|gezicht|panda
🦥|luiaard|traag
🦦|dier|otter|speels|vissen
🦨|dier|stank|stinkdier
🦘|buideldier|dier|joey|kangoeroe|springen
🦡|das|dier|honing|kwellen
🐾|afdruk|pootafdrukken|poten
🦃|dier|gevogelte|kalkoen
🐔|dier|gevogelte|kip
🐓|dier|haan|ornithologie|vogel
🐣|baby|dier|ei|kuiken|uitkomen|vogel
🐤|baby|dier|gevogelte|kuikentje|vogel
🐥|baby|dier|gevogelte|kuiken|naar voren kijkend kuikentje|vogel
🐦|dier|duif|vogel
🐧|antarctica|dier|pinguïn|vogel
🕊️|duif|ornithologie|vliegen|vogel|vrede
🦅|adelaar|dier|ornithologie|vogel
🦆|dier|eend|vogel|woerd
🦢|dier|jonge zwaan|lelijk eendje|vogel|zwaan|zwanenjong
🦉|dier|uil|vogel|wijsheid
🦤|dier|dodo|groot|ornithologie|uitsterven|vogel
🪶|licht|veer|verenkleed|vlucht|vogel
🦩|dier|flamboyant|flamingo|ornithologie|tropisch|vogel
🦚|dier|kleurrijk|mooie vogel|opzichtig|pauwhen|pronkerig|trots als een pauw|vogel
🦜|dier|lorre|napraten|papegaai|piraat|praten|vogel
🪽|engelachtig|luchtvaart|mythologie|vleugel|vliegen|vogel
🐦‍⬛|dier|kauw|kraaiachtige|ornithologie|raaf|roek|snavel|vogel|zwart
🪿|gans|gevogelte|onnozel|snateren|vogel
🐦‍🔥|as|fantasie|feniks|hergeboorte|herrezen|mythe|reïncarnatie|vogel|vuurvogel
🐸|dier|gezicht|kikker
🐊|dierentuin|krokodil
🐢|dier|schildpad|waterschildpad
🦎|dier|hagedis|reptiel
🐍|dierenriem|drager|ophiuchus|serpent|slang
🐲|dier|draak|gezicht|sprookje
🐉|dier|draak|ridders|sprookje
🦕|brachiosaurus|brontosaurus|dinosaurus|diplodocus|sauropode
🦖|dinosaurus|rex|t-rex|tyrannosaurus
🐳|dier|gezicht|oceaan|spuitend|strand|walvis
🐋|dier|oceaan|strand|walvis
🐬|dier|dolfijn|flipper|oceaan|strand
🫍|oceaan|walvis|zee
🦭|dier|leeuw|oceaan|zeehond
🐟|dier|eten|pisces|sterrenbeeld|vissen
🐠|dier|tropisch|vissen
🐡|dier|kogelvis|vis
🦈|dier|haai|vis
🐙|dier|oceaan|octopus|wezen
🐚|dier|schelp|spiraal|strand|zee
🪸|klimaat|koraal|oceaan|rif|verandering|zee
🪼|aquarium|au|beet|branden|dier|gelei|kwal|leven|oceaan|ongewerveld|plankton|stekel|tentakels|zee
🦀|dierenriem|krab|kreeft
🦞|bisque|dier|kreeft|scharen|zeevruchten
🦐|garnaal|klein|schaaldier|voedsel
🦑|dier|inktvis|voedsel|weekdier
🦪|duiken|oester|parel
🐌|dier|escargot|naaktslak|natuur|slak|tuin
🦋|insect|mooi|vlinder
🐛|beestje|dier|insect|tuin
🐜|dier|insect|mier|tuin
🐝|bij|dier|hommel|honingbij|insect|lente|natuur
🪲|beestje|dier|insect|kever
🐞|dier|insect|kever|lieveheersbeestje|natuur|tuin
🦗|dier|insect|krekel|orthoptera|sprinkhaan
🪳|bakkerstor|dier|insect|kakkerlak|plaag
🕷️|dier|insect|spin
🕸️|spinnenweb|web
🦂|schorpioen|scorpio|scorpius|sterrenbeeld
🦟|beet|insect|koorts|malaria|mug|ongedierte|virus|ziekte
🪰|dier|insect|made|ongedierte|rottend|vlieg|ziekte
🪱|dier|parasiet|regenworm|ringworm|worm
🦠|amoebe|bacteriën|microbe|virus|wetenschap
💐|afspraakje|bedankt|beterschap|bloem|boeket|date|jubileum|romantiek|verjaardag
🌸|bloem|bloesem|kers|lente|plant|voorjaar
💮|bloem|wit
🪷|bloem|boeddhisme|hindoeïsme|lotus|puurheid|rust|schoonheid|sereen|vrede
🏵️|plant|rozet
🌹|bloem|elegant|liefde|plant|rood|roos|schoonheid|valentijn
🥀|bloem|sterven|verwelkt
🌺|bloem|hibiscus|plant
🌻|bloem|buiten|plant|zonnebloem
🌼|bloem|bloesem|boterbloem|paardenbloem|plant
🌷|bloem|bloesem|groei|plant|tulp
🪻|bloem|hyacint|lavendel|leeuwenbek|lupine|vlinderbloemige
🌱|jong|plant|spruit|stekje|zaailing
🪴|decor|groeien|huis|plant|potplant|verzorgen
🌲|boom|bos|dennenboom|kerst|naaldboom
🌳|boom|bos|groen|habitat|loofboom|verliezen
🌴|boom|palm|plant|strand|tropisch
🌵|cactus|droogte|natuur|plant|woestijn
🌾|aar|graan|granen|plant|rijstaar
🌿|blad|kruid|plant
🍀|4|blad|geluk|iers|klavertjevier|plant|vier
🍁|blad|esdoorn|vallend
🍂|blad|gevallen|herfst|vallend
🍃|blad|blazen|fladderen|wind
🪹|leeg|nestelen|tak|thuis
🪺|eieren|nestelen|tak|vogel
🍄|paddenstoel|schimmel|zwam
🪾|boomstam|dood|droogte|hout|kaal|leeg|takken|winter|zonder bladeren
🍇|dionysus|druif|druiven|fruit
🍈|fruit|kanteloep|meloen
🍉|fruit|watermeloen
🍊|citrus|fruit|mandarijn|nectarine|sinaasappel|vitamine
🍋|citroen|citrus|fruit|zuur
🍋‍🟩|citrus|cocktail|fruit|groen|limoen|margarita|sap|tropisch|vrucht|zuur
🍌|banaan|fruit|kalium
🍍|ananas|eten|fruit|tropisch|voedsel
🥭|eten|fruit|mango|tropisch
🍎|appel|dieet|fruit|gezondheid|rijp|rood|voedsel
🍏|appel|fruit|groen
🍐|fruit|peer
🍑|fruit|perzik
🍒|bessen|fruit|kersen|rood
🍓|aardbei|bes|fruit
🫐|bessen|blauwbessen|bosbessen|fruit|voedsel
🥝|fruit|kiwi|voedsel
🍅|fruit|groente|tomaat|voedsel
🫒|olijf|voedsel
🥥|eten|kokosnoot|palmboom|pina colada|voedsel
🥑|avocado|fruit|voedsel
🍆|aubergine|groente
🥔|aardappel|groente|voedsel
🥕|groente|voedsel|wortel
🌽|boerderij|doolhof|gewassen|kolf|maïs
🌶️|heet|peper
🫑|capsicum|groente|paprika|peper|voedsel
🥒|augurk|eten|groente|komkommer
🥬|bladgroente|boerenkool|bok choy|burgers|kool|paksoi|salade|sla
🥦|broccoli|kool|wild
🧄|knoflook|smaakmaker
🧅|smaakmaker|ui
🥜|eten|groente|noot|pinda’s
🫘|bonen|kidneyboon|klein|peulvrucht|voedsel
🌰|amandel|kastanje|plant
🫚|bier|gemberwortel|specerij|wortel
🫛|bonen|dop|edamame|erwtendop|groente|peulvrucht
🍄‍🟫|bruine paddenstoel|bruine paddestoel|champignon|eten|groente|natuur|paddenstoel|paddo|pizza|schimmel|shiitake
🫜|biet|groente|raap|tuin|wortel
🍞|brood|eten|koolhydraten|tarwe|voedsel
🥐|brood|croissant|eten|frans|ontbijt|voedsel
🥖|brood|eten|frans|stokbrood
🫓|arepa|brood|eten|gordita|lavash|naan|pita|platbrood
🥨|gedraaid|krakeling|pretzel
🥯|bagel|bakkerij|brood|ontbijt|spread
🥞|crêpe|eten|flensje|ontbijt|pannenkoeken
🧇|besluiteloos|ijzer|ontbijt|wafel
🧀|kaas|plak
🍖|bot|vlees
🍗|bot|gevogelte|honger|kalkoen|kippenpoot|poot
🥩|biefstuk|bout|karbonade|kotelet|lamskotelet|rood|vlees
🥓|eten|ontbijt|spek|vlees
🍔|burger|eten|fastfood|hamburger|honger
🍟|eten|fastfood|frans|frietjes
🍕|eten|honger|kaas|pepperoni|pizza|punt
🌭|braadworst|frankfurter|hotdog|knakworst|worst
🥪|brood|sandwich
🌮|mexicaans|taco
🌯|burrito|mexicaans|wrap
🫔|eten|mexicaans|pamonha|tamale|verpakt
🥙|eten|falafel|gevuld|gyros|kebab|pitabrood
🧆|falafel|gehaktbal|kikkererwt
🥚|ei|ontbijt|voedsel
🍳|bakken|ei|gemakkelijk|koken|ontbijt|pan|restaurant|spiegelei
🥘|braadpan|eten|ondiep|paella|pan
🍲|pan|soep|stoofschotel|voedsel
🫕|chocolade|eten|fondue|gesmolten|kaas|pot|ski
🥣|cornflakes|eten|kom met lepel|muesli|ontbijtgranen|pap|soep|voedsel
🥗|eten|groen|salade
🍿|film|maïs|popcorn
🧈|boter|zuivel
🧂|gezouten|overstuur|smaak|specerij|zoutvaatje
🥫|blik|ingeblikt|voedsel
🍱|bento|box|voedsel
🍘|cracker|eten|rijst
🍙|balletje|eten|japans|rijst
🍚|gekookt|rijst|voedsel
🍛|curry|rijst|voedsel
🍜|chopsticks|dampend|eten|kom|noedels|pho|ramen|soep
🍝|eten|gehaktballen|pasta|restaurant|spaghetti
🍠|aardappel|eten|gepoft|zoet
🍢|eten|kebab|oden|restaurant|spies|stokje|zeevruchten
🍣|eten|sushi
🍤|garnaal|garnalen|gefrituurd|tempura
🍥|koekje|krul|viskoekje met krul
🥮|cake|festival|herfst|maan|yuèbǐng
🍡|dango|dessert|japans|spies|stokje|zoet
🥟|dumpling|empanada|gyōza|jiaozi|pierogi|potsticker
🥠|geluk|koekje|profetie
🥡|afhaalmaaltijd|bezorgen|doggybag|eten|oesteremmer|stokjes|voedsel
🍦|dessert|eten|ijs|restaurant|room|softijs|zoet
🍧|dessert|geschaafd|ijs|restaurant|zoet
🍨|dessert|eten|ijs|restaurant|room|zoet
🍩|dessert|donut|eten|voedsel|zoet
🍪|chip|chocolade|dessert|koekje|zoet
🎂|dessert|gebak|gelukkig|taart|verjaardagstaart|viering|zoet
🍰|cake|dessert|gebak|plak|zandgebak|zoet
🧁|bakkerij|cupcake|dessert|hagelslag|suiker|traktatie|zoet
🥧|fruit|gebakje|hartige taart|pastei|taart|vlees|vulling
🍫|chocolade|dessert|halloween|reep|snoep|zoetekauw
🍬|dessert|eten|gaatjes|snoep|voedsel|wikkel|zoet
🍭|dessert|eten|lolly|snoep|voedsel|zoet
🍮|dessert|pudding|vla|zoet
🍯|beer|eten|honingpot|pot|vat|zoet
🍼|babyflesje|drinken|flesje|flesvoeding|geboorte|melk
🥛|drinken|glas|melk
🫖|drinken|eten|pot|theepot|zettten
🍵|drankje|drinken|kop|theekopje zonder oor
🍶|bar|café|drankje|drinken|fles|kopje|sake
🍾|bar|drinken|fles|knallen|kurk
🍷|alcohol|bar|café|drankje|drinken|glas|restaurant|wijnglas
🍸|alcohol|bar|café|cocktailglas|drinken|glas|mad men|martini
🍹|alcohol|bar|club|drankjes|drinken|dronken|mai tai|mix|tropisch drankje
🍺|alcohol|bar|bierglas|café|drinken|duitsland|glas|oktoberfest|pils|pint
🍻|alcohol|bar|bier|café|drinken|glas|klinkende bierglazen|proostende bierglazen
🥂|drinken|glas|glazen|klinken|toosten|vieren
🥃|glas|likeur|shot|tumbler|whiskey|whisky
🫗|drinken|gieten|glas|leeg|morsen|oeps|ongelukje|vloeistof uitgieten
🥤|beker met rietje|drinken|frisdrank|sap|water
🧋|boba|bubbel|melk|parel|thee|voedsel
🧃|drankje|pakje|rietje|sap|zoet
🧉|drank|maté
🧊|ijsberg|klontje|koud
🥢|chopsticks|eetstokjes|eten|stokjes
🍽️|bord|diner|eten|koken|mes|vork
🍴|bestek|eten|honger|koken|lekker|lunch|mes en vork|ontbijt|restaurant|uit eten|vork en mes
🥄|bestek|lepel|tafelgerei
🔪|keukenmes|koken|koksmes|mes|wapen
🫙|container|leeg|niets|pot|saus|specerij|winkel
🏺|amfoor|amfora|drinken|horoscoop|koken|kruik|sterrenbeeld|waterman
🌍|aarde|afrika|europa|wereldbol met europa-afrika
🌎|aarde|amerika|noord- en zuid-amerika|wereldbol met noord- en zuid-amerika
🌏|aarde|australië|azië|wereldbol met azië-australië
🌐|aarde|internet|meridianen|wereldbol met meridianen|www
🗺️|kaart|wereldkaart
🗾|japan|kaart van japan
🧭|kompas|magnetisch|navigatie|oriëntatielopen|oriënteringslopen|richting
🏔️|berg met besneeuwde toppen|koud|sneeuw
⛰️|berg
🛘|aardbeving|berg|gevaar|lawine|modderlawine|ramp|stenen
🌋|berg|lava|magma|natuur|vulkaanuitbarsting
🗻|berg|fuji|natuur|vulkaan
🏕️|camping|kamperen|tent
🏖️|parasol|strand met parasol
🏜️|woestijn
🏝️|eiland|onbewoond
🏞️|nationaal park|natuurgebied|park
🏟️|amfitheater|stadion
🏛️|gebouw|historisch gebouw|klassieke oudheid|renaissance|rome|zuilen
🏗️|bouwen|haven|hijskraan|woningbouw
🧱|baksteen|bakstenen|cement|gemetseld|klei|metselen|mortel|muur|steen
🪨|betrouwbaar|graniet|rotsblok|steen|sterk|zwaar
🪵|balk|bijl|boomstam|hakken|hout|open haard|stam|timmerhout|vuur|zagen
🛖|huis|hut|joert|onderdak|ronde hut|strand|woning
🏘️|buurt|huis|huizen
🏚️|bouwval|gebouw|huis|vervallen
🏠|gebouw|huis|settelen|thuis|villa|voorstad|vrijstaande woning
🏡|gebouw|huis met tuin|huisje boompje beestje|settelen|thuis|tuin|voorstad|vrijstaande woning
🏢|gebouw|kantoorbaan|kantoorgebouw|werk
🏣|gebouw|japans postkantoor|post
🏤|europees|gebouw|postkantoor
🏥|dokter|gebouw|medicijnen|ziekenhuis
🏦|bank|gebouw
🏨|gebouw|hotel
🏩|gebouw|hotel|liefdeshotel|love-hotel|lovehotel
🏪|boodschappen|gebouw|supermarkt|winkel
🏫|gebouw|school
🏬|gebouw|warenhuis|winkelen
🏭|fabriek|gebouw
🏯|gebouw|japans|kasteel
🏰|europees|gebouw|kasteel|middeleeuwen
💒|bruiloft|huwelijk|kapel|romantiek|trouwkapel
🗼|tokio-toren|tokiotoren|toren
🗽|beeld|new york|nyc|vrijheidsbeeld
⛪|christelijk|geloof|kapel|kerk|kruis|religie
🕌|geloof|islam|moskee|moslim|religie
🛕|gebouw|geloof|goden|hindoetempel|india|religie|tempel
🕍|geloof|jodendom|joods|religie|synagoge|tempel
⛩️|geloof|japans|poort|religie|shinto-tempel|tempel|torii
🕋|bedevaart|geloof|islam|kaäba|mekka|moslim|religie
⛲|fontein
⛺|kamperen|tent
🌁|mistig
🌃|metropool|miljoenenstad|nacht|stad bij nacht|sterrenhemel
🏙️|flatgebouwen|gebouw|metropool|miljoenenstad|stadsgezicht
🌄|bergen|ochtend|zonsopgang in de bergen
🌅|ochtend|zonsopgang
🌆|avond|gebouw|landschap|metropool|miljoenenstad|schemer|stad bij schemering|zonsondergang
🌇|flatgebouwen|gebouw|metropool|miljoenenstad|schemer|zonsondergang
🌉|avond|brug bij nacht|nachtelijke brug
🎠|carrousel|draaimolenpaard|kermis|paard|pretpark
🛝|glijbaan|glijden|kinderen|speeltuin|spelen
🎡|kermis|pretpark|rad|reuzenrad
🎢|achtbaan|baan|pretpark
💈|kapperspaal|kapsel|paal
🎪|circustent|tent
🚂|locomotief|reizen|spoorweg|stoomtrein|trein|vervoermiddel|voertuig
🚃|elektrisch|spoor|tram|treinwagon|trolleybus|vervoermiddel|voertuig|wagon
🚄|hogesnelheidstrein|hsl|shinkansen|snelheid|spoor|trein|ultrasnel|vervoermiddel|voertuig
🚅|hoge snelheid|kogeltrein|neus|reizen|shinkansen|snelheid|spoorweg|trein
🚆|aankomst|spoor|trein|vertrek|vervoermiddel|voertuig
🚇|metro|ondergrondse|vervoermiddel|voertuig
🚈|lightrail|monorail|spoor|vervoermiddel|voertuig
🚉|spoor|station|treinstation|vervoermiddel|voertuig
🚊|tram|trolleybus|vervoermiddel|voertuig
🚝|monorail|vervoermiddel|voertuig
🚞|bergspoor|spoor|vervoermiddel|voertuig|wagon
🚋|tramwagon|trolleybus|vervoermiddel|voertuig|wagon
🚌|bus|schoolbus|vervoermiddel|voertuig
🚍|bus|naderende bus|tegemoetkomende bus|vervoermiddel|voertuig
🚎|bus|tram|trolleybus|vervoermiddel|voertuig
🚐|bus|minibus|vervoermiddel|voertuig
🚑|ambulance|hulpdienst|spoed|vervoermiddel|voertuig
🚒|auto|brandweerauto|hulpdienst|spoed|vervoermiddel|voertuig
🚓|auto|hulpdienst|politieauto|politiewagen|vervoermiddel|voertuig
🚔|auto|hulpdienst|naderende politieauto|politie|tegemoetkomende politiewagen|vervoermiddel|voertuig
🚕|taxichauffeur|uber|vervoermiddel|voertuig
🚖|auto’s|geel|naderend|rijden|roepen|taxi
🚗|automobiel|rijden|vervoermiddel|voertuig
🚘|automobiel|naderende auto|tegemoetkomende auto|vervoermiddel|voertuig
🚙|auto|kampeerauto|recreatie|rijden|suv|vervoermiddel|voertuig
🛻|auto|bestelbak|laadbakwagen|pick-up|transport|truck|vervoer|vracht|wagen
🚚|bestelbus|bestelwagen|bezorging|bus|levering|pakketdienst|truck|vervoermiddel|voertuig
🚛|truck|vervoermiddel|voertuig|vrachtauto|vrachtwagen met oplegger
🚜|tractor|trekker|vervoermiddel|voertuig
🏎️|auto|formule 1|raceauto|racen|racewagen|vervoermiddel|voertuig|vroem
🏍️|motor|racen|vervoermiddel|voertuig
🛵|brommer|motor|scooter|vervoermiddel|voertuig
🦽|duwen|rolstoel|toegankelijkheid|zitten
🦼|elektrische rolstoel|rijden|toegankelijkheid|wiel
🛺|auto|azië|riksja|thailand|tuktuk|vervoer|wagen
🚲|fietsen|rijwiel|spinning|vervoermiddel|voertuig
🛴|autoped|steppen|vervoermiddel|voertuig
🛹|board|deck|skateboard|skaten|skater|wielen
🛼|hobby|rollerskates|rolschaatsen|schaats|skaten|sporten
🚏|bushalte|halte
🛣️|autosnelweg|snelweg|weg
🛤️|spoor|treinspoor
🛢️|olievat|vat
⛽|benzinepomp|benzinestation|brandstof|pomp|station
🛞|auto|band|cirkel|draaien|velgen|vervoer|voertuig|wiel
🚨|alarm|auto|baken|draaiend|licht|noodgeval|politie|sirene|waarschuwing
🚥|horizontaal verkeerslicht|licht|stoplicht|verkeerslichten
🚦|kruising|licht|stoplicht|verkeerslichten|verticaal verkeerslicht
🛑|achthoekig|bord|stopteken|verkeersteken
🚧|barricade|bouwwerkzaamheden|werkzaamheden
🛟|boei|drijven|redden|reddingsboei|reddingsgordel|reddingsvest|veiligheid|verdrinken|zwemmen
⛵|boot|jachthaven|vaartuig|vervoermiddel|zee|zeilboot
🛶|boot|kajak|kano|vaartuig|vervoermiddel
🚤|boot|jacht|luxe|miljonair|reizen|speedboot|vaartuig|zomer
🛳️|passagiersschip|schip|veerboot|vervoermiddel|voertuig
⛴️|boot|passagier|veerboot|veerpont
🛥️|boot|motorboot|vaartuig|vervoermiddel
🚢|boot|passagiersschip|schip|titanic|vaartuig
🛩️|jet|klein vliegtuig|luchtvaartuig|vervoermiddel|vliegmachine|vliegtuigje
🛫|inchecken|opstijgen|vertrek van vliegtuig|vertrekken|vervoermiddel|vliegmachine|vliegtuig|voertuig
🛬|aankomen|aankomst van vliegtuig|landen|landing|vervoermiddel|vliegmachine|vliegtuig|voertuig
🪂|activiteit|deltavliegen|hanggliden|parachutespringen|parasailen|skydiven
💺|stoel|treinstoel|vliegtuigstoel
🚁|helikopter|roflcopter|roflkopter|vervoermiddel|voertuig
🚟|hangend spoor|spoor|vervoermiddel|voertuig|zweeftrein|zwevend
🚠|bergkabelbaan|gondel|kabel|skilift|vervoermiddel|voertuig
🚡|baan|gondel|kabelbaan|transportbaan|vervoermiddel|voertuig
🛰️|ruimtevaart|satelliet
🚀|lancering|raket|ruimtereis|vervoermiddel|voertuig
🛸|aliens|buitenaardse wezens|science fiction|ufo|vervoermiddel|vliegende schotel|voertuig
🛎️|baliebel|bel|hotel|piccolobel
🧳|bagage|inpakken|koffer|reis|reizen|rolkoffer|trolley
⌛|tijd|timer|zandloper
⏳|tijd|timer|zandloper met stromend zand
⌚|horloge|klok|polshorloge|tijd
⏰|alarm|klok|tijd|wekker
⏱️|klok|stopwatch|timer
⏲️|keukenwekker|klok|kookwekker|timer
🕰️|klok|pendule|staande klok|tijd
🕛|00|12:00|klok|tijd|twaalf|uur
🕧|00:30|12:30|30|dertig|half één|klok|tijd|twaalf|uur
🕐|00|01:00|1:00|13:00|één|klok|tijd|uur
🕜|1:30|13:30|30|dertig|een|één|half twee|klok|tijd
🕑|00|02:00|14:00|2:00|klok|tijd|twee|uur
🕝|14:30|2:30|30|dertig|half drie|klok|tijd|twee
🕒|00|03:00|15:00|3:00|drie|klok|tijd|uur
🕞|15:30|3:30|30|dertig|drie|half vier|klok|tijd
🕓|00|04:00|16:00|4:00|klok|tijd|uur|vier
🕟|16:30|30|4:30|dertig|half vijf|klok|tijd|vier
🕔|00|05:00|17:00|5:00|klok|uur|vijf
🕠|05:30|17:30|30|5:30|dertig|half zes|klok|tijd|vijf
🕕|00|06:00|18:00|6:00|klok|tijd|uur|zes
🕡|06:30|18:30|30|6:30|dertig|half zeven|klok|tijd|zes
🕖|00|07:00|19:00|7:00|klok|tijd|uur|zeven
🕢|07:30|19:30|30|7:30|dertig|half acht|klok|tijd|zeven
🕗|00|08:00|20:00|8:00|acht|klok|tijd|uur
🕣|08:30|20:30|30|8:30|acht|dertig|half negen|klok|tijd
🕘|00|09:00|21:00|9:00|klok|negen|tijd|uur
🕤|09:30|21:30|30|9:30|dertig|half tien|klok|negen|tijd
🕙|00|10:00|22:00|klok|tien|tijd|uur
🕥|10:30|22:30|30|dertig|half elf|klok|tien|tijd
🕚|00|11:00|23:00|elf|klok|tijd|uur
🕦|11:30|23:30|30|dertig|elf|half twaalf|klok|tijd
🌑|avond|donker|maansverduistering|nieuwe maan|ruimte
🌒|avond|jonge maansikkel|maan|ruimte|sikkel|wassende halvemaan
🌓|avond|kwartier|maan in eerste kwartier|ruimte
🌔|avond|bolvormig|maan|ruimte|tussen halve maan en volle maan|wassende maan
🌕|avond|maan|ruimte|volle maan
🌖|afnemende maan|avond|bolvormig|maan|ruimte|tussen halve maan en volle maan|wassend
🌗|avond|kwartier|maan in laatste kwartier|ruimte
🌘|afnemende halvemaan|asgrauwe maan|avond|maansikkel|nacht|ruimte|sikkel
🌙|avond|halvemaan|maansikkel|ramadan|ruimte|sikkel|slapen
🌚|avond|gezicht|maan|nieuwe maan met gezicht|nieuwe maan-gezicht|ruimte
🌛|avond|eerste kwartier|gezicht|kwartier|maan in eerste kwartier met gezicht|maan met gezicht in eerste kwartier|ruimte|slapen
🌜|avond|gezicht|kwartier|laatste kwartier|maan in laatste kwartier met gezicht|maan met gezicht in laatste kwartier|ruimte|slapen
🌡️|koorts|thermometer|weer
🌝|avond|gezicht|heldere maan|maan|ruimte|volle maan met gezicht
🌞|gezicht|helder|warm|weer|zon met gezicht|zonneschijn
🪐|heelal|planeet met ringen|ringen|ruimte|saturnus|zonnestelsel|zwaarmoedig
⭐|ster|witte middelgrote ster
🌟|fonkelend|schitterend|schittering|ster|stralende ster
🌠|hemel|ruimte|ster|vallende ster
🌌|melkweg|ruimte
⛅|weer|wolk|zon achter wolken
⛈️|onweer|regen|weer|wolk met bliksem en regen
🌤️|weer|wolk|zon achter kleine wolk
🌥️|weer|wolk|zon achter grote wolk
🌦️|regen|weer|wolk|zon achter regenwolk|zon achter wolk met regen
🌧️|regen|weer|wolk met regen
🌨️|koud|sneeuw|weer|winter|wolk met sneeuw
🌩️|bliksem|weer|wolk met bliksem
🌪️|storm|tornado|weer|wervelwind|wolk
🌫️|bewolkt|mist|weer|wolk
🌬️|blazen|gezicht dat wind blaast|weer|wind met gezicht|wolk
🌀|cycloon|duizelig|spiraal|twister|tyfoon|weer
🌈|genderqueer|glbt|homoseksueel|lesbisch|lgbtq|lgtbqia|lhbt|natuur|pride|queer|regenboog|transgender|weer
🌂|dichte paraplu|ingevouwen paraplu|kleding|paraplu|regen|weer
⛱️|parasol op de grond|regen|strandparasol|zon
⚡|bliksem|donderslag|elektriciteit|elektrisch|gevaar|hoog voltage|schok|spanning|voltage
⛄|koud|sneeuwpop zonder sneeuwvlokken
🔥|brand|heet|hulpmiddel|vlam|vuur
💧|bedroefd|druppel|koud|strip|water|weer|zweet
🌊|golfsurfen|golven|japan|kanagawa|oceaan|surfen|water|weer|zee
🎃|feest|halloweenlantaarn|lampion|lantaarn|pompoenlantaarn|sint maarten
🎄|boom|feest|kerstboom|kerstmis|viering
🎆|feest|jaarwisseling|knal|oud en nieuw|oudejaarsavond|vermaak|viering|vuurwerk
🎇|afsteken|feest|jaarwisseling|knal|oud en nieuw|oudejaarsavond|sterretje|viering|vuurwerksterretje
🧨|boem|dynamiet|explosief|licht|ontploffing|rotje|vonk|vuurwerk
🎈|ballon|feest|jarig|verjaardag|vieren|viering
🎉|confetti|feestknaller|hoera|jarig|knaller|partypopper|verjaardag|viering
🎊|bal|confettibal|feest|hoera|jarig|verjaardag|viering
🎋|boom met papierlinten|feest|japans|papierlinten|tanabataboom
🎍|bamboe|dennenboomversiering|dennentakdecoratie|feest|japans|plant
🎎|feest|festival|japanse poppen|poppen|viering
🎏|feest|karperslinger|karperwimpel|slinger|wimpel
🎐|bel|feest|windklokkenspel|windorgel
🎑|ceremonie|feest|maanceremonie|maanobservatieceremonie|viering
🧧|cadeau|geld|geluk|geschenk|hóngbāo|lai see|rode enveloppe|voorspoed
🎀|feest|roze lint|strik|viering
🎁|cadeautje|cadeauverpakking met strik|feest|ingepakt|verpakking
🎗️|bewustzijnslintje|herinneringslintje|lintje|viering
🎟️|entreekaartjes|kaartje|toegangskaartje
🎫|entreekaartje|kaartje|ticket|toegangskaartje
🎖️|medaille|militaire medaille|onderscheiding|viering
🏆|beker|gewonnen|kampioen|overwinning|prijs|trofee|winnaar
🏅|eerste plaats|gewonnen|medaille 1e plaats|medaille met ster|sportmedaille|winnaar
🥇|eerste|gewonnen|gouden|medaille 1e plaats|winnaar
🥈|medaille 2e plaats|tweede plaats|zilver
🥉|brons|bronzen|derde plaats|medaille 3e plaats
⚽|bal|futsal|messi|ronaldo|sport|voetbal
⚾|bal|honkbal|sport
🥎|bal|handschoen|onderarm|onderhands|softbal|sport|werpen
🏀|bal|basketbal|sport
🏐|bal|volleybal|wedstrijd
🏈|american football|amerikaans|bal|football|sport|super bowl
🏉|bal|football|rugby|sport|voetbal
🎾|bal|sport|tennisbal|tennisracket
🥏|frisbee|schijf|ultiem|ultimate|vliegende schotel|werpschotel
🎳|bal|bowlen|spel|sport|strike
🏏|bal|bat|cricketbat en bal|slaghout|sport|wedstrijd
🏑|bal|hockeystick en bal|sport|stick|veld|wedstrijd
🏒|ijshockeystick en puck|puck|sport|stick|wedstrijd
🥍|bal|doel|lacrosse|sport|stick
🏓|bal|batje|pingpong|sport|tafeltennis|wedstrijd
🏸|badmintonracket en shuttle|pluimbal|racket|shuttle|sport|wedstrijd
🥊|boksen|bokshandschoen|handschoen|sport
🥋|judo|karate|kunst|taekwondo|uniform|vecht
🥅|doelnet|goal|net|sport
⛳|golf|hole|sport|vlag in hole
⛸️|ijs|kunstschaatsen|schaatsen|sport|witte schaats
🎣|hengel|sport|vishengel
🤿|duikbril|duiken|duikmasker|onder water|scubaduiken|snorkelen|vis|zee
🎽|atletiek|hardloopshirt|hardlopen|shirt|sjerp|sport
🎿|laars en skis|ski’s|skiën|skischoen|sneeuw|sport|wintersport
🛷|rodelen|roetsjen|slede|sleeën|sleetje|sneeuw
🥌|curlingsteen|kei|spel|sport|steen
🎯|bull’s eye|bullseye|darts|directe treffer|doelwit|in de roos|spel|sport|treffer|voltreffer
🪀|fluctueren|jojo|kinderen|op en neer|speelgoed|spelen
🪁|buiten|opstijgen|spelen|vliegen|vlieger|zweven
🔫|gereedschap|pistool|revolver|vuurwapen|wapen|waterpistool
🎱|8 ball|8-ball|acht|bal|biljart|pool|spel
🔮|bol|glazen bol|kristallen bol|magie|sprookje|toekomst voorspellen|waarzeggen|waarzeggerij
🪄|goochelaar|goochelen|heks|magie|magiër|tovenaar|toveren|toverstok|tovertruc
🎮|controller|gamecontroller|playstation|spel|videogame|videospel|xbox
🕹️|game|joystick|videogame|videospel
🎰|casino|eenarmige bandiet|fruitautomaat|gokkast|gokken|spel
🎲|dobbelen|dobbelsteen|dobbelstenen|spel|yahtzee
🧩|aanwijzing|gekoppeld|legpuzzel|passend|puzzelstukje|schakel|stukje
🧸|beertje|knuffelbeer|knuffelbeest|pluche|speelgoed|speeltje|teddy beer|teddybeer
🪅|cinco de mayo|feest|mexicaans|mexico|piñata|snoepgoed|vieren|viering
🪩|dansen|discobal|feest|glitter|spiegelbal
🪆|baboesjka’s|genest|matroesjka|poppetjes|rusland|russisch
♟️|pion|schaken|slachtoffer|waardeloos
🃏|jokerkaart|kaarten|spelen
🀄|mahjong rode draak|rode draak|rood|spel|stenen
🎴|bloemenkaart|bloemspeelkaarten|hanafuda|japans|kaartspel|speelkaarten|spelen
🎭|kunst|maskers|optreden|theater|toneelkunsten|treurspel
🖼️|afbeelding|kunst|lijst met afbeelding|museum|schilderij
🎨|creatief|kleurrijk|kunstzinnig|museum|palet|schilderen|schilderij|schilderspalet
🧵|draad|garen|klos|naaien|naald
🪡|borduren|draad|hechten|hechtingen|hobby|kleding|kleermaken|naaien|naald|speld
🧶|bal|bol|breien|draad|haken|wol
🪢|boot|geknoopt|hobby|knoop|knopen|kronkel|padvinder|streng|touw|zeilen
👓|bijziend|brillen|kleding|oog|verziend|zien|zonnebril
🕶️|brillen|donker|oog|zonnebril
🥽|bescherming|bril|duiken|lassen|oog|zwemmen
🥼|dokter|dr.|experiment|jas|kleding|lab|wetenschapper|wit
🦺|gevaarlijk|noodgeval|veiligheidsvest|vest
👔|formeel|kleding|overhemd|pak|stropdas
👕|blauw shirt|kleding|kraag|poloshirt|shirt|t-shirt|vrijetijdskleding
👖|broek|jeans|kleding|spijkerbroek
🧣|koud|nek|sjaal
🧤|handschoenen
🧥|blazer|brr|jack|jas|koud|warm aankleden
🧦|kousen|sokken
👗|blauwe jurk|dansen|jurk|kledingstuk|sjiek|winkelen
👘|japans|japon|kimono|kleding
🥻|jurk|kledij|kleding|sari
🩱|badpak uit één stuk|strand|zomer|zwembad|zwemgerief|zwemmen|zwempak
🩲|onderbroek|ondergoed|slip|sporten|strand|zwembroek|zwemgerief|zwemkleding|zwemmen
🩳|badpak|broek|korte broek|ondergoed|pak|zwem
👙|bikini|kleding|zwembad|zwemkleding|zwemmen
👚|blouse|dameskleding|kleding|shirt
🪭|afkoelen|dansen|fladderen|heet|opvouwbare waaier|verlegen|waaier
👛|accessoire|beurs|geld uitgeven|kleding|knip|munt|portefeuille|portemonnee|roze portemonnee|winkelen
👜|accessoire|handtas|kleding|modieuze tas|tas|winkelen
👝|accessoire|clutch|enveloptas|handtas|kleding|tasje
🛍️|boodschappentassen|hotel|tas|winkelen
🎒|boekentas|rugzak|schooltas|tas
🩴|sandaal|sandalen|schoen|slipper|strandslipper|teenslipper|zōri
👞|formeel|herenschoen|kleding|leren schoen|man|nette schoen|schoen
👟|atletiek|hardlopen|kleding|rennen|schoen|sneaker|sporten|sportschoen
🥾|backpacken|bruin|buiten|kamperen|laars|schoen|wandelen
🥿|ballerina’s|comfortabel|flatjes|instapper|platte schoen|slip-on
👠|hak|hoge hak|kleding|naaldhak|pump|schoen met hoge hak|stiletto|vrouw
👡|damessandaal|hak|hoge hak|kleding|muiltje|sandaal|schoen met open teen|vrouw
🩰|ballerina|balletschoenen|dansen|pirouette|schoenen|spitzen
👢|dameslaars|kleding|laars|schoen|vrouw
🪮|afro|haarkam|kam|kroes
👑|adel|game of thrones|kleding|koningin|koninklijk|kroon|middeleeuwen|vorstin
👒|dameshoed|hoed met strik|kleding|vrouw
🎩|fancy|formeel|goochelen|goochelhoed|hoed|hoge hoed|hoog|kleding
🎓|afstuderen|baret|feest|hoed|kleding|opleiding|student
🧢|baseballcap|hoofddeksel|pet
🪖|helm|krijger|legerhelm|militair|oorlog|soldaat|vechter|voorwerp
⛑️|gezicht|helm|hoed|hulp|kruis|redding|werknemer
📿|gebedsketting|gebedskralen|gebedssnoer|geloof|ketting|kleding|kralen
💄|afspraakje|cosmetica|date|lippenstift|make-up|opmaken
💍|bruiloft|diamant|glinsteren|ring|romantiek|schitteren|trouwen|verloving
💎|bruiloft|diamant|edelsteen|juweel|romantiek|trouwen|verloving
🔇|dempen|geen geluid|geluid uit|luidspreker|mute|speaker uit|stil|volume
🔈|laag volume|luidspreker|speaker|volume|zacht
🔉|gemiddeld volume|luidspreker|speaker aan|volume
🔊|hard|hoog volume|luidspreker|speaker|volume
📢|luidspreker|megafoon|toespraak|toespreken
📣|communicatie|geluid|gouden megafoon|juichen|megafoon|versterken
📯|blaasinstrument|hoorn|jachthoorn|posthoorn
🔔|bel|kerkklok|klok|luiden|pauze|rinkelen
🔕|bel|dempen|doorgestreepte bel|geen geluid|geluid uit|niet toegestaan|stilte
🎼|g-sleutel|muziek|notenschift|partituur
🎵|achtste noten|muzieknoot|noot
🎶|achtste noten|geluid|muzieknoten|noot|noten
🎙️|microfoon|muziek|studiomicrofoon
🎚️|muziek|niveau|schuifje|schuifregelaar|volumeregelaar
🎛️|bediening|controleknoppen|knoppen|muziek
🎤|geluid|karaoke|microfoon|muziek|zingen
🎧|geluid|hoofdtelefoon|koptelefoon|oordopje
📻|entertainment|muziek|radio
🎷|instrument|muziekinstrument|saxofoon
🎺|instrument|muziekinstrument|trompet
🪊|droevig|instrument|jazz|koper|muziek|schuiven
🪗|accordeon|bandoneon|concertina|instrument|muziek|trekzak
🎸|gitaar|instrument|muziekinstrument|stratocaster
🎹|instrument|keyboard|muziekinstrument|piano
🎻|instrument|muziekinstrument|stradivarius|viool
🪕|banjo|besnaard|instrument|muziek|snaarinstrument|spelen
🥁|drummen|drumsticks|muziekinstrument|trommelen|trommelstokken
🪘|beat|conga|hoog|instrument|ritme|trom
🪇|instrument|muziek|percussie|ratelen|sambaballen|schudden
🪈|blokfluit|dwarsfluit|fluit|houtblazer|muziek|pijperfluit
🪉|cupido|harp|instrument|liefde|muziek|orkestra
📱|bellen|communicatie|mobiele telefoon|smartphone|telefoon
📲|bellen|mobiel met pijl|mobiele telefoon|ontvangen|pijl|smartphone|telefoon
☎️|rode telefoon met hoorn|telefoon|vaste telefoon
📞|bellen|hoorn|telefoonhoorn
📟|pager|pieper
📠|communicatie|faxapparaat
🔋|batterij
🪫|accu|batterij bijna leeg|electronisch|lege batterij|weinig batterijlading
🔌|elektriciteit|elektrisch|stekker
💻|computer|laptop|notebook|pc|personal computer
🖥️|beeldscherm|computer|desktop|monitor
🖨️|afdrukken|computer|printer
🖱️|computermuis|muis
🖲️|computer|trackball
💽|computer|disk|harddisk|minidisc|optisch
💾|computer|diskette|floppydisk|opslaan
💿|blu-ray|cd-rom|computer|dvd|optische schijf|schijf
📀|blu-ray|cd|computer|dvd|optisch|schijf
🧮|abacus|berekenen|optellen|rekenen|rekenmachine|tellen|telraam
🎥|bioscoop|bollywood|camera|filmcamera|hollywood|opnemen
🎞️|bioscoop|filmframes|filmrol|films|frames
📽️|bioscoop|filmprojector|projector|video
🎬|actie|entertainment|filmklapper|filmset|klapbord|klapper|opnames
📺|beeldbuis|televisie|tv
📷|camera|fotocamera|fotograferen|selfie|snap|video
📸|camera met flitser|flitser|fotograferen|video
📹|camcorder|camera|videocamera
📼|band|film|vhs|videoband
🔍|gereedschap|glas|vergrootglas naar links gericht|vergroten|zoeken
🔎|gereedschap|glas|vergrootglas naar rechts gericht|vergroten|zoeken
🕯️|kaarslicht|licht
💡|elektrisch|gloeilamp|idee|lamp|licht|peertje|strip
🔦|elektrisch|lamp|licht|zaklamp|zaklantaarn
🏮|bar|lantaarn|licht|rode papieren lantaarn|rood
🪔|diya-lamp|lamp|licht|olie|vlam
📔|boek|decoratief|notitieboekje|omslag|opleiding|school|schrijven|versierd
📕|bibliotheek|boek|educatie|gesloten|lezen|onderwijs
📖|boek|geopend|open
📗|bibliotheek|boek|educatie|groen|lezen|onderwijs
📘|bibliotheek|blauw|boek|educatie|lezen|onderwijs
📙|bibliotheek|boek|educatie|lezen|onderwijs|oranje
📚|boeken|educatie|kennis|lezen|onderwijs|opleiding|school
📓|notitieboek|schrift
📒|grootboek|map|notitieboek|ringband|schrift
📃|bladzijde|document|half opgerold papier|krul|omkrullende pagina|pagina met krul|papier
📜|papierrol|perkamentpapier|rol
📄|bladzijde|document|pagina met bovenzijde omhoog
📰|dagblad|krant|nieuwsblad|voorpagina|weekblad
🗞️|dagblad|krant|nieuwsblad|opgerolde krant|weekblad
📑|bladwijzers|bladwijzertabs|markering|tabbladen|tabs
🔖|bladwijzer|markering
🏷️|label
🪙|dollar|euro|geld|goud|metaal|munt|rijk|schat|zilver
💰|dollar|geldzak|rijk|zak met geld
🪎|buit|edelsteen|geld|goud|juwelen|kostbaarheden|prijs|rijkdom|zilver
💴|bankbiljet|biljet|briefgeld|briefje|geld|valuta|yenbiljet
💵|bankbiljet|biljet|briefgeld|briefje|dollarbiljet|geld|valuta
💶|bankbiljet|biljet|briefgeld|briefje|eurobiljet|geld|valuta
💷|bankbiljet|biljet|briefgeld|briefje|geld|pondbiljet|valuta
💸|bankbiljet|biljet|briefgeld|dollar|geld met vleugels|vleugels|vliegend bankbiljet|vliegend geld
💳|bank|betaalkaart|creditcard|geld|kaart|krediet|pinpas
🧾|administratie|bewijs|boekhouden|boekhouding|bonnetje|factuur|kassabon|kwitantie|rekening
💹|bank|geld|grafiek|groei|markt|stijging|toenemend|trend|valuta|yen
📧|brief|e-mail|mail|post
📨|binnengekomen|brief|e-mail|elektronische post|envelop|inkomende post|mail|ontvangen|post
📩|brief|communicatie|e-mail|envelop|omlaag|pijl|post|uitgaand|verzenden|verzonden
📤|brief|mail|postvak uit|uitgaand|verzonden
📥|brief|inkomend|mail|ontvangen|postvak in
📦|bezorging|dichtgeplakte doos|doos|pakketje
📫|brievenbus|gesloten brievenbus met vlaggetje omhoog|postbus
📪|brievenbus|gesloten brievenbus met vlaggetje omlaag|omlaag|postbus
📬|brievenbus|open brievenbus met vlaggetje omhoog|postbus
📭|brievenbus|omlaag|open brievenbus met vlaggetje omlaag|postbus
📮|brief posten|brievenbus met brief|postbus
🗳️|doos|stem uitbrengen|stembus met stembiljet
✏️|potlood
🖋️|pen|vulpen
🖊️|ballpoint|balpen|pen
🖌️|kwast|penseel|schilderen|schilderkwast|verven
🖍️|krijtje|rood krijtje
📝|aantekeningen|memo|opmerkingen|papier|potlood
💼|aktentas|aktetas|boekentas|handtas|kantoor
📁|bestandsmap|map
📂|bestand|geopende bestandsmap|geopende map|map|open
🗂️|index|kaarten|tabbladen
📅|datum|kalender
📆|kalender|scheurkalender
🗒️|notitieblok|schrijfblok met spiraal|spiraal
🗓️|blok|jaarkalender|kalender met spiraal|omlegkalender|spiraal
📇|index|kaartindex|rolodex|systeemkaarten
📈|diagram|grafiek met stijgende trend|groei|positief|stijgende trend
📉|dalende trend|daling|diagram|grafiek met dalende trend|negatief
📊|diagram|grafiek|staafdiagram|staafgrafiek
📋|klembord|notities|to-dolijst
📌|punaise|speld
📍|kaart|kopspeld|locatie|ronde speld|speld
📎|clip|paperclip
🖇️|aan elkaar|paperclips|twee paperclips aan elkaar|vastgemaakt
📏|liniaal|meetinstrument|meten|rechte lijn|wiskunde
📐|driehoek|geodriehoek|liniaal|meetinstrument|meten|wiskunde
🗃️|archief|bak|kaartenbak
🗄️|archiefkast|archiveren|kast
🗑️|prullenbak|prullenmand|recyclen
🔒|gesloten slot|privé|slot
🔓|gekraakt slot|geopend|hangslot|open slot|openen
🔏|inkt|pen|privacy|slot met pen|slot met vulpen|vulpen
🔐|beveiligd|gesloten slot met sleutel|sleutel|slok|slot met sleutel
🔑|beveiligd|op slot|openen|sleutel|wachtwoord
🗝️|aanwijzing|oude sleutel|ouderwetse sleutel|sleutel|slot
🔨|gereedschap|hamer|timmeren
🪓|bijl|gereedschap|hakken|houthakker|splijten
⛏️|gereedschap|mijnbouw|pikhouweel
🛠️|gereedschap|hamer en moersleutel|klussen|moersleutel
🗡️|dolk|mes|wapen
💣|bom|cartoonbom|explosie|gevaarlijk|ontploffing|strip
🪃|australië|boemerang|buiten|reactie|spel|terugslag
🏹|boogschieten|boogschutter|horoscoop|pijl en boog|sport|sterrenbeeld|wapen
🛡️|bescherming|middeleeuwen|schild|wapen
🪚|afzagen|gereedschap|houtzaag|timmeren|timmerman|voorwerp|zaag|zagen
🔧|engelse sleutel|gereedschap|moersleutel|schroefsleutel
🪛|gereedschap|klussen|repareren|schroef|schroevendraaier
🔩|bout en moer|gereedschap|moer
🗜️|bankschroef|gereedschap|lijmklem|samendrukken
🦯|blindenstok|lopen|taststok|toegankelijkheid
🔗|schakels|twee ringen
⛓️‍💥|boeien|breek|gebroken|ketting|vrijheid
⛓️|kettingen
🪝|aanbeveling|bocht|haak|hengel|kronkel|vangen|verstrikken|vissen
🧰|doos|gereedschapskist|kist|monteur|rode kist
🧲|aantrekkingskracht|hoefijzer|magneet|magnetisch|positief negatief|uvormig
🪜|klimmen|ladder|omhoog|omlaag|sport|trede|voorwerp
🪏|gat|graven|schep|schop|spade
🧪|chemicus|experiment|laboratorium|reageerbuis|scheikunde|scheikundige|wetenschap
🧫|bacterie|bacteriën|biologe|biologie|bioloog|cultuur|kweek|laboratorium|petrischaal
🧬|biologe|bioloog|dna|evolutie|genetica|genetisch|leven
🔬|experiment|gereedschap|instrument|laboratorium|microscoop|onderzoek|wetenschap
🔭|buitenaards leven|gereedschap|heelal|instrument|sterrenkijker|telescoop|wetenschap
📡|antenne|communicatie|satellietschotel|schotel
💉|dokter|gereedschap|griep|injectie|medicijn|naald|spuit|vaccinatie|ziek
🩸|bloeden|donatie|druppel|medicijnen|menstruatie|verwonding
💊|dokter|geneeskunde|medicatie|medicijn|pil|vitamine|ziek
🩹|bloed|pijn|pleister|snee|verband|wond|ziekenhuis
🩼|gewond|handicap|kruk|lopen|mobiliteitshulp|stok|wandelstok
🩺|arts|dokter|geneeskunde|hart|medicijnen|stethoscoop|ziekenhuis
🩻|borstkas|botten|dokter|medisch|ribben|röntgenfoto|skelet|ziekenhuis
🚪|achterdeur|deur|gesloten deur|voordeur
🛗|hijstoestel|lift|machine|omhoog|omlaag|personenlift|toegankelijkheid|voorwerp
🪞|make-up|opmaken|reflectie|reflector|speculum|spiegelbeeld|spiegels|voorwerp|weerspiegeling
🪟|doorzichtig|frisse lucht|kijken|kozijn|opening|raamkozijn|uitzicht|venster|voorwerp
🛏️|bed|hotel|slapen
🛋️|bank en lamp|hotel|lamp|sofa
🪑|hoge stoel|meubelstuk|stoel|zetel|zitten
🚽|toilet|wc
🪠|kracht|loodgieter|ontstopper|poep|wc|zuiger|zuigkracht
🚿|douchekop|water
🛁|badkuip met douche
🪤|aas|kaas|lokken|muizenval|strik|valstrik|vangen
🪒|baard|badkamer|mesjes|scheermes|scheren|scherp|voorwerp
🧴|crème|huidcrème|hydraterende lotion|lotion flacon|lotionfles|moisturizer|shampoo|zonnebrandcrème|zonnebrandolie
🧷|luierspeld|punk|speld|veiligheidsspeld
🧹|bezemsteel|heks|schoonmaken|vegen
🧺|boeren|landbouw|mand|oogsten|picknick|wasgoed|wasmand
🧻|closetrol|keukenrol|papieren handdoek|rol papier|toiletpapier|toiletrol|wc-papier|wc-rol
🪣|aker|dweilen|emmer|poetsen|putemmer|schoonmaken|vat|voorwerp|water
🧼|baden|inzepen|schoonmaken|schuim|stuk zeep|wassen|zeepbakje|zeephouder
🫧|bad|bubbels|onderwater|schoon|wassen|zeepbellen
🪥|badkamer|borstel|hygiëne|poetsen|tandenborstel|tandheelkunde|toiletartikelen
🧽|absorberend|baden|poreus|schoonmaken|schrobben|spons
🧯|blusapparaat|blussen|blusser|brandblusapparaat|brandblusser|doven|vuur
🛒|boodschappen|shoppen|wagentje|winkelen|winkelwagen
🚬|roken|sigaret
⚰️|doodskist|kist|vampier
🪦|begraafplaats|begrafenis|dood|grafsteen|grafzerk|kerkhof|overleden|voorwerp
⚱️|as|begrafenis|dood|urn
🧿|amulet|bedel|blauw|boze oog|kraal|nazar-amulet|talisman
🪬|amulet|bescherming|fatima|geluk|hamsa|handpalm|maria|mirjam|oog
🗿|beelden|gezicht|moai-beeld|paaseiland|reizen|standbeeld
🪧|bord|demonstratie|mars|plakkaat|poster|protesteren|slogan|voorwerp
🪪|beveiliging|id-kaart|identificatie|identiteitskaart|legitimatiebewijs|overheid|vergunning
🏧|atm|automaat|bank|geld|pinautomaat|pinnen
🚮|afval|prullenbak|teken|vuilnisbak
🚰|drinkbaar|water
♿|handicap|rolstoel|symbool|toegang
🚹|heren|man|plee|toilet|urinoir|wc
🚺|dames|plee|toilet|vrouw|wc
🚻|plee|toilet|wc
🚼|baby|symbool|verschonen
🚾|toilet|wasgelegenheid|water|wc
🛂|controle|paspoort
🛃|douane|inpakken
🛄|aangekomen|bagage|ingecheckt|inpakken|klaar|koffer|ophalen|reisje|reizen|tassen|vliegtuig
🛅|achtergelaten|bagage|kluisje|koffer
⚠️|voorzichtig|waarschuwing
🚸|kinderen|oversteekplaats|verkeer|voetganger
⛔|belemmerd|doorgang|geen|ingang|mislukt|niet|toegang|verboden|verkeer
🚫|nee|niet|roken|toegang|verboden
🚳|fietsen|nee|niet|verboden
🚭|nee|niet|roken|verboden
🚯|geen|niet|verboden|zwerfvuil
🚱|droog|geen drinkwater|niet drinkbaar|verboden|water
🚷|nee|niet|verboden|voetgangers
📵|mobiel|nee|niet|telefoons|verboden
🔞|18|achttien|beperking|één|leeftijd|minderjarig|nee|niet|verboden
⬆️|noord|omhoog|pijl|richting|windrichting
➡️|oost|pijl|rechts|richting|windrichting
⬇️|omlaag|pijl|richting|windrichting|zuid
⬅️|links|pijl|richting|west|windrichting
↩️|gebogen|links|pijl|rechts
↪️|gebogen|links|pijl|rechts
🔃|met de klok mee|opnieuw laden|pijlen|verticaal|verversen
🔄|déjà|knop|linksom|pijlen|tegen de klok in|vernieuwen|vu|weer
🔙|back|pijl
🔚|end|pijl
🔛|on!|pijl|teken
🔜|onderweg|pijl|soon|zo terug
🔝|omhoog|pijl|top
🛐|bidden|godsdienst|plaats|religie
⚛️|atheïst|atoom|symbool
🕉️|hindoeïsme|om|religie
☯️|leven|moeilijk|religie|taoist|totaal|yang|yin en yang
✝️|christelijk|christus|kruis|latijns|religie
☪️|islam|moslim|ramadan|religie|ster|wassende maan
☮️|helend|symbool|vrede|vredig
🕎|hannuka|jodendom|joods|kandelaar|menora|religie
🔯|geluk|jodendom|joods|met stip|ster|zespuntig
🪯|khanda|religie|sikh
♊|dierenriem|gemini|horoscoop|tweelingen
♋|cancer|dierenriem|horoscoop|kreeft
♌|dierenriem|horoscoop|leeuw|leo
♍|dierenriem|horoscoop|maagd|virgo
♎|balans|dierenriem|gerechtigheid|horoscoop|libra|weegschaal
♏|dierenriem|horoscoop|schorpioen|scorpio|scorpius
⛎|dierenriem|drager|horoscoop|ophiuchus|serpent|slangendrager
🔀|gekruist|knop|nummers|pijl|shuffle
🔁|herhalen|knop|met de klok mee|pijl
🔂|één keer|enkel|herhalen|knop|met de klok mee|pijl
▶️|afspelen|driehoek|knop|pijl|rechts
⏩|dubbel|knop|pijl|snel|vooruit
⏭️|driehoek|knop|nummer|pijl|scène|volgende
⏯️|driehoek|knop|pauzeren|pijl|rechts|spelen
◀️|achteruit|driehoek|knop|links|pijl
⏪|dubbele pijl links|knop voor versneld terugspoelen|links|pijl|terugspoelen
⏮️|driehoek|knop|laatste|nummer|pijl|scène|vorige
🔼|knop|omhoog|pijl|rood
⏫|dubbel|knop|omhoog|pijl|snel
🔽|beneden|knop|omlaag|pijl|rood
⏬|dubbel|knop|omlaag|pijl|snel
⏸️|dubbel|knop|pauze|streep|verticaal
⏹️|knop voor stoppen|stoppen|vierkant
⏺️|knop|opnemen|rondje
⏏️|knop voor uitwerpen|uitwerpen
🎦|bioscoop|camera|filmen
🔅|dimmen|helderheid|knop voor lagere helderheid|laag
🔆|helderheid|knop|licht
📶|antenne|communicatie|mobiel|signaal|streepjes|telefoon
🛜|computer|draadloos|internet|netwerk
📳|communicatie|mobiel|modus|telefoon|trillen
📴|mobiel|telefoon|uit
⚧️|transgendersymbool
🟰|dikgedrukt|gelijkheid|is gelijk aan|teken|uitkomst|wiskunde
♾️|eeuwig|grenzeloos|oneindig|universeel
‼️|!!|dubbel uitroepteken|interpunctie|teken|uitroep
💱|bank|geld|valuta|wisselen
💲|betalen|dikgedrukt dollarteken|dollarteken|geld|munteenheid|valuta
♻️|recycle|recycling|symbool
⚜️|fleur-de-lis|ridders
🔱|anker|drietand|embleem|gereedschap|poseidon|schip
📛|badge|kaartje|naamkaartje
🔰|beginner|blad|chevron|geel|gereedschap|groen|japans|symbool
⭕|cirkel|groot|hol|o|rood|vet
❌|×|annuleren|kruis|teken|vermenigvuldigen|vermenigvuldiging|x
❎|×|knop|kruis|teken|vermenigvuldigen|vermenigvuldiging|vierkant|x
➰|gedraaid|gekrulde lus|lus
➿|dubbel|krullend|lus
〽️|markering|rolwisselingsmarkering|teken
🫟|druppel|geknoei|gemors|gespat|holi|inkt|verf|vlek|vloeistof
🔠|abcd|hoofdletters|invoeren|latijns|letters
🔡|abcd|invoeren|kleine letters|latijns|letters
🔢|1234|cijfers|invoeren
🔣|&|%|♪|〒|invoeren|symbolen
🔤|abc|alfabet|invoeren|latijns|letters
🅰️|bloed|groep|knop
🆎|ab|bloed|groep|knop
🅱️|bloed|groep|knop
🆑|cl|knop
🆒|cool|knop
🆓|free|knop
🆔|identiteit|knop
Ⓜ️|cirkel|in cirkel|m
🆕|knop|new
🆖|knop|ng
🅾️|bloed|groep|knop|o
🆗|knop|oké
🅿️|knop|parkeren
🆘|help|knop|sos
🆙|knop|teken|up!
🆚|knop|versus|vs
🈁|hier|japans|katakana|knop
🈂️|dienstenheffing|japans|katakana|knop|service
🈷️|bedrag|ideogram|japans|knop|maandelijks
🈶|gratis|ideogram|japans|knop|kosten|niet
🈯|gereserveerd|ideogram|japans|knop
🉐|ideogram|japans|knop|koopje
🈹|ideogram|japans|knop|korting
🈚|gratis|ideogram|japans|knop|kosten
🈲|ideogram|japans|knop|verboden
🉑|acceptabel|ideogram|japans|knop
🈸|ideogram|japans|knop|toepassing
🈴|cijfer|ideogram|japans|knop|voldoende
🈳|ideogram|japans|knop|plaats vrij
🈺|bedrijf|ideogram|japans|knop|open
🈵|geen|ideogram|japans|knop|plaats
🔴|cirkel|geometrisch|rood
🟠|cirkel|oranje
🟡|cirkel|geel
🟢|cirkel|groen
🔵|blauw|cirkel|geometrisch
🟣|cirkel|paars
🟤|bruin|cirkel
⚫|cirkel|geometrisch|zwart
⚪|cirkel|geometrisch|wit
🟥|kaart|penalty|rood|vierkant
🟧|oranje|vierkant
🟨|geel|kaart|penalty|vierkant
🟩|groen|vierkant
🟦|blauw|vierkant
🟪|paars|vierkant
🟫|bruin|vierkant
⬛|geometrisch|groot|vierkant|zwart
⬜|geometrisch|groot|vierkant|wit
◼️|geometrisch|middelgroot|vierkant|zwart
◻️|middelgroot|vierkant|wit
◾|geometrisch|klein tot middelgroot|vierkant|zwart
◽|geometrisch|klein tot middelgroot|vierkant|wit
▪️|geometrisch|klein|vierkant|zwart
▫️|geometrisch|klein|vierkant|wit
🔶|diamant|geometrisch|groot|oranje
🔷|blauw|diamant|geometrisch|groot
🔸|diamant|geometrisch|klein|oranje
🔹|blauw|diamant|geometrisch|klein
🔺|driehoek|geometrisch|omhoog|rood|wijzend
🔻|driehoek|geometrisch|omlaag|rood|wijzend
💠|diamant|geometrisch|stip|strip
🔘|geometrisch|knop|radio
🔳|geometrisch|knop|omlijnd|vierkant|wit
🔲|geometrisch|knop|vierkant|zwart
🏁|finish|formule 1|geblokte vlag|racen|sport|vlag
🚩|driehoekige vlag|golf|locatie|puntvlag|vlag
🎌|feest|gekruiste vlaggen|japans|kruis
🏴|vlag|wapperend|zwarte vlag
🏳️|vlag|wapperend|witte vlag
🏳️‍🌈|biseksueel|glbtq|homoseksueel|lesbisch|lgbtqia|lhbt|pride|queer|regenboogvlag|transgender|twijfelend|vlag
🏳️‍⚧️|lichtblauw|roze|transgendervlag|vlag|wit
🏴‍☠️|jolly roger|piraat|piratenvlag|plunderen|schat
🇦🇩|andorra
🇦🇪|verenigde arabische emiraten
🇦🇫|afghanistan
🇦🇬|antigua en barbuda
🇦🇮|anguilla
🇦🇱|albanië
🇦🇲|armenië
🇦🇴|angola
🇦🇶|antarctica
🇦🇷|argentinië
🇦🇸|amerikaans-samoa
🇦🇹|oostenrijk
🇦🇺|australië
🇦🇼|aruba
🇦🇽|åland
🇦🇿|azerbeidzjan
🇧🇦|bosnië en herzegovina
🇧🇧|barbados
🇧🇩|bangladesh
🇧🇪|belgië
🇧🇫|burkina faso
🇧🇬|bulgarije
🇧🇭|bahrein
🇧🇮|burundi
🇧🇯|benin
🇧🇱|saint-barthélemy
🇧🇲|bermuda
🇧🇳|brunei
🇧🇴|bolivia
🇧🇶|caribisch nederland
🇧🇷|brazilië
🇧🇸|bahama’s
🇧🇹|bhutan
🇧🇼|botswana
🇧🇾|belarus
🇧🇿|belize
🇨🇦|canada
🇨🇨|cocoseilanden
🇨🇩|congo-kinshasa
🇨🇫|centraal-afrikaanse republiek
🇨🇬|congo-brazzaville
🇨🇭|zwitserland
🇨🇮|ivoorkust
🇨🇰|cookeilanden
🇨🇱|chili
🇨🇲|kameroen
🇨🇳|china
🇨🇴|colombia
🇨🇶|sark
🇨🇷|costa rica
🇨🇺|cuba
🇨🇻|kaapverdië
🇨🇼|curaçao
🇨🇽|christmaseiland
🇨🇾|cyprus
🇨🇿|tsjechië
🇩🇪|duitsland
🇩🇯|djibouti
🇩🇰|denemarken
🇩🇲|dominica
🇩🇴|dominicaanse republiek
🇩🇿|algerije
🇪🇨|ecuador
🇪🇪|estland
🇪🇬|egypte
🇪🇭|westelijke sahara
🇪🇷|eritrea
🇪🇸|spanje
🇪🇹|ethiopië
🇪🇺|europese unie
🇫🇮|finland
🇫🇯|fiji
🇫🇰|falklandeilanden
🇫🇲|micronesia
🇫🇴|faeröer
🇫🇷|frankrijk
🇬🇦|gabon
🇬🇧|verenigd koninkrijk
🇬🇩|grenada
🇬🇪|georgië
🇬🇫|frans-guyana
🇬🇬|guernsey
🇬🇭|ghana
🇬🇮|gibraltar
🇬🇱|groenland
🇬🇲|gambia
🇬🇳|guinee
🇬🇵|guadeloupe
🇬🇶|equatoriaal-guinea
🇬🇷|griekenland
🇬🇸|zuid-georgia en zuidelijke sandwicheilanden
🇬🇹|guatemala
🇬🇺|guam
🇬🇼|guinee-bissau
🇬🇾|guyana
🇭🇰|hongkong sar van china
🇭🇳|honduras
🇭🇷|kroatië
🇭🇹|haïti
🇭🇺|hongarije
🇮🇨|canarische eilanden
🇮🇩|indonesië
🇮🇪|ierland
🇮🇱|israël
🇮🇲|isle of man
🇮🇳|india
🇮🇴|brits indische oceaanterritorium
🇮🇶|irak
🇮🇷|iran
🇮🇸|ijsland
🇮🇹|italië
🇯🇪|jersey
🇯🇲|jamaica
🇯🇴|jordanië
🇯🇵|japan
🇰🇪|kenia
🇰🇬|kirgizië
🇰🇭|cambodja
🇰🇮|kiribati
🇰🇲|comoren
🇰🇳|saint kitts en nevis
🇰🇵|noord-korea
🇰🇷|zuid-korea
🇰🇼|koeweit
🇰🇾|kaaimaneilanden
🇰🇿|kazachstan
🇱🇦|laos
🇱🇧|libanon
🇱🇨|saint lucia
🇱🇮|liechtenstein
🇱🇰|sri lanka
🇱🇷|liberia
🇱🇸|lesotho
🇱🇹|litouwen
🇱🇺|luxemburg
🇱🇻|letland
🇱🇾|libië
🇲🇦|marokko
🇲🇨|monaco
🇲🇩|moldavië
🇲🇪|montenegro
🇲🇬|madagaskar
🇲🇭|marshalleilanden
🇲🇰|noord-macedonië
🇲🇱|mali
🇲🇲|myanmar (birma)
🇲🇳|mongolië
🇲🇴|macau sar van china
🇲🇵|noordelijke marianen
🇲🇶|martinique
🇲🇷|mauritanië
🇲🇸|montserrat
🇲🇹|malta
🇲🇺|mauritius
🇲🇻|maldiven
🇲🇼|malawi
🇲🇽|mexico
🇲🇾|maleisië
🇲🇿|mozambique
🇳🇦|namibië
🇳🇨|nieuw-caledonië
🇳🇪|niger
🇳🇫|norfolk
🇳🇬|nigeria
🇳🇮|nicaragua
🇳🇱|nederland
🇳🇴|noorwegen
🇳🇵|nepal
🇳🇷|nauru
🇳🇺|niue
🇳🇿|nieuw-zeeland
🇴🇲|oman
🇵🇦|panama
🇵🇪|peru
🇵🇫|frans-polynesië
🇵🇬|papoea-nieuw-guinea
🇵🇭|filipijnen
🇵🇰|pakistan
🇵🇱|polen
🇵🇲|saint-pierre en miquelon
🇵🇳|pitcairneilanden
🇵🇷|puerto rico
🇵🇸|palestijnse gebieden
🇵🇹|portugal
🇵🇼|palau
🇵🇾|paraguay
🇶🇦|qatar
🇷🇪|réunion
🇷🇴|roemenië
🇷🇸|servië
🇷🇺|rusland
🇷🇼|rwanda
🇸🇦|saoedi-arabië
🇸🇧|salomonseilanden
🇸🇨|seychellen
🇸🇩|soedan
🇸🇪|zweden
🇸🇬|singapore
🇸🇭|sint-helena
🇸🇮|slovenië
🇸🇰|slowakije
🇸🇱|sierra leone
🇸🇲|san marino
🇸🇳|senegal
🇸🇴|somalië
🇸🇷|suriname
🇸🇸|zuid-soedan
🇸🇹|sao tomé en principe
🇸🇻|el salvador
🇸🇽|sint-maarten
🇸🇾|syrië
🇸🇿|eswatini
🇹🇨|turks- en caicoseilanden
🇹🇩|tsjaad
🇹🇫|franse gebieden in de zuidelijke indische oceaan
🇹🇬|togo
🇹🇭|thailand
🇹🇯|tadzjikistan
🇹🇰|tokelau
🇹🇱|oost-timor
🇹🇲|turkmenistan
🇹🇳|tunesië
🇹🇴|tonga
🇹🇷|turkije
🇹🇹|trinidad en tobago
🇹🇻|tuvalu
🇹🇼|taiwan
🇹🇿|tanzania
🇺🇦|oekraïne
🇺🇬|oeganda
🇺🇸|verenigde staten
🇺🇾|uruguay
🇺🇿|oezbekistan
🇻🇦|vaticaanstad
🇻🇨|saint vincent en de grenadines
🇻🇪|venezuela
🇻🇬|britse maagdeneilanden
🇻🇮|amerikaanse maagdeneilanden
🇻🇳|vietnam
🇻🇺|vanuatu
🇼🇫|wallis en futuna
🇼🇸|samoa
🇽🇰|kosovo
🇾🇪|jemen
🇾🇹|mayotte
🇿🇦|zuid-afrika
🇿🇲|zambia
🇿🇼|zimbabwe
🏴󠁧󠁢󠁥󠁮󠁧󠁿|engeland
🏴󠁧󠁢󠁳󠁣󠁴󠁿|schotland
🏴󠁧󠁢󠁷󠁬󠁳󠁿|wales