⁉️|!?|?|‽|interrobang|spørsmålstegn|tegnsetting|utropstegn og spørsmålstegn
ℹ️|informasjon
↔️|pil venstre-høyre
↕️|pil opp og ned
↖️|nordvest|pil opp-venstre|retning
↗️|nordøst|pil opp-høyre|retning
↘️|pil ned-høyre|retning|sørøst
↙️|pil ned-venstre|retning|sørvest
⌨️|datamaskin|tastatur
☀️|lyst|solfylt|stråler|vær|verdensrommet
☁️|sky|vær
☂️|klær|paraply|regn|vær
☃️|kaldt|snømann|vær
☄️|komet|verdensrommet
☑️|✓|avkrysset boks|boks med hakemerke|hakemerke
☔|dråpe|klær|paraply med regndråper|regn|vær
☕|drikke|kaffekopp|koffein|morgen|rykende|tekopp|varm
☘️|kløver|plante|trekløver
☠️|bein|dødningehode|fjes|hodeskalle|monster
☢️|radioaktivitet|radioaktivt
☣️|advarsel|biologisk fare|farlig biologisk materiale|skilt
☦️|kors|kristen|ortodokst kors|religion
☸️|buddhist|dharmachakra|dharmas hjul|hjul|religion
☹️|fjes|surt fjes|trist
♈|stjernetegn|væren
♉|okse|stjernetegn|tyren
♐|bueskytter|skytten|stjernetegn
♑|geit|steinbukken|stjernetegn
♒|stjernetegn|vannmannen
♓|fiskene|stjernetegn
♠️|farge|kort|spar|spill
♣️|farge|kløver|kort|spill
♥️|farge|hjerter|kort|spill
♦️|diamant|farge|kort|ruter|spill
♨️|kilder|rykende|vame kilder|varme kilder
⚒️|hakke|hammer og hakke|verktøy
⚓|anker|båt|skip|verktøy
⚔️|kryss|sverd i kryss|våpen
⚖️|balanse|likearmet skålvekt|rettferdighet|stjernetegn|vekten|verktøy
⚗️|destillasjonskolbe|destillerkolbe|kjemi|verktøy
⚙️|del|tannhjul|verktøy
✂️|klippe|saks|verktøy
✅|✓|avkryssing|avmerking|hakemerke|utført
✈️|fly|fremkomstmiddel
✉️|brev|e-post|konvolutt
✒️|pennespiss|svart pennesplitt
✔️|✓|hakemerke|merke
✖️|×|avbryt|gangetegn|matte|multiplikasjon|multiplisere|x
✡️|davidstjerne|jøde|jødisk|religion|stjerne
✨|*|glitrende|skinnende|stjerner
✳️|*|asterisk med åtte spisser|stjerne
✴️|*|åttetagget stjerne|stjerne
❄️|kaldt|snøfnugg|vær
❇️|*|gnist
❓|?|rød|spørsmålstegn
❔|?|hvit|spørsmålstegn
❕|!|hvit|utropstegn
❗|!|rød|utropstegn
❣️|tegnsetting|utropstegn med hjerte
❤️|hjerte|rødt hjerte
➕|+|addisjon|fortegn|matte|plusstegn|positivt
➖|-|−|fortegn|matte|minustegn|negativt|subtraksjon
➗|÷|deletegn|deling|divisjonstegn|matte
⤴️|pil som bøyer opp
⤵️|ned|pil som bøyer ned
〰️|bølgestrek|bølget bindestrek|tegn for lang lyd
㊗️|gratulerer|ideograf|japansk|knapp
㊙️|hemmelig|ideograf|japansk|knapp
😀|fint|fjes|flir|glad|glisefjes|latter|smilefjes|smiler|tenner
😃|åpen|fjes|glisende fjes med vidåpne øyne|latter|munn|smilefjes med åpen munn
😄|fjes|flir|glisende fjes med smilende øyne|latter|lol|med tenner|morsomt|øye|smilefjes med åpen munn og smilende øyne
😁|fjes|glisefjes med smilende øyne|latter|lol|smilefjes
😆|åpen munn|artig|fjes|flir|fornøyd|glad|gøy|haha|latter|ler|lol|lykkelig|morsomt|smil med sammenknepne øyne|smiler
😅|åpen|glisende fjes som svetter|kaldsvette|munn|smil med svette|svett smil med åpen munn
🤣|artig|fjes|flirer|gøyalt|gulv|hæhæ|haha|hoho|latter|ler så jeg griner|lol|lykkelig|morsomt|roflmao|ruller rundt på gulvet i latter
😂|fjes|flire|gledestårer|gøy|haha|hoho|latter|le|lol|morsomt|tårer
🙂|fjes|smiler litt
🙃|fjes som er opp-ned|opp-ned
🫠|fjes som smelter|flau|forsvinner|går i oppløsning|haha|lol|sarkasme|sarkastisk|smelter
😉|blunkende ansikt|fjes
😊|fjes|rødme|smil med smilende øyne|smilende øyne
😇|engel|fjes|glorie|smil med glorie|uskyldig
🥰|elsker|forelsket|kjærlighet|romantikk|smilefjes med hjerter
😍|fjes|hjerteøyne|kjærlighet|øyne|smilefjes med hjerteøyne
🤩|fjes|gliser|smil|stjerner i øynene
😘|elsker deg|fjes|glad i deg|hjerte|kyss|slengkyss
😗|elsker deg|fjes|glad i deg|kyssefjes|slengkyss
☺️|fjes|omriss|smilefjes
😚|elsker deg|fjes|glad i deg|kyss med lukkede øyne|lukkede øyne|trutmunn
😙|fjes|kyss med smilende øyne|slengkyss|smilende øyne
🥲|gledestårer|lettet|rørt|smilefjes med tåre|smiler|stolt|takknemlig|tåre
😋|deilig mat|fjes|mmm|nam-nam|sulten
😛|fjes som rekker tunge|rekker tunge|tungen ut
😜|blunker og rekker tunge|erte|fjes|rekke tunge med blunk|spøk
🤪|fjes|gal|lite øye|sinnssyk|stort øye
😝|æsj|fælt|fjes|lukkende øyne|rekke tunge|tungen ut med øynene lukket
🤑|fjes|munn|pengegal|penger
🤗|fjes som gir klem|klem
🤭|flire|hand over munnen|hånd over munnen|handa over munnen|hånden over munnen|oi|oops|ops|ups
🫢|åpne|fjes|flau|forskrekkelse|gispe|hånd|munnen|omg|overraskelse|øyne|redd|sjokk|stille
🫣|fascinert|fjes|flau|gjemme|kikke|øyne|redd|sjenert|skjule|smugkikke|stirre|titte
🤫|hysj|stillhet|vær stille
🤔|fjes|tankefull|tenkefjes|tenker
🫡|fjes som viser honnør|honnør|ja|lykke til|militærhilsen|respekt|salutt|skal bli|yes ma’am|yes sir
🤐|fjes med glidelåsmunn|glidelås|munn
🤨|hevet øyebryn|hevet øyenbryn|hm|hva|overrasket|skeptisk|tvil|uenig
😐|fjes|ingen kommentar|nøytral|stum
😑|fjes|ingen kommentar|nøytral|stum|uttrykksløs
😶|fjes|ingen munn|uten munn
🫥|deprimert|forsvinner|gjemme seg|introvert|meh|samme det|skjult|smilefjes|stiplet|usynlig
😶‍🌫️|distré|fjes i skyer|fraværende|uoppmerksom
😏|fjes|lurt smil|selvtilfreds
😒|fjes|misfornøyd|sur
🙄|å nei|fjes|himler med øynene|hva i all verden?|oppgitt|øyne|ruller|utrolig
😬|fjes|grimase
😮‍💨|fjes|gisper|hviske|lettet|plystre|pust|sliten|sukk|utpust|utslitt
🤥|fjes|løgn|lyver|pinocchio
🫨|ansikt|jordskjelv|omg|ør|overraskelse|panikk|riste|sjokk|skjelvende|sprøtt|vibrere|wow
🙂‍↔️|nei|ristende hode|rister på hodet
🙂‍↕️|ja|nikkende hode|nikker
😌|fjes|lettet
😔|alvorlig|fjes|lei seg|tankefull
😪|fjes|søvnig
🤤|fjes|sikler
😴|fjes|gjesp|god natt|godnatt|natt|snork|sove|søvn|trett|trøtt
🫩|fjes|kjedelig|øyne|poser|sliten|søvnig|trøtt|utslitt
😷|bakteriemaske|fjes med munnbind|sykdom
🤒|fjes med termometer|syk|termometer
🤕|bandasjert hode|fjes|skadet
🤢|fjes|kvalm|oppkast|spy
🤮|fjes|kaster opp|kvalm|oppkast|spy
🤧|fjes|nyser
🥵|feber|heteslag|rød|svetter|varmt fjes
🥶|blå|frost|fryser|istapper|kaldt fjes
🥴|bølgete munn|brisen|full|svimmelt fjes|ujevne øyne
😵|fjes|ør|svimmel
😵‍💫|fjes|forvirret|hypnotisert|øyne|problem|spiral|svimmel|uææ
🤯|eksploderende hode|forbløffet|overrasket|sjokkert
🤠|cowboy|cowgirl|fjes med cowboyhatt|hatt
🥳|bursdag|feiring|fest|fløyte|fødselsdag|glad|gratulerer|hatt|hurra|jippi|partyfjes
🥸|bart|briller|fjes|forkledning|inkognito|maske|nese|øyenbryn
😎|fjes|kul|lyst|smilefjes med solbriller|solbriller
🤓|begavet|briller|ekspert|fjes|fornøyd nerdefjes|intelligent|lur|nerdefjes|smart
🧐|fancy|fjes med monokkel|formell|monokkel|rik|stiv
😕|fjes|forvirret
🫤|fjes|forvirret|frustrert|meh|næsj|skeptisk|skrått|skuffet|tja|tvil|uansett|usikker
😟|bekymret|fjes
🙁|fjes|litt surt fjes|trist
😮|åpen munn|fjes|forbauset
😯|fjes|overrasket|stum
😲|fjes|overrasket|sjokkert|stum
😳|fjes|rødmer
🫪|angst|oppblåst|overrasket|panikk|sårbar|sjokkert
🥺|bedende fjes|nåde|trygler|valpeøyne
🥹|ååå|beundring|følelser|glede|gråte|rørt|stolt|takknemlig|tårer|trist
😦|fjes|oppgitt|overrasket|sjokkert med åpen munn
😧|fjes|lider|pine|smerte
😨|fjes|frykt|redd|skremt
😰|åpen munn|engstelig og svetter|fjes|kaldsvette|syk
😥|fjes|lettet|puh!|skuffet
😢|fjes|gråter|tårer|trist
😭|fjes|gråt|strigråter|tårer
😱|fjes|frykt|livredd|munch|redd|skremt|skrik
😖|fjes|fortvilet|sint|skuffet
😣|bommert|fjes|skuffet|utholdende
😞|fjes|skuffelse|skuffet
😓|ansikt|kaldsvetter
😩|fjes|sliten|trøtt
😫|fjes|overtrøtt|sliten|søvnig|trøtt fjes
🥱|gjespende fjes|kjedelig|sliten|sove|søvnig|trøtt
😤|fjes|jeg vant|triumferende
😡|fjes|rasende|raseri|rødt|sinna|sint|sur
😠|fjes|raseri|sinna|sint|sur
🤬|banner|fjes med symboler over munnen|rasende|sensur
😈|fjes|horn|smilende djevel
👿|djevel|fjes|sint djevel
💀|dødninghode|fjes|hodeskalle
💩|bæsjeklatt|hundebæsj|kuruke
🤡|fjes|klovnefjes
👹|eventyr|japansk ogre|japansk troll|ogre
👺|ansikt|eventyr|japansk troll|tengu
👻|eventyr|fjes|skapning|spøkelse
👽|fjes|romvesen|sci-fi|ufo|utenomjordisk
👾|fjes|rommonster|sci-fi|ufo|utenomjordisk
🤖|fjes|monster|robot
😺|åpen munn|fjes|katt|smilende katt med åpen munn
😸|fjes|flirende katt med smilende øyne|katt|smil
😹|fjes|gledestårer|katt med gledestårer|kattefjes med gledestårer|tårer
😻|fjes|forelsket|hjerter|katt|kjærlighet|øyne|smilende katt med hjerteøyne
😼|fjes|ironisk|katt med ironisk smil|smil
😽|fjes|katt|kyssende|lukkede øyne
🙀|fjes|jøsses|katt|overrasket|sliten katt|slitent kattefjes
😿|fjes|gråtende katt|tåre|trist katt
😾|fjes|katt|sint|surmulende katt
🙈|ape|fjes|forbudt|ikke|ser ikke|ser ingenting ondt
🙉|ape|fjes|forbudt|hører ikke|hører ingenting ondt|ikke
🙊|ape|fjes|forbudt|holder munn|ikke|sier ikke|sier ingenting ondt
💌|brev med hjerte|hjerte|kjærlighesbrev|romantikk
💘|følelser|hjerte med pil|kjærlighet|pil
💝|bånd|følelser|hjerte med bånd|valentine
💖|følelser|kjærlighet|skinnende hjerte
💗|følelser|kjærlighet|nervøs|spent|voksende hjerte
💓|bankende|følelser|hjertebank|kjærlighet|pulserende
💞|følelser|hjerter|kjærlighet|snurrende|søtt
💕|elskere|følelser|kjærlighet|to hjerter
💟|hjertedekorasjon
💔|brudd|følelser|hjerte|knust hjerte
❤️‍🔥|brann|hellig hjerte|hjerte i brann|ild|kjærlighet|lidenskap
❤️‍🩹|bedre|bra|forbedring|komme seg|lindret hjerte|lindring|sterkere
🩷|elsker|følelse|hjerte|kjærlighet|liker|rosa|søtt|spesiell
🧡|følelser|hjerte|oransje
💛|følelser|gult hjerte|hjerte
💚|følelser|grønn|grønt hjerte|hjerte
💙|blått hjerte|følelser|hjerte
🩵|blågrønt|cyan|følelse|himmelblå|hjerte|kjærlighet|liker|lyseblått|søtt|spesiell
💜|følelser|hjerte|lilla
🤎|brunt hjerte|hjerte
🖤|hjerte|ond|svart
🩶|følelse|grått|hjerte|kjærlighet|skifer|sølv|spesiell
🤍|hjerte|hvitt hjerte
💋|kyssemerke|lepper|romantikk
💯|100|full pott|hundre poeng|poeng
💢|følelse|sinnesymbol|sint|tegneserie
🫯|bråk|bryting|diskusjon|krangel|slagsmål|slåssing|slåsskamp|uenighet
💥|følelse|kollisjon|krasj|smell|tegneserie
💫|se stjerner|stjerner|svimmel|tegneserie
💦|dråper|sprutende|svettedråper|tegneserie
💨|forsvinne|løpe|stikker av|tegneserie
🕳️|hull i bakken
💬|ballong|boble|dialogboble|snakkeboble|tegneserie
👁️‍🗨️|øye i snakkeboble|snakkeboble
🗨️|dialog|snakkeboble mot venstre|tale
🗯️|ballong|boble|sint snakkeboble mot høyre|sur
💭|boble|tankeboble|tegneserie
💤|følelse|god natt|snorker|sover|soving|søvnig|tegneserie|trett|trøtt|zzz
👋|farvel|hallo|hand|hånd|hei|hilse|sees|senere|ses|vinke
🤚|håndbak|løftet
🖐️|finger|flat hånd med spredte fingre|hånd|spredt
✋|flat hånd|håndflate|hevet hånd
🖖|finger|hånd|spock|vulcan-hilsen
🫱|håndhilse|håndtrykk|høyrevendt|rekke ut
🫲|håndhilse|håndtrykk|rekke ut|venstrevendt
🫳|avfeie|hand|hånd|husj|ned|opp|plukke|slapp|slippe
🫴|fortell|håndflate|holde|invitere|kalle|kom|løfte|på|tilbud|tilby|vinke
🫷|håndflate hevet mot venstre|high five|high-five|holdt|mot venstre|nekte|skyv|stopp|venstre|vent
🫸|håndflate hevet mot høyre|high five|high-five|holdt|høyre|mot høyre|nekte|skyv|stopp|vent
👌|ålreit|bra|glimrende|greit|hand|hånd|klart|kult|okay|perfekt|supert
🤌|betal|fingertupper|fingre|hand|hånd|penger|sarkastisk|spørsmål
🤏|hand|hånd|klype|knipe|lite|smått
✌️|hånd|peace-tegn|seierstegn
🤞|finger|flaks|hand|hånd|hell|kryss|lykke|tvi
🫰|dyrt|hand|hånd|knips|kostbar|kroner|pekefinger|penger|tommel
🤟|glad i deg-tegn|hånd|ily|tegnspråk
🤘|bra|finger|hånd|horn|kult|metal|rock’n’roll|rocker|to fingre
🤙|hånd|ring meg-hånd|ringe
👈|finger|hånd|pekende finger|peker mot venstre – bakhånd|peker venstre
👉|finger|hånd|pekende finger|peker mot høyre – bakhånd|peker opp
👆|finger|hånd|pekende finger|peker opp – bakhånd
🖕|finger|hånd|kropp|langfinger|vise fingeren
👇|finger|hånd|pekende finger|peker ned – bakhånd
☝️|finger|hånd|kropp|opp|pekefinger|peker opp
🫵|deg|der|du|finger|hand|hånd|pekefinger|stikk
👍|bra|fint|flott|greit|ja|klart|okay|okei|tommel|topp
👎|hånd|tegn|tommel ned
✊|hånd|hevet knyttneve|knyttet neve|neve
👊|enig|hand|hånd|knyttet neve|knyttneve|kompis|neve|stein
🤛|hånd|knyttneve mot venstre|neve|venstrevendt
🤜|hånd|høyrevendt|knyttneve mot høyre|neve
👏|hånd|hender|klappende hender|klapping
🙌|begge hender|feirer|feiring|hånd|hevede hender|rekker begge armene i været
🫶|<3|elsker deg|hender som lager hjerte|hjertehender|kjærlighet
👐|åpen hand|åpen hånd|åpne|hand|hånd|hender|klem
🤲|ber|bønn|håndflatene sammen
🤝|avtale|håndhilse|håndtrykk|møte
🙏|ber|bevegelse|bønn|foldede hender|hånd
✍️|hånd|kropp|skrivende hånd
💅|kosmetikk|manikyr|neglelakk
🤳|kamera|selfie|telefon
💪|biceps|fleks|muskelfleksing|sterk|tegneserie
🦾|mekanisk arm|protese|tilgjengelighet
🦿|mekanisk bein|protese|tilgjengelighet
🦵|bein|lem|sparke
🦶|fot|sparke|tråkke
👂|kropp|øre
🦻|hørselshemmet|øre med høreapparat|svak hørsel|tilgjengelighet
👃|fjes|kropp|nese
🧠|hjerne|intelligent|smart
🫀|anatomi|blodpumpe|hjerte-kar|hjertemuskel|hjerteslag|kardiologi|muskel|organ|puls
🫁|åndedrett|innpust|lunger|organ|puste|respirasjon|utpust
🦷|tannlege
🦴|bein|hundebein|knokkel|skjelett
👀|fjes|øye|øyne
👁️|kropp|øye
👅|fjes|kropp|tunge
👄|fjes|kropp|lepper|munn
🫦|bekymret|bite|engstelig|flørte|kyss|lepper|leppestift|munn|nervøs|redd|sexy|utilpass
👶|baby|menneske|ung
🧒|barn|kjønnsnøytral|menneske|ung
👦|gutt|menneske|ung
👧|jente|jomfruen|menneske|stjernebilde|stjernetegn|ung
🧑|kjønnsnøytral|menneske|person|voksen
👱|ansikt|blond|fjes|hår|lyshåret|menneske|person
👨|mann|menneske|voksen
🧔|mann med skjegg|mann: skjegg|person: skjegg|skjegg
🧔‍♂️|mann: skjegg|skjegg
👱‍♂️|blond|hår|lyshåret|mann
👩|kvinne|menneske|voksen
🧔‍♀️|kvinne: skjegg|skjegg
👱‍♀️|blondine|hår|kvinne|lyshåret
🧓|eldre|gammel|menneske|senior|voksen
👴|bestefar|eldre|fyr|gubbe|klok|mann|mister håret|morfar
👵|bestemor|dame|eldre|gammel|kjerring|klok|kvinne|mormor
🙍|frustrert|ikke fornøyd|irritert|mimikk|misfornøyd|person|rynker brynene|rynker pannen|skuffet|sur
🙍‍♂️|mann som rynker brynene|mimikk|rynker pannen|skeptisk
🙍‍♀️|kvinne som rynker brynene|mimikk|rynker pannen|skeptisk
🙎|furter|furting|grimase|mimikk|opprørt|person|skuffet|surmuling
🙎‍♂️|furting|mann som furter|mimikk|surmuling
🙎‍♀️|furting|kvinne som furter|mimikk|surmuling
🙅|forbudt|hånd|ikke lov|mimikk|nei|person|uaktuelt
🙅‍♂️|avbryt|forbudt|mann som gestikulerer nei|nei|stopp
🙅‍♀️|avbryt|forbudt|kvinne som gestikulerer nei|nei|stopp
🙆|gestikulerer|greit|hånd|ok|person
🙆‍♂️|greit|mann som gestikulerer ok|ok
🙆‍♀️|greit|kvinne som gestikulerer ok|ok
💁|hånd|hjelpende|informasjon|menneske|person|sarkasme|sarkastisk|seriøst|sladder
💁‍♂️|hjelpende mann|informasjon|mann
💁‍♀️|hjelpende kvinne|informasjon|kvinne
🙋|hand|hånd|her|jeg|meg|opp|person|rekke opp|spørsmål|svaret|vet
🙋‍♂️|mann som rekker opp hånden|rekke opp hånden
🙋‍♀️|kvinne som rekker opp hånden|rekke opp hånden
🧏|døv person|høre|øre|tilgjengelighet
🧏‍♂️|døv|mann
🧏‍♀️|døv|kvinne
🙇|angrer|beklager|bukke|meditasjon|meditere|person|sorry|synd|tilgi|unnskyld
🙇‍♂️|beklagelse|bukkende mann|mann|unnskyld
🙇‍♀️|beklagelse|bukkende kvinne|kvinne|unnskyld
🤦|å nei|ansikt|facepalm|fjes|hånd|ikke igjen|irritasjon|omg|oppgitt|person|sjokk|slår hånden mot pannen|vantro
🤦‍♂️|å nei|ansikt|facepalm|fjes|hånd|ikke igjen|irritasjon|mann som slår hånden mot pannen|omg|oppgitt|person|sjokk|vantro
🤦‍♀️|å nei|ansikt|facepalm|fjes|hånd|ikke igjen|irritasjon|kvinne som slår hånden mot pannen|omg|oppgitt|person|sjokk|vantro
🤷|hand|hånd|idk|kanskje|likegyldighet|person|skuldertrekning|trekker på skuldrene|tvil|vet ikke
🤷‍♂️|hand|hånd|kanskje|likegyldighet|mann som trekker på skuldrene|person|skuldertrekning|tvil|vet ikke
🤷‍♀️|hand|hånd|kanskje|kvinne som trekker på skuldrene|likegyldighet|person|skuldertrekning|tvil|vet ikke
🧑‍⚕️|doktor|helsearbeider|helsevesen|lege|sykepleier|terapeut
👨‍⚕️|doktor|helsevesen|lege|mannlig helsearbeider|sykepleier|terapeut
👩‍⚕️|doktor|helsevesen|kvinnelig helsearbeider|lege|sykepleier|terapeut
🧑‍🎓|skole|student|universitet
👨‍🎓|mannlig student|skole|student|universitet
👩‍🎓|kvinnelig student|skole|student|universitet
🧑‍🏫|lærer|skole|undervisning
👨‍🏫|lærer|mannlig lærer|skole|undervisning
👩‍🏫|kvinnelig lærer|lærer|skole|undervisning
🧑‍⚖️|dommer|juss
👨‍⚖️|dommer|juss|mannlig dommer|rettssak
👩‍⚖️|dommer|juss|kvinnelig dommer|rettssak
🧑‍🌾|bonde|gårdbruker|jordbruk
👨‍🌾|bonde|dyrke|gårdbruker|jordbruk|mannlig gårdbruker
👩‍🌾|bonde|dyrke|gårdbruker|jordbruk|kvinnelig gårdbruker
🧑‍🍳|kokk|matlaging|restaurant
👨‍🍳|mannlig kokk|matlaging|restaurant
👩‍🍳|kvinnelig kokk|matlaging|restaurant
🧑‍🔧|elektriker|handverker|håndverker|mekaniker|rørlegger
👨‍🔧|bil|elektriker|handverker|håndverker|mann|maskin|mekaniker|motor|rørlegger
👩‍🔧|bil|elektriker|handverker|håndverker|kvinne|maskin|mekaniker|motor|rørlegger
🧑‍🏭|arbeider|fabrikk|industriarbeider|produksjon
👨‍🏭|arbeider|fabrikk|industri|mann|produksjon|sveiser|verft
👩‍🏭|arbeider|fabrikk|industri|kvinne|produksjon|sveiser|verft
🧑‍💼|kontorarbeider|leder|næringsliv
👨‍💼|kontor|leder|mannlig kontorarbeider|næringsliv
👩‍💼|kontor|kvinnelig kontorarbeider|leder|næringsliv
🧑‍🔬|biologi|forsker|forskning|kjemi|laboratorium|medisin|vitenskap
👨‍🔬|biologi|forsker|forskning|kjemi|laboratorium|mann|medisin|vitenskap
👩‍🔬|biologi|forsker|forskning|kjemi|kvinne|laboratorium|medisin|vitenskap
🧑‍💻|data|it-ekspert|koding|programvare|teknologi
👨‍💻|data|it|koding|mannlig it-ekspert|programvare|teknologi
👩‍💻|data|it|koding|kvinnelig it-ekspert|programvare|teknologi
🧑‍🎤|artist|konsert|rock|sanger
👨‍🎤|artist|konsert|mann|pop|rock|sanger|stjerne|underholder|underholdning
👩‍🎤|artist|konsert|kvinne|pop|rock|sanger|stjerne|underholder|underholdning
🧑‍🎨|kunstner|maler
👨‍🎨|kunstner|maler|mannlig kunstner
👩‍🎨|kunstner|kvinnelig kunstner|maler
🧑‍✈️|fly|pilot
👨‍✈️|fly|mannlig pilot|pilot
👩‍✈️|fly|kvinnelig pilot|pilot
🧑‍🚀|astronaut|romfart|verdensrommet
👨‍🚀|astronaut|mannlig astronaut|romfart|verdensrommet
👩‍🚀|astronaut|kvinnelig astronaut|romfart|verdensrommet
🧑‍🚒|brannbil|brannkonstabel|brannmann|brannvesenet
👨‍🚒|brannbil|brannkonstabel|brannmann|brannvesenet|mannlig brannkonstabel
👩‍🚒|brannbil|brannkonstabel|brannmann|brannvesenet|kvinnelig brannkonstabel
👮|arrestere|betjent|menneske|pågripe|politibetjent|purk|spaner
👮‍♂️|betjent|mannlig politibetjent|politibetjent
👮‍♀️|betjent|kvinnelig politibetjent|person|politibetjent|politidame|politikvinne
🕵️|detektiv|etterforsker|spion
🕵️‍♂️|etterforsker|forbrytelse|mannlig detektiv|privatdetektiv|spion
🕵️‍♀️|detektiv|etterforske|forbrytelse|krim|kvinne|spion
💂|gardist|menneske|vakt
💂‍♂️|gardist|mannlig gardist|vakt
💂‍♀️|gardist|kvinnelig gardist|vakt
🥷|hemmelig|kampkunst|kampsport|kriger|ninja|skjult|slåss|snikende
👷|anleggsarbeider|arbeider|bygg|hjelm|ingeniør|menneske|person|refleksvest|vernehjelm
👷‍♂️|anlegg|arbeider|bygg|hjelm|ingeniør|mannlig anleggsarbeider|refleksvest
👷‍♀️|anlegg|arbeider|bygg|hjelm|ingeniør|kvinnelig anleggsarbeider|refleksvest
🫅|adelig|høyhet|kongelig|krone|majestetisk|monark|person|royal
🤴|prins
👸|eventyr|fantasy|menneske|prinsesse
👳|hodeplagg|person|turbankledd
👳‍♂️|mann|turbankledd mann
👳‍♀️|kvinne|turbankledd kvinne
👲|gua pi mao|hatt|lue|mann med kinesisk lue|menneske
🧕|hijab|hodeskjerf|hodeslør|kvinne med hodeslør|muslim
🤵|bryllup|formelt|person|smoking
🤵‍♂️|brudgom|bryllup|formelt|mann|smoking
🤵‍♀️|bryllup|formelt|kvinne|smoking
👰|brud med slør|bryllup|mennesker|person med slør|slør
👰‍♂️|mann med slør|slør
👰‍♀️|kvinne med slør|slør
🤰|gravid|kvinne
🫃|gravid|mann|mett|oppblåst|overspise|person|stappmett
🫄|gravid|mett|oppblåst|overspise|person|stappmett
🤱|ammer|amming|baby|bryst|morsmelk
👩‍🍼|babyflaske|barn|kvinne|mamma|mat|mor|tåteflaske
👨‍🍼|babyflaske|barn|far|mann|mat|pappa|tåteflaske
🧑‍🍼|baby|forelder|mate|nursing|nyfødt|spedbarn|tåteflaske
👼|ansikt|babyengel|engel|eventyr
🎅|feiring|julenissen|nissefar|nissen
🤶|julenissemor|mor|nisse
🧑‍🎄|feiring|julenisse|nisselue|person
🦸|helt|person|superkraft|superkrefter
🦸‍♂️|god|helt|mannlig superhelt|superkrefter
🦸‍♀️|god|heltinne|kvinnelig superhelt|superkrefter
🦹|kriminell|ond|person|skurk|superkrefter|superskurk
🦹‍♂️|kriminell|mannlig superskurk|ond|skurk|superkrefter
🦹‍♀️|kriminell|kvinnelig superskurk|ond|skurk|superkrefter
🧙|fantasy|heks|magiker|person|rollespill|stav|trolldom|trollkvinne|trollmann|trollperson
🧙‍♂️|heksemester|trollmann
🧙‍♀️|heks|trollkvinne
🧚|eventyr|fantasi|fantasy|fe|myte|person|vinger
🧚‍♂️|fe|mannlig fe|oberon|puck
🧚‍♀️|fe|kvinnelig fe|titania
🧛|blod|dracula|halloween|huggtenner|kostyme|person|skummel|vampyr|vandød
🧛‍♂️|dracula|mannlig vampyr|vandød
🧛‍♀️|kvinnelig vampyr|vandød
🧜|ariel|eventyr|havfolk|havfrue|havkvinne|havmann|havperson|havvesen|person|sirene|trident
🧜‍♂️|eventyr|fork|havmann|neptun|poseidon|sirene|sjø
🧜‍♀️|havfrue|havkvinne|sirene
🧝|alv|eventyr|fantasy|folklore|magisk|mystisk|myte|mytologi
🧝‍♂️|magi|mannlig alv
🧝‍♀️|kvinnelig alv|magi
🧞|aladdin|ånd i lampe|ånden i flasken|djinn|fantasy|flaskeånd|genie|gni på lampen|ønsker
🧞‍♂️|aladdin|ånd i lampe|ånden i flasken|djinn|fantasy|flaskeånd|genie|gni på lampen|mann|ønsker
🧞‍♀️|aladdin|ånd i lampe|ånden i flasken|djinn|fantasy|flaskeånd|genie|gni på lampen|kvinne|ønsker
🧟|apokalypse|død|halloween|skrekk|skummel|udød|vandød|zombie
🧟‍♂️|mannlig zombie|udød|vandød
🧟‍♀️|kvinnelig zombie|udød|vandød
🧌|eventyr|fantasi|fantasy|monster|nettroll|troll
🫈|bigfoot|gigant|hårete|kjempe|kryptid|skog|uhyre|vesen|villmann|yeti
💆|ansiktsmassasje|anspent|avslapning|hodepine|massasje|person|skjønnhetssalong|terapi
💆‍♂️|ansikt|avslapning|hodemassasje|mann som får ansiktsmassasje|massasje|velvære
💆‍♀️|ansikt|avslapning|hodemassasje|kvinne som får ansiktsmassasje|massasje|velvære
💇|frisørsalong|frisyre|hårklipp|person|salong|skjønnhetssalong
💇‍♂️|frisør|hårklipp|klipp|mann som får hårklipp|sveis
💇‍♀️|frisør|frisyre|hårklipp|kvinne som får hårklipp
🚶|fotgjenger|fottur|gående|går|gåtur|person|spasere|steg|tur
🚶‍♂️|fotgjenger|gå|mannlig fotgjenger|tur
🚶‍♀️|fotgjenger|gå|kvinnelig fotgjenger|tur
🧍|person som står|stå
🧍‍♂️|mann som står|står
🧍‍♀️|kvinne som står|står
🧎|kneler|person som kneler
🧎‍♂️|kneler|mann som kneler
🧎‍♀️|kneler|kvinne som kneler
🧑‍🦯|blind|person med blindestokk|tilgjengelighet
👨‍🦯|blind|mann med blindestokk|tilgjengelighet
👩‍🦯|blind|kvinne med blindestokk|tilgjengelighet
🧑‍🦼|person i motorisert rullestol|rullestol|tilgjengelighet
👨‍🦼|mann|motorisert|rullestol|tilgjengelighet
👩‍🦼|kvinne|motorisert|rullestol|tilgjengelighet
🧑‍🦽|person i manuell rullestol|rullestol|tilgjengelighet
👨‍🦽|mann|manuell|rullestol|tilgjengelighet
👩‍🦽|kvinne|manuell|rullestol|tilgjengelighet
🏃|fart|fort|idrett|jogger|jogging|løp|maraton|person|rask|sport
🏃‍♂️|jogge|løpe|mannlig løper|maraton
🏃‍♀️|jogge|kvinnelig løper|løpe|maraton
🧑‍🩰|ballett|danser
💃|dansende kvinne|kvinne
🕺|dansende mann|mann
🕴️|business|dress|forretningsmann|mann|svevende mann i dress
👯|bestevenner|danser|fest|hareører|identiske personer|kaninører|menneske|par|sjelevenner|tvillinger
👯‍♂️|danser|hareører|mann|menn med kaninører
👯‍♀️|danser|hareører|kvinner med kaninører
🧖|avslapping|badstue|dampbad|luksus|person|sauna|spa
🧖‍♂️|dampbad|mann i badstu|sauna
🧖‍♀️|dampbad|kvinne i badstu|sauna
🧗|bestige|bestigning|fjell|klatre|klatring|person|sikring|sport
🧗‍♂️|klatring|mannlig klatrer
🧗‍♀️|klatring|kvinnelig klatrer
🤺|fekter|fekting|person|sport|sverd
🏇|galopp|hesteveddeløp|jockey|løp|sport|veddeløpshest
⛷️|skiløper|snø
🏂|snøbrettkjøring|snowboarder|snowboarding|vintersport
🏌️|ball|birdie|caddy|driving|golfe|green|person|pga|putte|range|tee
🏌️‍♂️|golfspiller|mannlig golfspiller
🏌️‍♀️|golfspiller|kvinnelig golfspiller
🏄|hav|sport|strand|surfebrett|surfer|surfing
🏄‍♂️|mannlig surfer|surfing
🏄‍♀️|kvinnelig surfer|surfing
🚣|åre|båt|elv|fartøy|fiske|innsjø|kano|padle|person i robåt|rafting|robåt|transport|vann
🚣‍♂️|båt|mann i robåt|robåt
🚣‍♀️|båt|kvinne i robåt|robåt
🏊|crawl|fristil|frisvømming|krål|person|sport|svømmer|svømming|triatlon
🏊‍♂️|mannlig svømmer|svømme|svømming
🏊‍♀️|kvinnelig svømmer|svømme|svømming
⛹️|atletisk|ball|basketball|drible|kaste|kurv|mesterskap|person|spiller
⛹️‍♂️|atletisk|ball|basketball|drible|kaste|kurv|mann|mesterskap|spiller
⛹️‍♀️|atletisk|ball|basketball|drible|kaste|kurv|kvinne|mesterskap|spiller
🏋️|bodybuilder|kroppsbygger|løfte vekter|løfter|person|sport|styrke|trening|vektløfter|vektstang
🏋️‍♂️|bodybuilding|mannlig vektløfter|styrke|trening|vekter|vektløfter
🏋️‍♀️|bodybuilding|kvinnelig vektløfter|styrke|trening|vekter|vektløfting
🚴|sport|sykkelløp|sykle|syklist
🚴‍♂️|mannlig syklist|sykkel|sykle
🚴‍♀️|kvinnelig syklist|sykkel|sykle
🚵|atletisk|mountainbike|sport|sykkel|sykle|syklist|terrengsykkel|terrengsyklist
🚵‍♂️|mann på terrengsykkel|mountainbike|sykkel|terrengsykkel
🚵‍♀️|kvinne på terrengsykkel|mountainbike|sykkel|terrengsykkel
🤸|aktiv|flikkflakk|glad|gymnastikk|hjul|person|slå|sport|turn
🤸‍♂️|aktiv|begeistret|glad|gymnastikk|mann som slår hjul|person|slå hjul|turn
🤸‍♀️|aktiv|begeistret|glad|gymnastikk|kvinne som slår hjul|person|slå hjul|turn
🤼|bryter|bryting|duell|personer|ring|sport|turnering|wrestling
🤼‍♂️|bryter|bryting|duell|menn|ring|sport|turnering|wrestling
🤼‍♀️|bryter|bryting|duell|kvinne|personer|sport|turnering|wrestling
🤽|person|polo|sport|svømming|vannpolo
🤽‍♂️|mann|person|polo|sport|svømmer|vannpolo|vannsport
🤽‍♀️|kvinne|person|polo|sport|svømmer|vannpolo|vannsport
🤾|ball|håndball|idrett|kaste|person|skudd|sport
🤾‍♂️|håndball|mannlig håndballspiller
🤾‍♀️|ball|damehåndball|håndballspiller|hoppskudd|kaste|kvinnehåndball|sport
🤹|balanse|ferdighet|kunst|multitasking|sirkus|sjonglere|sjonglering|sjonglør|underholdning
🤹‍♂️|balanse|ferdighet|kunst|mann|multitasking|sirkus|sjonglere|sjonglering|sjonglør|underholdning
🤹‍♀️|balanse|ferdighet|kunst|kvinne|multitasking|sirkus|sjonglere|sjonglering|sjonglør|underholdning
🧘|avslapning|bena i kryss|fredfull|lotusstilling|meditasjon|meditering|slappe av|yoga|zen
🧘‍♂️|mann i lotusstilling|meditasjon|yoga
🧘‍♀️|kvinne i lotusstilling|meditasjon|yoga
🛀|badekar|person i badekar
🛌|god natt|hotell|overnatting|person i seng|sengetid|sove
🧑‍🤝‍🧑|hånd|holde hender|par|personer som leier
👭|bestevenner|bff|damer|dating|hender|jenter|kvinner|par|søstre|tvillinger|venner|vennskap
👫|bestevenner|bff|dating|forelsket|hånd|holder hender|kjærester|kvinne|mann|par|søsken
👬|bestevenner|bff|brødre|dating|gutter|hender|karer|menn|par|tvillinger|venner|vennskap
💏|kyssing|mennesker|romantikk
💑|hjerte|kjærlighet|mennesker|par med hjerte|romantikk
🗣️|fjes|hode|silhuett|snakkende hode i profil|snakker
👤|byste|menneske|silhuett av byste
👥|byste|menneske|silhuett av byster
🫂|farvel|ha det|hadet|hei|kjærlighet|klem|omfavnelse|takk|trøst|venner|vennskap
👪|barn|familie|far|mennesker|mor
🧑‍🧑‍🧒|barn|familie|voksen
🧑‍🧑‍🧒‍🧒|barn|familie|voksen
🧑‍🧒|barn|familie|voksen
🧑‍🧒‍🧒|barn|familie|voksen
👣|avtrykk|fotavtrykk|fotspor|kropp|spor
🫆|avtrykk|etterforskning|fingeravtrykk|identitet|innbrudd|krim|sikkerhet|spor|teknisk|tyveri
🐵|apefjes|dyr|fjes
🐒|ape|dyr
🦍|ape|dyr|gorilla
🦧|ape|orangutang
🐶|dyr|fjes|hundefjes
🐕|dyr|hund|valp
🦮|blind|førerhund|hund|tilgjengelighet
🐕‍🦺|hjelp|hund|servicehund|tilgjengelighet
🐩|dyr|hund|puddel
🐺|dyr|fjes|ulv
🦊|dyr|fjes|rev
🦝|nysgjerrig|sky|vaskebjørn
🐱|dyr|fjes|kattefjes
🐈|dyr|katt
🐈‍⬛|dyr|katt|mjau|pus|svart|uhell|ulykke
🦁|fjes|løven|stjernebilde|stjernetegn
🐯|dyr|fjes|tigerfjes
🐅|dyr|tiger
🐆|dyr|leopard
🐴|dyr|fjes|hestefjes
🫎|dyr|elg|gevir|pattedyr
🫏|dyr|esel|muldyr|mulesel|pakkesel|pattedyr|sta
🐎|dyr|galopp|hest|trav
🦄|enhjørning|fjes
🦓|dyr|sebra|striper|zebra
🦌|dyr|hjort
🦬|bison|bøffel|dyr|horn|okse|stor|visent
🐮|dyr|fjes|kufjes
🐂|dyr|okse|stjernebilde|stjernetegn|tyren
🐃|bøffel|dyr|vannbøffel
🐄|dyr|ku
🐷|dyr|fjes|grisefjes
🐖|dyr|gris
🐗|dyr|villsvin
🐽|dyr|grisetryne|snute
🐏|bukk|dyr|stjernebilde|stjernetegn|væren
🐑|dyr|sau|søye
🐐|dyr|geit|steinbukken|stjernebilde|stjernetegn
🐪|dromedar|dyr|kamel|pukkel
🐫|dyr|kamel|pukkel
🦙|alpakka|dyr|guanaco|lama|ull
🦒|dyr|flekker|sjiraff
🐘|dyr|elefant
🦣|dyr|forhistorisk|istid|mammut|stor|støttenner|tundra|ull|utdødd
🦏|dyr|horn|nese|neshorn
🦛|dyr|flodhest
🐭|dyr|fjes|musefjes
🐁|dyr|mus
🐀|dyr|rotte
🐹|dyr|fjes|hamster
🐰|dyr|fjes|kaninfjes
🐇|dyr|hare|kanin
🐿️|dyr|ekorn|jordekorn
🦫|bever|dam|dyr|tenner
🦔|dyr|pigger|piggsvin|pinnsvin
🦇|dyr|flaggermus|vampyr
🐻|bjørn|dyr|fjes
🐻‍❄️|arktis|bjørn|dyr|hvit|isbjørn
🐨|dyr|koalabjørn
🐼|dyr|fjes|panda
🦥|dovendyr|dyr|henge|lat|treg
🦦|dyr|fisker|lekende|oter
🦨|dyr|stank|stinkdyr|stinke
🦘|australia|dyr|hoppe|kenguru|pungdyr
🦡|grevling|skadedyr
🐾|avtrykk|dyr|poteavtrykk|poter|spor
🦃|fugl|kalkun
🐔|dyr|fugl|høne
🐓|dyr|fugl|hane
🐣|dyr|fugl|klekking|kylling|nyklekket kylling
🐤|baby|dyr|fugl|kylling
🐥|baby|dyr|fugl|kylling forfra
🐦|dyr|fugl
🐧|dyr|fugl|pingvin
🕊️|due|dyr|fly|fredsdue|fugl
🦅|dyr|fugl|ørn
🦆|and|dyr|fugl
🦢|den stygge andungen|dyr|fugl|ornitologi|svane|vakker
🦉|dyr|fugl|ugle|vis
🦤|dodo|dronte|fugl|mauritius|stor|utdødd
🪶|fjærdrakt|fjærpenn|fugl|lett
🦩|dyr|flamingo|fugl|prangende|tropisk
🦚|dyr|fugl|påfugl|prangende|stolt
🦜|dyr|fugl|papegøye|pirat|snakkende|snakker
🪽|engel|engleaktig|englevinge|flyr|fugl|himmelsk|mytologi|vinge
🐦‍⬛|dyr|fugl|kra|kråke|nebb|ravn|svart
🪿|and|dum|dyr|fjærkre|fugl|gås|gasse|gjess|klukk|tute
🐦‍🔥|dyr|fantasy|føniks|fugl|gjenopplive|gjenoppstå|ildfugl|reinkarnasjon|udødelig
🐸|dyr|fjes|frosk
🐊|dyr|krokodille
🐢|dyr|skilpadde
🦎|dyr|firfisle|øgle|reptil
🐍|dyr|orm|slangebæreren|stjernebilde|stjernetegn
🐲|dragefjes|dyr|eventyr|fjes
🐉|drage|dyr|eventyr
🦕|brachiosaurus|brontosaurus|dinosaur|diplodocus|sauropod
🦖|dinosaur|t-rex|tyrannosaurus rex
🐳|dyr|hval|sprutende hval|spruter
🐋|dyr|hval
🐬|delfin|dyr|flipper|hav|strand
🫍|hav|hval|sjø
🦭|dyr|hav|sel|sjøløve
🐟|dyr|fiskene|stjernebilde|stjernetegn
🐠|dyr|fisk|tropisk
🐡|dyr|fisk|kulefisk
🦈|dyr|fisk|hai
🐙|blekksprut|bløtdyr|dyr
🐚|dyr|skjell|spiralskjell
🪸|dyr|hav|klimaendringer|korallrev|rev
🪼|au|brennmanet|dyr|glassmanet|havdyr|manet|plankton|sjø|tentakler
🦀|dyr|krabbe|krepsen|stjernebilde|stjernetegn
🦞|bisque|hummer|klør|kreps|sjømat|skalldyr
🦐|dyr|liten|mat|reke
🦑|akkar|blekksprut|bløtdyr|dyr|sprut
🦪|dykking|østers|perle
🐌|dyr|snegle
🦋|dyr|insekt|pen|sommerfugl
🐛|åme|dyr|insekt|kryp|larve
🐜|dyr|insekt|maur
🐝|bie|dyr|honningbie|insekt
🪲|bille|bug|dyr|insekt
🐞|bille|dyr|insekt|marihøne
🦗|dyr|gresshoppe|insekt
🪳|dyr|ekkel|insekt|kakerlakk|skadedyr|utøy
🕷️|dyr|edderkopp|insekt
🕸️|dyr|edderkopp|nett|spindelvev
🦂|dyr|skorpionen|stjernebilde|stjernetegn
🦟|dyr|feber|insekt|malaria|mygg|sykdom|virus
🪰|dyr|ekkelt|flue|forråtnelse|insekt|larver|råtne|sykdom
🪱|agn|dyr|leddorm|makk|mark|meitemakk|meitemark|parasitt
🦠|amøbe|bakterie|mikrobe|virus
💐|blomster|bukett|romantikk
🌸|blomst|kirsebærblomst
💮|blomsterstempel|hvit blomst|stempel
🪷|blomst|buddhisme|fred|hinduisme|lotusblomst|renhet|ro|sinnsro|skjønnhet
🏵️|plante|rosett
🌹|blomst|rose
🥀|blomst|tørket|vissen
🌺|blomst|hibiskus
🌻|blomst|solsikke
🌼|blomst|plante
🌷|blomst|tulipan
🪻|blomst|hyasint|klokkeblåstjerne|lavendel|lilla|lupin|plante|svibel|vår
🌱|plante|spire|ung
🪴|dyrke|grønn|hus|kjedelig|plante|potteplante|pynt|ubrukelig|vanne
🌲|barnåler|bartre|eviggrønt tre|gran|juletre|tre
🌳|blader|løvtre|tre
🌴|palmetre|tre
🌵|kaktus|plante
🌾|aks|plante|risplante|siv|strå
🌿|blader|plante|urteblader
🍀|4|firkløver|flaks|hell|kløver|plante
🍁|blad|høstblad|lønneblad
🍂|blad|fallende|høstblad|løv
🍃|blader i vind|blåser|blåst|løv i vind|vind
🪹|bygge|grein|gren|heim|hjem|rede|reir|tomt
🪺|egg|fugl|grein|gren|heim|hjem|rede|reir|tomt
🍄|fluesopp|sopp
🪾|dødt|stamme|tørke|tørt|tre|ufruktbart|vinter
🍇|drueklase|druer|frukt
🍈|cantaloupe|frukt|honningmelon|melon
🍉|frukt|melon|vannmelon
🍊|appelsin|c|frukt|klementin|mandarin|sitrus|vitamin
🍋|frukt|sitron|sitrus
🍋‍🟩|cocktail|frukt|garnityr|lime|margarita|mojito|salsa|sitrus|syrlig|tequila|tropisk|zest
🍌|banan|frukt
🍍|ananas|frukt
🥭|frukt|mango|tropisk
🍎|diett|eple|frukt|helse|modent|rødt
🍏|eple|frukt|grønn|grønt
🍐|frukt|pære
🍑|fersken|frukt
🍒|bær|kirsebær|moreller
🍓|bær|jordbær
🫐|bær|blåbær|frukt|mat
🥝|frukt|kiwi|mat
🍅|frukt|grønnsak|tomat
🫒|mat|oliven
🥥|kokosnøtt|palme|piña colada
🥑|avokado|frukt|mat
🍆|aubergine|grønnsak
🥔|grønnsak|mat|potet
🥕|grønnsak|gulrot|mat|rot
🌽|maiskolbe
🌶️|chili|sterk
🫑|capsicum|chili|grønnsak|paprika
🥒|agurk|grønnsak|mat|sylteagurk
🥬|bladgrønnsaker|bladsalat|grønnkål|kål|kinakål|pak choy|salat
🥦|brokkoli|grønnsak
🧄|hvitløk|smakstilsetning
🧅|løk|smakstilsetning|tårer
🥜|grønnsak|mat|nøtt|peanøtter
🫘|belgfrukt|bønner|kidneybønner|mat|små
🌰|kastanjenøtt|nøtt
🫚|helse|ingefærrot|krydder|naturlig|øl|rot|sunn|urt
🫛|belg|bønner|ertebelg|erter|grønnsak|soyabønne|sukkerert
🍄‍🟫|brun sopp|matsopp|natur|pizzafyll|portobello|sjampinjong|sopp|trøffel|vegetarianer
🫜|bete|grønnsak|hage|kålrot|nepe|rotgrønnsak|turnips
🍞|brød|loff
🥐|brød|croissant|fransk|mat
🥖|bagett|baguette|brød|fransk|mat
🫓|arepa|brød|lavash|mat|nan|pitabrød
🥨|saltkringle|saltstenger|snacks
🥯|bagel|bakst|frokost|påsmurt
🥞|crêpe|mat|pannekaker
🧇|belgisk vaffel|jern|vaffel
🧀|ostestykke
🍖|kjøtt med bein|kjøttbein|restaurant
🍗|fjærfe|fjærkre|kyllingklubbe|kyllinglår|restaurant
🥩|biff|kjøttstykke|lammekotelett|lammeskank|svinekotelett
🥓|bacon|kjøtt|mat
🍔|burger|hamburger|restaurant
🍟|chips|pommes frites|restaurant|stekte poteter
🍕|pizzabit|pizzastykke|restaurant
🌭|hot dog|hotdog|pølse med brød
🥪|brødskive|sandwich|smørbrød
🌮|meksikansk|taco
🌯|burrito|meksikansk|wrap
🫔|latinamerikansk|mat|meksikansk|tamal|wrap
🥙|falafel|fylt pitabrød|gyro|kebab|mat|pita
🧆|falafel|kebab|kikerter|kjøttboller
🥚|egg|mat
🍳|egg|matlaging|stekepanne
🥘|lav gryte med mat|mat|paella|stekepanne
🍲|gryterett|middagsmat|panne
🫕|fondue|fondy|gryte|kos|mat|nam|ost|sjokolade|smeltet|sveitsisk
🥣|bolle med skje|congee|frokostblanding|grøt
🥗|grønn|mat|salat
🍿|kino|popcorn|popkorn
🧈|margarin|meieriprodukt|smør
🧂|bøsse|krydder|salt
🥫|boks|hermetikk|hermetisk mat
🍱|bento-boks|boks|matboks
🍘|kjeks|riskjeks
🍙|japansk|onigiri|restaurant|risball
🍚|kokt|mat|ris
🍛|curry|karriris|restaurant|ris
🍜|matbolle som damper|nudelbolle|ramen|restaurant
🍝|pasta|restaurant|spagetti
🍠|bakt|potet|restaurant|søtpotet
🍢|oden|restaurant|sjømat på pinne|sjømatspyd
🍣|restaurant|sushi
🍤|fritert reke|grillet scampi|kongereke|restaurant|scampi|tempura
🍥|fiskekake med mønster|restaurant
🥮|festival|høst|månekake|yuebing
🍡|dango|japansk|restaurant|riskonfekt
🥟|dumpling|empanada|gyoza|jiaozi|melbolle|pirog
🥠|fortune cookie|lykkekake|spådom
🥡|bestille|boks|eske|hentemat|kinesisk|mat|spisepinner|takeaway
🍦|dessert|iskrem|restaurant|soft-is|softis
🍧|dessert|is|restaurant|shave-ice|slush-is
🍨|dessert|iskrem|restaurant
🍩|dessert|donut|restaurant|smultring
🍪|cookie|dessert|kjeks|restaurant
🎂|bløtkake|bursdag|dessert|feiring|fødselsdag|gebursdag|gratulerer|kake|nam|selskap
🍰|dessert|formkake|kakestykke
🧁|bakst|cupcake|søt
🥧|butterdeig|fyll|pai
🍫|sjokoladeplate
🍬|godteri|karamell|smågodt|søtsaker|sukkertøy
🍭|kjærlighet på pinne|sukkertøy
🍮|dessert|karamellpudding|pudding
🍯|honningkrukke|krukke
🍼|babyflaske|drikke|melk|tåteflaske
🥛|drikke|glass|melkeglass
🫖|drikke|kanne|tekanne|teselskap
🍵|drikke|suppe|tekopp
🍶|drikke|flaske|karaffel|mugge og kopp|sake
🍾|bar|drikke|flaske med sprettkork|kork|sprette
🍷|drikke|glass|rødvin|vinglass
🍸|bar|cocktaildrink|cocktailglass|drink
🍹|bar|drink|juice|tropisk drink
🍺|bar|halvliter|ølglass|ølkrus|pilsner
🍻|bar|halvliter|ølglass|ølkrus som skåler|pils
🥂|drink|feiring|glass som skåler|skål
🥃|brennevin|glass|shot|sprit|whiskyglass
🫗|drikke|glass|helle ut væske|oops|søle|tømme ut væske|tomt|uhell|vann
🥤|brus|juice|jus|kopp med sugerør
🧋|boble-te|bobler|kuler|melk|perler|taiwan|te
🧃|drikkekartong|juicekartong|juskartong
🧉|drikke|krukke|mate
🧊|chill|isbit|isterning|kald
🥢|hashi|spisepinner
🍽️|gaffel|kniv|matlaging|tallerken med kniv og gaffel
🍴|bestikk|frokost|gaffel|kniv|lunsj|matlaging|middag|nam|restaurant|spise|sulten
🥄|bestikk|skje
🔪|kniv|kokkekniv|matlaging|våpen|verktøy
🫙|beholder|ingenting|krukke|mos|oppbevare|pålegg|syltetøy|tom
🏺|amfora|drikke|krukke|matlaging|stjernebilde|stjernetegn|vannmannen
🌍|afrika|europa|gaia|globus|jorda|jorden|klode|tellus|verden
🌎|amerika|jorden|jordklode med amerika|usa|verden
🌏|asia|australia|jorden|jordklode med asia og australia|verden
🌐|jorden|jordklode med meridianer|lengde- og breddegrader|verden
🗺️|kart|verdenskart
🗾|japan|kart over japan
🧭|kompass|magnetisk|navigasjon|orientering
🏔️|fjell|kaldt|snødekt fjell
⛰️|berg|fjell
🛘|fare|fjell|jordskjelv|katastrofe|lavine|skred|steiner|steinsprang
🌋|utbrudd|vulkanutbrudd
🗻|fjell|fuji-fjellet
🏕️|camping|telttur
🏖️|parasoll|strand med parasoll
🏜️|ørken
🏝️|øde|øy
🏞️|nasjonalpark|park
🏟️|arena|stadion
🏛️|bygning|klassisk
🏗️|byggearbeid|bygging|bygning under konstruksjon
🧱|mørtel|mursteiner|sement|vegg
🪨|berg|blokk|hard|kampestein|steinblokk|steinrøys|tung|ur
🪵|hoggestabbe|hogst|huggestabbe|kubbe|stokk|tømmer|trelast
🛖|heim|hjem|hus|hytte|jurte|overnatting|rundhus
🏘️|boliger|bygning|hus
🏚️|bygning|falleferdig|forlatt|hus
🏠|bygning|hjem|hus
🏡|bygning|hjem|hus med hage
🏢|bygning|kontorbygg
🏣|bygning|japansk postkontor|post
🏤|bygning|europeisk|postkontor
🏥|lege|medisin|sykehus
🏦|bank|bygning
🏨|bygning|hotell
🏩|bygning|hotell|kjærlighetshotell
🏪|butikk|bygning|dagligvarebutikk|storkiosk
🏫|bygning|skolebygning
🏬|butikk|kjøpesenter|varehus
🏭|bygning|fabrikk
🏯|bygning|japansk|slott
🏰|borg|bygning|europeisk slott|festning|slott
💒|bryllup|kapell|romantikk
🗼|tårn|tokyo-tårnet
🗽|frihetsgudinnen|statue
⛪|bygning|kirke|kors|kristen|religion
🕌|bygning|islam|moské|muslim|religion
🛕|hindutempel|religion|tempel
🕍|bygning|jøde|jødisk|religion|synagoge|tempel
⛩️|alter|religion|shinto-alter
🕋|islam|kaba|muslim|religion
⛲|fontene
⛺|camping|telttur
🌁|tåkete|vær
🌃|natt|stjernenatt|stjerner
🏙️|bylandskap
🌄|fjellsol|morgensol|soloppgang over fjell
🌅|morgensol|soloppgang
🌆|bygning|byhorisont|bylandskap i skumring|skumring|solnedgang
🌇|bygning|skumring|solnedgang over byhorisont
🌉|bro om natten|natt
🎠|fornøyelsespark|hest|karusellhest|tivoli
🛝|fornøyelsespark|lekeplass|rutsjebane|sklie
🎡|fornøyelsespark|pariserhjul|tivoli
🎢|berg-og-dal-bane|fornøyelsespark|tivoli
💈|barberersøyle|barberskilt|frisørsalong
🎪|sirkustelt|telt|underholdning
🚂|fremkomstmiddel|lokmotiv|lokomotiv|tog
🚃|elektrisk|fremkomstmiddel|togvogn|trikk
🚄|fremkomstmiddel|høyhastighetstog|lyntog|tog
🚅|fremkomstmiddel|høyhastighetstog med kulenese|lyntog|shinkansen|tog
🚆|fremkomstmiddel|jernbane|tog
🚇|fremkomstmiddel|metro|t-bane|tunnelbane|undergrunnsbane
🚈|fremkomstmiddel|jernbane|lokaltog|tog
🚉|jernbane|stasjon|togstasjon
🚊|fremkomstmiddel|trikk
🚝|fremkomstmiddel|monorail
🚞|bane|fjellbane|fremkomstmiddel
🚋|fremkomstmiddel|lokaltog|trikkevogn|trolleybuss|vogn
🚌|buss|fremkomstmiddel
🚍|buss|fremkomstmiddel|motgående
🚎|buss|fremkomstmiddel|trolleybuss
🚐|buss|kjøretøy|minibuss|van
🚑|ambulanse|bil|kjøretøy
🚒|bil|brannbil|kjøretøy
🚓|bil|kjøretøy|politibil
🚔|bil|kjøretøy|motgående politibil
🚕|bil|kjøretøy|taxi
🚖|bil|drosje|kjøretøy|motgående|taxi
🚗|bil|kjøretøy
🚘|bil|kjøretøy|motgående
🚙|bil|kjøretøy|suv
🛻|bil|frakt|lastebil|liten|pickup|transport|varetransport
🚚|bil|kjøretøy|varebil
🚛|bil|kjøretøy|lastebil|trailer|trekkvogn
🚜|kjøretøy|traktor
🏎️|billøp|motorsport|racerbil
🏍️|motorsport|motorsykkel|motorsyklist
🛵|motorsykkel|scooter
🦽|manuell|rullestol|tilgjengelighet
🦼|motorisert|rullestol|tilgjengelighet
🛺|autorickshaw|mototaxi|trehjuling|tuk-tuk
🚲|kjøretøy|sykkel
🛴|sparkesykkel|sykkel
🛹|brett|rullebrett|skateboard
🛼|gøy|hjul|rulle|skøyter|sport
🚏|busstopp|holdeplass
🛣️|motorvei|vei
🛤️|jernbanespor|tog
🛢️|fat|oljefat|tønne
⛽|bensinpumpe|bensinstasjon|diesel|stasjon
🛞|bildekk|dekk|dreie|felg|hjul|kjøretøy|rulle|sirkel
🚨|bil|kjøretøy|lys|politilys|roterende|signal
🚥|horisontale lys|horisontale trafikklys|trafikk
🚦|trafikk|vertikale lys|vertikale trafiklys
🛑|åttekantet|skilt|stoppskilt
🚧|anleggsarbeid|byggeplass|byggeskilt|skilt
🛟|badering|flyte|livbøye|livredder|livredning|redde liv|redningsbøye|svømme
⛵|båt|seilbåt
🛶|båt|kano
🚤|båt|fartøy|speedbåt
🛳️|båt|fremkomstmiddel|passasjerskip|skip
⛴️|båt|ferge|passasjer
🛥️|båt|fremkomstmiddel|motorbåt
🚢|båt|fartøy|fremkomstmiddel|skip
🛩️|fly|fremkomstmiddel|lite fly
🛫|avganger|fly som tar av|flyavgang|fremkomstmiddel|innsjekk
🛬|ankomme|ankomster|fly som lander|fremkomstmiddel|lande|landing
🪂|fallskjermhopp|hangglider|hengeglider|paragliding
💺|sete|stol
🚁|fremkomstmiddel|helikopter
🚟|fremkomstmiddel|svevebane
🚠|fremkomstmiddel|kabelbane
🚡|fremkomstmiddel|gondolbane|taubane
🛰️|satellitt|verdensrommet
🚀|fremkomstmiddel|rakett|verdensrommet
🛸|alien|flyende|flygende|marsboer|tallerken|ufo
🛎️|hotell|klokke|pikkolo|resepsjonsklokke
🧳|bagasje|pakking|reise
⌛|ferdig timeglass|sand|tidtaker
⏳|sand|startet timeglass|tidtaker
⌚|armbåndsur|ur
⏰|alarm|klokke|vekkerklokke
⏱️|klokke|stoppeklokke
⏲️|klokke|nedtelling|tidtaker
🕰️|klokke|peisur
🕛|0:00|12:00|24:00|klokka|klokken tolv|tolv
🕧|0:30|12:30|halv ett|klokka|klokken halv ett
🕐|1:00|13:00|ett|klokka|klokken|tretten
🕜|1:30|13:30|halv to|klokka|klokken halv to
🕑|14:00|2:00|fjorten|klokka|klokken|to
🕝|14:30|2:30|halv tre|klokka|klokken halv tre
🕒|15:00|3:00|femten|klokka|klokken|tre
🕞|15:30|3:30|halv fire|klokka|klokken halv fire
🕓|16:00|4:00|fire|klokka|klokken|seksten
🕟|16:30|4:30|halv fem|klokka|klokken halv fem
🕔|17:00|5:00|fem|klokka|klokken|sytten
🕠|17:30|5:30|halv seks|klokka|klokken halv seks
🕕|18:00|6:00|atten|klokka|klokken|seks
🕡|18:30|6:30|halv sju|halv syv|klokka|klokken halv sju
🕖|19:00|7:00|klokka|klokken|nitten|sju|syv
🕢|19:30|7:30|halv åtte|klokka|klokken halv åtte
🕗|20:00|8:00|åtte|klokka|klokken|tjue
🕣|20:30|8:30|halv ni|klokka|klokken halv ni
🕘|21:00|9:00|klokka|klokken|ni|tjueen|tjueett
🕤|09:30|21:30|halv ti|klokka|klokken halv ti
🕙|10:00|22:00|klokka|klokken|ti|tjueto
🕥|10:30|22:30|halv elleve|klokka|klokken halv elleve
🕚|11:00|23:00|elleve|klokka|klokken|tjuetre
🕦|11:30|23:30|halv tolv|klokka|klokken halv tolv
🌑|måne|mørk|nymåne
🌒|månefase|ny|voksende nymåne
🌓|første kvarter|halvmåne|månefase|ny|voksende halvmåne
🌔|månefase|ny|voksende fullmåne
🌕|fullmåne|hel måne|måne
🌖|avtakende fullmåne|månefase|ne
🌗|avtakende halvmåne|halvmåne|månefase|ne|siste kvarter
🌘|avtakende|månefase|nemåne
🌙|månesigd
🌚|ansikt|måne|nymåne med ansikt|nymåneansikt
🌛|kvartmåne med ansikt|måneansikt|nymåne med ansikt
🌜|kvartmåne med ansikt|måneansikt|nemåne med ansikt
🌡️|temperatur|termometer|vær
🌝|ansikt|fullmåne med ansikt|fullmåneansikt|måne med ansikt
🌞|ansikt|lys|solansikt
🪐|planet med ringer|saturn|verdensrommet
⭐|stjerne|verdensrommet
🌟|glitrende|lysende stjerne|skinnende|stjerne|verdensrommet
🌠|fallende stjerne|faller|stjerneskudd|verdensrommet
🌌|galakse|melkeveien|verdensrommet
⛅|sky|sol bak sky|sol og sky
⛈️|regn|sky med lyn og regn|torden|vær
🌤️|sky|sol bak liten sky|vær
🌥️|sky|sol bak stor sky|vær
🌦️|regn|sky|sol bak sky med regn|vær
🌧️|regn|sky med regn|vær
🌨️|kaldt|sky med snø|snø|vær
🌩️|lyn|sky med lyn|vær
🌪️|sky|tornado|vær
🌫️|sky|tåke|vær
🌬️|blåse|fjes|sky|vær|vindansikt
🌀|orkan|svimmel|syklon|tornado
🌈|regnbue|vær
🌂|lukket paraply|regnvær
⛱️|paraply|parasoll på bakken|regn|sol|vær
⚡|fare|høyspenning|høyspent|lyn|spenning
⛄|kald|mann|snømann
🔥|flamme|ild
💧|dråpe|drypp|tegneserie|vann
🌊|bølge|hav|kanagawa|natur|surfer|surfing|vann
🎃|gresskarlykt|halloweenlykt
🎄|høytid|julefeiring|juletre|tre
🎆|feiring|fyrverkeri|nyttår
🎇|feiring|fyrverkeri|nyttår|stjerneskudd på pinne
🧨|dynamitt|eksplosiver|fyrverkeri|kinaputt
🎈|ballong|feiring
🎉|feiring|fest|serpentin|smell-bon-bon
🎊|ball|feiring|fest|konfettiball|konfettikule|wohoo
🎋|feiring|papirremser|stjernefestival|tanabatatre|tre
🎍|feiring|furudekorasjon|japansk høytid|nyttår
🎎|festival|japansk høytid|japanske dukker
🎏|feiring|japansk høytid|karpe|koinobori|papirfisk
🎐|bjelle|drømmefanger|feiring|vindspill
🎑|feiring|høytid|månebeskuelsesseremoni|månefeiring|måneseremoni
🧧|flaks|gave|hell og lykke|hong bao|lai see|penger|rød konvolutt
🎀|bånd|gavebånd|sløyfe
🎁|bursdag|feiring|gave|innpakket|julegave|presang
🎗️|bånd|feiring|minnesløyfe|påminnelse
🎟️|adgang|billett|inngangsbilletter
🎫|adgang|billett|inngang|underholdning
🎖️|feiring|medalje|militæret|militærmedalje
🏆|premie|trofé
🏅|idrettsmedalje|medalje
🥇|førsteplass|gullmedalje|medalje
🥈|andreplass|medalje|sølvmedalje
🥉|bronsemedalje|medalje|tredjeplass
⚽|ball|fotball
⚾|ball|baseball|sydd
🥎|ball|hanske|kasteball|softball|sport|underarm
🏀|ball|basketball|kurv|sport
🏐|ball|kamp|spill|volleyball
🏈|amerikansk fotball|ball|oval|sport
🏉|rugbyball|sport
🎾|ball|racket|sport|tenninsball|tennis
🥏|frisbee|ultimate
🎳|bowlingkule|kule|spill
🏏|balltre|cricket|kamp
🏑|ball|hockey|kamp|kølle|landhockey
🏒|hockey|ishockey|kamp|kølle|puck
🥍|ball|kølle|lacrosse|mål
🏓|balltre|bordtennis|kamp|racket|tennis
🏸|badminton|birdie|fjærball|kamp|racket
🥊|boksehanske|boksing|hanske|sport
🥋|drakt|judo|kampkunst|kampsportdrakt|karate|selvforsvar|taekwondo
🥅|målnett|nett|sport
⛳|golfflagg|golfhull|hull
⛸️|is|skøyter
🎣|fiskestang|fisking|fritid|natur
🤿|dykkermaske|dykking|froskemann|snorkling
🎽|singlet|sport|t-skjorte|treningstopp|treningstrøye
🎿|ski og staver|snø|staver|vintersport
🛷|kjelke|slede
🥌|curlingstein|sport|stein
🎯|blink|dart|mål|midt i blinken|pilspill|treff
🪀|jojo|leke|opp og ned|yo-yo|yoyo
🪁|drage|fly|papirdrage|sveve
🔫|leketøysvåpen|pistol|revolver|vannpistol|våpen
🎱|8|åtterkule|biljard|spill
🔮|krystallkule|spådommer
🪄|heks|magiker|trollmann|tryllekunster|tryllekunstner|tryllestav
🎮|konsoll|kontroller|spillkonsoll|spillkontroller|tv-spill|videospill
🕹️|joystick|spill|styrespake|videospill
🎰|spilleautomat
🎲|spill|terningkast|terningspill
🧩|bit|brikke|del|pekepinn|puslespillbrikke
🧸|bamse|leke|teddybjørn
🪅|cinco|de|feiring|fest|godteri|mayo|meksikansk|pinada|pinata|piñata|sukkertøy
🪩|dans|disco|diskokule|diskotek|fest|glitter|kule|speilkule
🪆|babusjka|dukke|hul|matrjosjka|matroshka|matrosjka|matruska|russisk|russland|suvenir
♟️|bonde|brikke|sjakk
🃏|jokerkort|kort|spillkort
🀄|mahjongbrikke med rød drage|rød|spill
🎴|kortspill|spillkort
🎭|kunst|scenekunst|teatermasker|underholdning
🖼️|bilde|innrammet bilde|kunst|maleri|museum|ramme
🎨|kunst|malerpalett|maling
🧵|nål|snelle|sy|trådsnelle
🪡|broderi|nål|skredder|sting|sutur|synål|tråd
🧶|ball|garn|nøste
🪢|bånd|knop|knute|knyte|rep|sammenflettet|stikk|tau|tvinne
👓|briller|klær|lesebriller
🕶️|briller|mørkt|øye|øyne|solbriller
🥽|beskyttelsesbriller|øyevern|sveising|svømming
🥼|doktor|eksperiment|forsker|labfrakk|lege
🦺|nødssituasjon|refleksvest|sikkerhet|vest
👔|klær|slips
👕|klær|skjorte|t-skjorte
👖|bukser|jeans|klær
🧣|hals|klær|skjerf
🧤|hånd|hansker|klær
🧥|frakk|jakke|kåpe|klær
🧦|klær|labber|sokker|strømper
👗|kjole|klær
👘|kimono|kjole|klær
🥻|kjole|klær|sari
🩱|badedrakt|badetøy
🩲|badebukse|badetøy|bikinitruse|truse|undertøy
🩳|badeshorts|badetøy|bukse|shorts|underbukse|undertøy
👙|badedrakt|badetøy|bikini|klær
👚|dameklær|klær
🪭|avkjøle|avkjøling|blafre|blyg|dans|håndvifte|rød|varmt|vifte
👛|klær|portemoné|pung
👜|håndveske|klær|veske
👝|clutch-veske|klær|liten veske
🛍️|handleposer|hotell|pose|shopping
🎒|ransel|ryggsekk|skolesekk
🩴|ferie|flipflops|flippflopper|sandaler|sommer|strandsandaler|syden
👞|herresko|klær|sko
👟|fritidssko|joggesko|klær|sko|tennissko
🥾|fjelltur|gåtur|støvel|telttur|turstøvel
🥿|flate sko|pumps|uten hæl
👠|høyhælt sko|klær|sko
👡|damesandal|klær|sandal|sko
🩰|ballettsko|dans
👢|damestøvlett|klær|sko|støvlett
🪮|afrokam|hår|kam|stelle
👑|dronning|klær|konge|krone
👒|damehatt|hatt|klær
🎩|flosshatt|hatt|klær
🎓|feiring|hatt|klær|studentlue|uteksaminering
🧢|caps|kaps|skyggelue
🪖|forsvaret|hær|hjelm|kriger|militær|soldat
⛑️|fjes|hatt|hjelm med hvitt kors|hjelp|kors
📿|bønnekrans|halssmykke|klær|perler|religion
💄|kosmetikk|leppestift|sminke
💍|diamant|ring|romantikk
💎|diamant|edelsten|romantikk|smykkestein
🔇|dempet høyttaler|høyttaler med strek over|ingen prating|stille
🔈|høyttaler med lavt volum|lav|lyd|ropert
🔉|høyttaler med middels volum|lyd|middels|ropert
🔊|høyttaler med høyt volum|lyd|ropert
📢|høyttaler|kommunikasjon|megafon|ropert
📣|heiing|kommunikasjon|megafon|ropert
📯|horn|posthorn
🔔|bjelle|klokke|ringing
🔕|bjelle med strek over|ingen lyd|klokke|lydløs|overstreket bjelle|stille
🎼|g-nøkkel|musikk|notetegn
🎵|musikknote|note
🎶|musikknoter|noter
🎙️|mikrofon|musikk|studiomikrofon
🎚️|glidebryter|musikk|nivå|skyveknapp
🎛️|brytere|knotter|kontrollbrytere|musikk
🎤|karaoke|mikrofon|musikk|underholdning
🎧|headset|hodetelefoner|øretelefoner|underholdning
📻|radiosignaler|teknologi
🎷|instrument|musikkinstrument|saksofon|sax
🎺|instrument|musikkinstrument|trompet
🪊|brass|instrument|jazz|messing|musikk|trekkbasun|trist|trombone
🪗|accordeon|concertina|danseband|gammaldans|gammeldans|musikk|spell|spill|trekkspill
🎸|gitar|instrument|musikkinstrument
🎹|instrument|keyboard|musikkinstrument|piano|tangenter
🎻|fele|fiolin|instrument|musikkinstrument
🪕|banjo|musikk|strengeinstrument
🥁|musikk|trommestikker
🪘|beat|conga|langtromme|musikk|perkusjon|rytme|tromme
🪇|cha|dans|fest|instrument|maracas|marakas|musikk|perkusjon|riste|rytme
🪈|band|blokkfløyte|fløyte|instrument|korps|musikk|orkester|treblåseinstrument|treblåser
🪉|amor|harpe|instrument|kjærlighet|musikk|orkester
📱|mobiltelefon|telefon
📲|anrop|mobiltelefon med pil|pil|ring|telefon
☎️|fasttelefon|ringe|telefon
📞|kommunikasjon|telefonrør
📟|kommunikasjon|personsøker|telefon
📠|faksmaskin|kommunikasjon|telefon
🔋|batteri|energilagring|strøm
🪫|batterinivå|elektronikk|ladenivå|lavt|lite energi|lite strøm|utladet
🔌|elektrisitet|elektrisk|plugg|støpsel
💻|bærbar datamaskin|datamaskin|maskin|pc
🖥️|datamaskin|monitor|pc|skjerm|stasjonær
🖨️|datamaskin|printer|skriver
🖱️|datamaskin|datamus|knapp|mus
🖲️|datamaskin|styrekule
💽|datadisk|disk|lagring|md|minidisk|optisk
💾|datamaskin|diskett|lagring
💿|blu-ray|cd|disk|dvd|lagring|optisk plate
📀|disk|dvd-plate|lagring|optisk|plate
🧮|abakus|kuleramme|regning
🎥|filmkamera|kamera|kino|underholdning
🎞️|bilder|filmruter|kino|ruter
📽️|filmframviser|filmfremviser|kino|projektor|video
🎬|action|filming|filmklapper|klapper|underholdning
📺|fjernsyn|tv|video
📷|foto|kamerateknikk|video
📸|blits|foto|kamera med blits|video
📹|kamera|videokamera
📼|kassett|opptak|vhs|videokassett
🔍|forstørrelsesglass mot venstre|glass|lupe|søk
🔎|forstørrelsesglass mot høyre|glass|lupe|søk
🕯️|lys|stearinlys
💡|elektrisitet|idé|lyspære|pære|tegneserie
🔦|elektrisk|lommelykt|lykt|lys
🏮|bar|izakaya|lampe|lanterne|lykt|rød papirlykt
🪔|åpen oljelampe|diya|lampe|olje
📔|dekorert notatbok|notatbok|omslag
📕|bok|lukket|utdannelse|utdanning
📖|åpen|bibliotek|bok|fantasi|kunnskap|læring|lesing|romaner|utdannelse|utdanning
📗|bibliotek|bok|fantasi|grønn|lesing|utdannelse|utdanning
📘|bibliotek|blå|bok|fantasi|lesing|utdannelse|utdanning
📙|bibliotek|bok|fantasi|lesing|oransje|utdannelse|utdanning
📚|bok|bøker
📓|kladdebok|kontorrekvisita|notatbok
📒|kontorrekvisita|notatbok|spiralblokk
📃|ark|opprullet|side med bøy
📜|papirrull|papyrus|pergamentrull|rull
📄|ark|papir|side som vender opp
📰|avis|nyheter|publikasjon
🗞️|avis|nyheter|opprullet|papir|sammenrullet avis
📑|bokmerkefane|faner|markør|merker
🔖|bokmerke|merke
🏷️|etikett|merke
🪙|dollar|euro|gull|kroner|metall|mynt|penger|rikdom|skatt|sølv
💰|dollar|penger|pengesekk|sekk
🪎|edelstener|gull|juveler|penger|premie|rikdom|skattkiste|sølv|velstand|verdisaker
💴|penger|seddel|yenseddel
💵|dollarseddel|penger|seddel
💶|euroseddel|penger|seddel
💷|penger|pundseddel|seddel
💸|bank|flygende seddel|penger med vinger|seddel
💳|bankkort|betalingskort|kort|kredittkort|visa
🧾|arkiv|bilag|dokumentasjon|kvittering|regnskap
💹|graf|marked|oppover|penger|stigende diagram med yen|trend|yen
📧|brev|e-post|kommunikasjon|post
📨|brev|e-post|epost|innkommende|konvolutt|levering|mail|motta|sendt
📩|brev|e-post|epost|konvolutt med pil|sende|sendt|utgående
📤|brev|e-post|kommunikasjon|sendt|skuff|utboks
📥|brev|e-post|innboks|kommunikasjon|mottatt|skuff
📦|eske|levering|pakke
📫|flagg|lukket postkasse med flagget oppe|post
📪|flagg|lukket postkasse med flagget nede|post
📬|åpen postkasse med flagget oppe|flagg|post
📭|åpen postkasse med flagget nede|flagg|post
📮|postkasse
🗳️|boks|stemmeseddel|urne med stemmeseddel
✏️|blyant
🖋️|blekk|fyllepenn|penn
🖊️|kulepenn|penn
🖌️|maling|pensel
🖍️|fargestift|tegning
📝|blyant|bok|kommunikasjon|notat
💼|dokumentmappe|stresskoffert
📁|arkivmappe|fil|mappe
📂|åpen|arkivmappe|filmappe|mappe
🗂️|faner|indeks|kort|skillekort|skillere
📅|dato|kalender
📆|kalender|riv-av-kalender|veggkalender
🗒️|blokk|notat|spiralhefte
🗓️|blokk|kalender|spiralkalender
📇|indeks|kartotek|register
📈|chart|diagram som peker oppover|graf|opp|positiv|stigende
📉|chart|diagram som peker nedover|fallende|graf|ned|negativ|synkende
📊|diagram|histogram|søylediagram|stolpediagram
📋|ordrebrett|skriveplate|tavle|utklippstavle
📌|kontorrekvisita|stift
📍|kontorrekvisita|markørnål|rund stift
📎|binders|kontorrekvisita
🖇️|binders|kjede|sammenlenkede binders
📏|linjal|rett
📐|linjal|trekantlinjal|vinkel
🗃️|arkiv|boks|fil|kartotekboks|kort
🗄️|arkivskap|fil|kabinett|mapper
🗑️|papirkurv|søppelkasse|søppelkurv
🔒|hengelås|låst|privat
🔓|åpen|hengelås|lås|ulåst
🔏|låst med penn|penn|personvern
🔐|lås med nøkkel|låst med nøkkel|sikker
🔑|lås|nøkkel|passord
🗝️|gammeldags nøkkel|lås|ledetråd|nøkkel
🔨|hammer|verktøy
🪓|dele|hogge|hugge|kløyve|øks|ved
⛏️|gruvedrift|hakke|verktøy
🛠️|hammer og fastnøkkel|skiftenøkkel|verktøy
🗡️|dolk|kniv|våpen
💣|bombe|følelse|tegneserie
🪃|aboriginer|australia|boomerang|bumerang|retur|tilbake|våpen
🏹|bueskytter|pil og bue|skytten|stjernebilde|stjernetegn|våpen
🛡️|skjold|våpen
🪚|bygge|håndsag|jobb|sag|snekkersag|tømrer|tre|verktøy
🔧|fastnøkkel|skrunøkkel|verktøy
🪛|håndverk|montering|reparasjon|reparere|skrue|skrujern|skrutrekker|verktøy
🔩|mutter og skrue|skrue|verktøy
🗜️|klemme|skruetvinge|skrustikke|skrutvinge|verktøy
🦯|blindestokk|tilgjengelighet
🔗|lenke|link|to ringer
⛓️‍💥|brutt|lenke|ødelagt
⛓️|kjede|kjetting
🪝|buet|fange|krok|laste|lasting|løftekrok|lossing|salgspunkt
🧰|kasse|rød boks|skrin|verktøykasse
🧲|hestesko|magnetisk|tiltrekning
🪜|klatre|steg|stige|trinn
🪏|grave|hull|skuffe|spade
🧪|eksperiment|forskning|kjemiker|lab|prøverør|reagensrør
🧫|bakterie|biologi|kultur|lab|petriskål
🧬|biologi|dna|evolusjon|gener|genetikk|liv
🔬|forskning|mikroskop|verktøy|vitenskap
🔭|astronomi|forskning|teleskop|verktøy|vitenskap
📡|antenne|kommunikasjon|parabolantenne|satellittantenne
💉|medisin|nål|sprøyte|syk|vaksine
🩸|bloddråpe|blodgiver|dråpe|medisin|menstruasjon|skadet
💊|lege|medisin|pille|tablett
🩹|behandling|plaster|sår
🩼|hjelpemiddel|kjepp|krykke|skadet|stokk|ufør
🩺|hjerte|lege|medisin|stetoskop
🩻|bein|doktor|lege|ribbein|ribben|røntgen|skjelett
🚪|bakdør|dør|inngangsdør|skapdør|ytterdør
🛗|etasje|heis|ned|opp|tilgjengelighet
🪞|badespeil|refleksjon|sminke|speilbilde|stell
🪟|åpning|frisk luft|friskluft|gjennomsiktig|glass|ramme|utsikt|vinduskarm
🛏️|hotell|seng|sove
🛋️|hotell|lampe|sofa og lampe
🪑|sete|sitteplass|stol
🚽|dass|do|toalett|vannklosett|wc
🪠|avløpsåpner|mekanisk|sugekopp|toalett|vask
🚿|dusj|vann
🛁|badekar|badestamp
🪤|åte|fange|felle|musefelle|ost|snare
🪒|barbere|barbering|barberkniv|skarp
🧴|fuktighetskrem|lotionflaske|shampoo|sjampo|solkrem
🧷|bleie|punk|sikkerhetsnål
🧹|feiekost|heks|rengjøre
🧺|jordbruk|klesvask|kurv|piknik
🧻|rull med papir|toalettpapir|tørkepapir|tørkerull
🪣|beholder|bøtte|kar|spann|tømme
🧼|bad|såpeskål|såpestykke|skum|vaske
🫧|boble|perle|rengjøre|rense|såpe|skum|sveve|vaske
🪥|baderom|børste|dental|hygiene|kost|pusse|tann|tenner
🧽|absorberende|porøs|rengjøre|svamp|vaske
🧯|brannslokkingsapparat|brannslukningsapparat|slokke|slukke
🛒|handlevogn|innkjøp|tralle|vogn
🚬|røyking tillatt|sigarett|skilt
⚰️|begravelse|død|kiste
🪦|død|gravlund|gravplass|gravsted|gravstein|kirkegård|rip
⚱️|begravelse|død|kremasjon|urne
🧿|amulett|charm|nazar|ondt øye|talisman
🪬|amulett|beskyttelse|fatima|guide|hamsa|håndflate|maria|miriam|rikdom
🗿|ansiktsstatue|moai-statue|påskeøya|statue
🪧|demonstrasjon|informasjon|plakat|protest|skilt|tekst
🪪|adgangskort|dokument|førerkort|id-kort|identifikasjon|kort|legitimasjon|lisens|sikkerhet
🏧|automatisk|bank|minibankskilt|penger
🚮|avfallsskilt|skilt|søppel
🚰|drikke|kran|spring|tappe|vann|vatn
♿|handikaptilgang|rullestolbruker|rullestolsymbol
🚹|do|herrer|herretoalett|mannesymbol|toalett|wc
🚺|damer|dametoalett|do|kvinnesymbol|toalett|wc
🚻|do|toalettskilt|wc
🚼|babyskilt|babysymbol|stellerom|stellestasjon
🚾|do|toalett|wc
🛂|kontroll|passkontroll
🛃|grense|toll
🛄|bagasjebånd|rullebånd
🛅|bagasjeoppbevaring|oppbevaringsboks
⚠️|advarsel|obs
🚸|barn krysser veien|krysser|skilt
⛔|adgang forbudt|enveiskjøring|ingen adgang|skilt|stopp
🚫|adgang forbudt|forbudt|ikke|nei|skilt
🚳|ikke|ingen sykler|nei|sykkel ikke tillatt|sykler forbudt
🚭|forbudt|ikke tillatt|nei|røyking
🚯|forsøpling ikke tillatt|ikke avfall|ingen kasting|skilt
🚱|ikke drikkbart|ikke drikkevann|vann
🚷|fotgjengere forbudt|gående|ikke tillatt|nei|skilt
📵|forbudt|ikke tillatt|ingen telefonsamtaler|mobiltelefon ikke tillatt|nei|telefon
🔞|18|aldersgrense 18 år|attenårsgrense|ingen under 18|under 18
⬆️|nord|oppoverpil|pil opp|retning
➡️|høyrepil|øst|pil høyre|retning
⬇️|nedoverpil|pil ned|retning|sør
⬅️|pil venstre|retning|venstrepil|vest
↩️|pil som bøyer mot venstre
↪️|pil som bøyer mot høyre
🔃|last inn på nytt|piler|vertikale piler med klokken
🔄|mot klokken|piler mot klokken
🔙|back-pil|pil til venstre|tilbakepil
🔚|end-pil|pil til venstre|slutt med pil|sluttpil
🔛|on!-pil|på|pil|utropstegn
🔜|pil|snart med pil|soon-pil
🔝|opp|pil opp|top-pil|topp med pil
🛐|religion|religiøst samlingssted|tilbedelse
⚛️|ateist|atomsymbol
🕉️|hindu|om|religion
☯️|balanse|helhet|liv|religion|taoist|total|vanskelig|yang|yinyang
✝️|kors|kristen|latinsk kors|religion
☪️|islam|muslim|religion|stjerne og halvmåne
☮️|fredssymbol
🕎|lysestake|menora|religion
🔯|magi|sekskantet|sekstagget stjerne med prikk|stjerne
🪯|deg tegh fateh|khalsa|khanda|religion|sikhisme|tro
♊|stjernetegn|tvillingene|tvillinger
♋|krabbe|krepsen|stjernetegn
♌|løven|stjernetegn
♍|jomfruen|stjernetegn
♎|rettferdighet|stjernetegn|vekten
♏|skorpionen|stjernetegn
⛎|bærer|slangebæreren|stjernetegn
🔀|bland spor-symbol|kryssede piler mot høyre|piler
🔁|gjenta-knapp|med klokken|piler
🔂|1 gang|én gang|gjenta ett spor-knapp|med klokken|piler
▶️|avspillingsknapp|høyre|pil|trekant
⏩|dobbel pil|høyre|spol framover-knapp|spoling
⏭️|knapp|neste|pil|scene|spor|trekant
⏯️|høyre|pause|pil|spill av/pause-knapp|trekant
◀️|bakover-knapp|pil|tilbake|trekant|venstre
⏪|dobbel pil|spol tilbake-knapp|spoling|venstre
⏮️|forrige scene|forrige spor-knapp|pil|trekant
🔼|oppover-knapp|pil
⏫|dobbel|opp|pil|raskt opp-knapp
🔽|nedover-knapp
⏬|dobbel pil ned|ned|pil|raskt ned-knapp
⏸️|dobbel|pause-knapp|strek|vertikal
⏹️|firkant|stopp-knapp
⏺️|innspilling|sirkel|spill inn-knapp|ta opp
⏏️|eject|knapp|løse ut|mat ut-knapp|mate ut
🎦|filmkamera|kamera|kino|underholdning
🔅|lav|lite lys-knapp|lysstyrke
🔆|høy|lysstyrke|mye lys-knapp
📶|antenne|mobilsignaler|signalstyrke|telefon
🛜|bredbånd|datamaskin|hotspot|internett|nettverk|ruter|smarttelefon|tilkobling|trådløst|wi-fi|wifi
📳|mobiltelefon|modus|vibrasjon|vibreringsmodus
📴|av|mobiltelefon
⚧️|transperson-symbol
🟰|er lik|fet skrift|likhetstegn|matematikk|svar
♾️|for alltid|grenseløs|uendelig|universal|universell
‼️|!!|bangbang|dobbelt utropstegn|tegnsetting|utropstegn
💱|bank|penger|valutaveksling|veksling
💲|dollartegn|penger|stort dollartegn
♻️|resirkuleringssymbol|symbol|universelt
⚜️|fleur-de-lis|fransk lilje
🔱|anker|emblem|treenighet|treforkemblem|tridentsymbol
📛|navneskilt|skilt
🔰|grønn og gul|grønt og gult blad|japansk tegn for nybegynner|nybegynner
⭕|o|rød|sirkel|stor|tykk rød sirkel
❌|×|avbryt|kryss|rødt kryss|x
❎|×|kryss i firkant|kvadrat|x
➰|løkketegn
➿|dobbel løkke-tegn
〽️|merke for nytt parti|nytt|parti
🫟|farge|flekk|holi|maling|søl|sprut
🔠|abcd|bokstaver|inndata|store bokstaver
🔡|abcd|bokstaver|inndata|små bokstaver
🔢|1234|inndata|numeriske data|tall
🔣|〒♪&%|inndata|symboler
🔤|abc|bokstaver|inndata|latinsk alfabet
🅰️|a-knapp (blodtype)|blodtype|type a
🆎|ab-knapp (blodtype)|blodtype|type ab
🅱️|b-knapp (blodtype)|blodtype|type b
🆑|cl-knapp|clear|slett|tøm
🆒|cool-knapp
🆓|free-knapp|free-symbol|gratis
🆔|id-knapp|id-symbol|identitet
Ⓜ️|m med ring rundt|sirkel
🆕|new-knapp|new-symbol|nyhet
🆖|ikke bra|ng-knapp|ng-symbol|no good
🅾️|blodtype|o-knapp (blodtype)|type o
🆗|ok-knapp|ok-symbol
🅿️|p-knapp|parkeringsplass
🆘|hjelp-symbol|sos-knapp|sos-symbol
🆙|opp-symbol|up!-knapp|up!-symbol
🆚|versus|vs-knapp|vs-symbol
🈁|her|japansk|katakana|knapp
🈂️|gebyr|japansk|katakana|knapp|service|tjeneste
🈷️|beløp|ideograf|japansk|knapp|månedlig|månedsbeløp
🈶|betale|gratis|ideograf|ikke|japansk|knapp|kostnad
🈯|ideograf|japansk|knapp|reservert
🉐|ideograf|japansk|knapp|kupp|spesialtilbud
🈹|ideograf|japansk|knapp|rabatt
🈚|gratis|ideograf|japansk|knapp
🈲|forbudt|ideograf|japansk|knapp
🉑|akseptabelt|ideograf|japansk|knapp
🈸|ideograf|japansk|knapp|søknad
🈴|bestått|ideograf|japansk|knapp
🈳|ideograf|knapp|ledig japansk
🈺|åpen|bedrift|handel|ideograf|japansk|knapp
🈵|fullt|ideograf|japansk|knapp
🔴|geometrisk|rød|sirkel
🟠|geometrisk|oransje|sirkel
🟡|geometrisk|gul|sirkel
🟢|geometrisk|grønn|sirkel
🔵|blå|geometrisk|sirkel
🟣|geometrisk|lilla|sirkel
🟤|brun|geometrisk|sirkel
⚫|geometrisk|sirkel|svart
⚪|geometrisk|hvit|sirkel
🟥|kort|kvadrat|rødt|utvisning
🟧|kvadrat|oransje
🟨|advarsel|gult|kort|kvadrat
🟩|grønn|grønt|kvadrat
🟦|blått|kvadrat
🟪|kvadrat|lilla
🟫|brunt|kvadrat
⬛|firkant|geometrisk|kvadrat|stor|svart
⬜|firkant|geometrisk|hvitt|kvadrat|stor
◼️|firkant|geometrisk|kvadrat|mellomstort|svart
◻️|firkant|geometrisk|hvitt|kvadrat|mellomstort
◾|firkant|geometrisk|kvadrat|lite/mellomstort|liten/mellomstor|svart
◽|firkant|geometrisk|hvitt|kvadrat|lite/mellomstort|liten/mellomstor
▪️|firkant|geometrisk|kvadrat|liten|svart
▫️|firkant|geometrisk|hvitt|kvadrat|liten
🔶|geometrisk|oransje|ruter|stort oransje rutersymbol
🔷|blå|geometrisk|ruter|stort blått rutersymbol
🔸|geometrisk|lite oransje rutersymbol|oransje|ruter
🔹|blå|geometrisk|lite blått rutersymbol|ruter
🔺|geometrisk|oppover|rød trekant som peker opp|trekant
🔻|geometrisk|nedover|rød trekant som peker ned|trekant
💠|blomst|diamant med prikk|søtt
🔘|knapp|radioknapp
🔳|firkant|hvit firkantet knapp|knapp
🔲|firkant|knapp|svart firkantet knapp
🏁|formel 1|mål|motorsport|racingflagg|rutete flagg
🚩|golf|posisjon|trekantet|vimpel
🎌|feiring|flagg|kryssede flagg|kryssede japanske flagg|krysset
🏴|flagging|svart
🏳️|flagging|hvitt
🏳️‍🌈|bifil|flagg|homofil|lgbt|pride|regnbueflagg|trans
🏳️‍⚧️|flagg|hvit|lyseblå|rosa|transpersonflagg
🏴‍☠️|kaptein sabeltann|pirat|plyndre|sjørøverflagg|skatt
🇦🇩|andorra
🇦🇪|de forente arabiske emirater
🇦🇫|afghanistan
🇦🇬|antigua og barbuda
🇦🇮|anguilla
🇦🇱|albania
🇦🇲|armenia
🇦🇴|angola
🇦🇶|antarktis
🇦🇷|argentina
🇦🇸|amerikansk samoa
🇦🇹|østerrike
🇦🇺|australia
🇦🇼|aruba
🇦🇽|åland
🇦🇿|aserbajdsjan
🇧🇦|bosnia-hercegovina
🇧🇧|barbados
🇧🇩|bangladesh
🇧🇪|belgia
🇧🇫|burkina faso
🇧🇬|bulgaria
🇧🇭|bahrain
🇧🇮|burundi
🇧🇯|benin
🇧🇱|saint-barthélemy
🇧🇲|bermuda
🇧🇳|brunei
🇧🇴|bolivia
🇧🇶|karibisk nederland
🇧🇷|brasil
🇧🇸|bahamas
🇧🇹|bhutan
🇧🇼|botswana
🇧🇾|belarus
🇧🇿|belize
🇨🇦|canada
🇨🇨|kokosøyene
🇨🇩|kongo
🇨🇫|den sentralafrikanske republikk
🇨🇬|kongo-brazzaville
🇨🇭|sveits
🇨🇮|elfenbenskysten
🇨🇰|cookøyene
🇨🇱|chile
🇨🇲|kamerun
🇨🇳|kina
🇨🇴|colombia
🇨🇶|sark
🇨🇷|costa rica
🇨🇺|cuba
🇨🇻|kapp verde
🇨🇼|curaçao
🇨🇽|christmasøya
🇨🇾|kypros
🇨🇿|tsjekkia
🇩🇪|tyskland
🇩🇯|djibouti
🇩🇰|danmark
🇩🇲|dominica
🇩🇴|den dominikanske republikk
🇩🇿|algerie
🇪🇨|ecuador
🇪🇪|estland
🇪🇬|egypt
🇪🇭|vest-sahara
🇪🇷|eritrea
🇪🇸|spania
🇪🇹|etiopia
🇪🇺|den europeiske union
🇫🇮|finland
🇫🇯|fiji
🇫🇰|falklandsøyene
🇫🇲|mikronesiaføderasjonen
🇫🇴|færøyene
🇫🇷|frankrike
🇬🇦|gabon
🇬🇧|storbritannia
🇬🇩|grenada
🇬🇪|georgia
🇬🇫|fransk guyana
🇬🇬|guernsey
🇬🇭|ghana
🇬🇮|gibraltar
🇬🇱|grønland
🇬🇲|gambia
🇬🇳|guinea
🇬🇵|guadeloupe
🇬🇶|ekvatorial-guinea
🇬🇷|hellas
🇬🇸|sør-georgia og sør-sandwichøyene
🇬🇹|guatemala
🇬🇺|guam
🇬🇼|guinea-bissau
🇬🇾|guyana
🇭🇰|hongkong sar kina
🇭🇳|honduras
🇭🇷|kroatia
🇭🇹|haiti
🇭🇺|ungarn
🇮🇨|kanariøyene
🇮🇩|indonesia
🇮🇪|irland
🇮🇱|israel
🇮🇲|man
🇮🇳|india
🇮🇴|det britiske territoriet i indiahavet
🇮🇶|irak
🇮🇷|iran
🇮🇸|island
🇮🇹|italia
🇯🇪|jersey
🇯🇲|jamaica
🇯🇴|jordan
🇯🇵|japan
🇰🇪|kenya
🇰🇬|kirgisistan
🇰🇭|kambodsja
🇰🇮|kiribati
🇰🇲|komorene
🇰🇳|saint kitts og nevis
🇰🇵|nord-korea
🇰🇷|sør-korea
🇰🇼|kuwait
🇰🇾|caymanøyene
🇰🇿|kasakhstan
🇱🇦|laos
🇱🇧|libanon
🇱🇨|st. lucia
🇱🇮|liechtenstein
🇱🇰|sri lanka
🇱🇷|liberia
🇱🇸|lesotho
🇱🇹|litauen
🇱🇺|luxemburg
🇱🇻|latvia
🇱🇾|libya
🇲🇦|marokko
🇲🇨|monaco
🇲🇩|moldova
🇲🇪|montenegro
🇲🇬|madagaskar
🇲🇭|marshalløyene
🇲🇰|nord-makedonia
🇲🇱|mali
🇲🇲|myanmar (burma)
🇲🇳|mongolia
🇲🇴|macao sar kina
🇲🇵|nord-marianene
🇲🇶|martinique
🇲🇷|mauritania
🇲🇸|montserrat
🇲🇹|malta
🇲🇺|mauritius
🇲🇻|maldivene
🇲🇼|malawi
🇲🇽|mexico
🇲🇾|malaysia
🇲🇿|mosambik
🇳🇦|namibia
🇳🇨|ny-caledonia
🇳🇪|niger
🇳🇫|norfolkøya
🇳🇬|nigeria
🇳🇮|nicaragua
🇳🇱|nederland
🇳🇴|norge
🇳🇵|nepal
🇳🇷|nauru
🇳🇺|niue
🇳🇿|new zealand
🇴🇲|oman
🇵🇦|panama
🇵🇪|peru
🇵🇫|fransk polynesia
🇵🇬|papua ny-guinea
🇵🇭|filippinene
🇵🇰|pakistan
🇵🇱|polen
🇵🇲|saint-pierre-et-miquelon
🇵🇳|pitcairnøyene
🇵🇷|puerto rico
🇵🇸|det palestinske området
🇵🇹|portugal
🇵🇼|palau
🇵🇾|paraguay
🇶🇦|qatar
🇷🇪|réunion
🇷🇴|romania
🇷🇸|serbia
🇷🇺|russland
🇷🇼|rwanda
🇸🇦|saudi-arabia
🇸🇧|salomonøyene
🇸🇨|seychellene
🇸🇩|sudan
🇸🇪|sverige
🇸🇬|singapore
🇸🇭|st. helena
🇸🇮|slovenia
🇸🇰|slovakia
🇸🇱|sierra leone
🇸🇲|san marino
🇸🇳|senegal
🇸🇴|somalia
🇸🇷|surinam
🇸🇸|sør-sudan
🇸🇹|são tomé og príncipe
🇸🇻|el salvador
🇸🇽|sint maarten
🇸🇾|syria
🇸🇿|eswatini
🇹🇨|turks- og caicosøyene
🇹🇩|tsjad
🇹🇫|de franske sørterritorier
🇹🇬|togo
🇹🇭|thailand
🇹🇯|tadsjikistan
🇹🇰|tokelau
🇹🇱|øst-timor
🇹🇲|turkmenistan
🇹🇳|tunisia
🇹🇴|tonga
🇹🇷|tyrkia
🇹🇹|trinidad og tobago
🇹🇻|tuvalu
🇹🇼|taiwan
🇹🇿|tanzania
🇺🇦|ukraina
🇺🇬|uganda
🇺🇸|usa
🇺🇾|uruguay
🇺🇿|usbekistan
🇻🇦|vatikanstaten
🇻🇨|st. vincent og grenadinene
🇻🇪|venezuela
🇻🇬|de britiske jomfruøyene
🇻🇮|de amerikanske jomfruøyene
🇻🇳|vietnam
🇻🇺|vanuatu
🇼🇫|wallis og futuna
🇼🇸|samoa
🇽🇰|kosovo
🇾🇪|jemen
🇾🇹|mayotte
🇿🇦|sør-afrika
🇿🇲|zambia
🇿🇼|zimbabwe
🏴󠁧󠁢󠁥󠁮󠁧󠁿|england
🏴󠁧󠁢󠁳󠁣󠁴󠁿|skottland
🏴󠁧󠁢󠁷󠁬󠁳󠁿|wales