⁉️|вопросительный|восклицание|восклицательный|знаки|и|пунктуация
ℹ️|значок|информации|информация|подробнее|сведения|справка|справки
↔️|влево-вправо|вправо|двойная|стрелка
↕️|вверх-вниз|вниз|двойная|стрелка
↖️|влево-вверх|направление|северо-запад|стрелка
↗️|вправо-вверх|направление|северо-восток|стрелка
↘️|вправо-вниз|направление|стрелка|юго-восток
↙️|влево-вниз|направление|стрелка|юго-запад
⌨️|клавиатура|клавиши|периферия
☀️|жарко|лучи|планета|погода|солнце
☁️|небо|облако|туча
☂️|вода|дождь|зонтик|осадки|открытый зонт|погода
☃️|снеговик под снегом|фигура|человек|человечек
☄️|комета|космос|метеоритный дождь|небо|планета
☑️|бюллетень с галочкой|выполнено|галочка в квадрате|голосование|готово|проверено|проверка|сделано
☔|зонт под дождем|зонтик под дождем|капли|капля|ливень|погода|под дождем
☕|горячий|кипяток|кофе|напиток|пар|чаепитие|чай
☘️|ирландия|клевер|растение|трилистник
☠️|конец|кости|метка|опасно|пират|смерть|умереть|флаг|череп
☢️|знак|опасность|радиация|радиоактивность|символ|угроза
☣️|биологическая|знак|опасность|угроза|химическая
☦️|вера|крест|православие|православный|религия|христианин|христианство
☸️|буддизм|буддийский|дхарма|колесо|религия
☹️|грустный|досада|недовольный|несчастный|очень|печаль|плохо|расстроен
♈|баран|гороскоп|знак|зодиак|овен|овца
♉|бык|гороскоп|знак|зодиак|теленок|телец
♐|гороскоп|знак|зодиак|стрелец
♑|гороскоп|знак|зодиак|козерог
♒|водолей|гороскоп|знак|зодиак
♓|гороскоп|знак|зодиак|рыба|рыбы
♠️|игра|карты|масть|пики
♣️|игра|карты|масть|трефы
♥️|игра|карты|масть|червы
♦️|бубны|игра|карты|масть
♨️|гейзер|горячие|источники|пар|поток
⚒️|инструмент|кирка и молот|молот и кирка|молоток|серп и молот|строитель|строить|шахта
⚓|корабль|якорь
⚔️|битва|два меча|крестоносец|крестоносцы|мечи|оружие|рыцарь|скрещение мечей|скрещенные|холодное оружие
⚖️|весы|взвешивание|знак|зодиак|правосудие|справедливость
⚗️|аппарат|куб|перегонный|сосуд|химия
⚙️|деталь|зубчатое|колесо|шестеренка|шестерня
✂️|инструмент|ножницы|резать
✅|белая|галочка|готово|знак|проверено|проверка|сделано
✈️|воздух|крылья|перевозки|самолет
✉️|конверт|письмо|почта|сообщение|электронное
✒️|кончик пера|перо|перьевая ручка|перьевой наконечник|письмо|ручка
✔️|галка|галочка|готово|знак|значок|отметка|отмечено|помечено|черная галочка|черный
✖️|знак|отмена|отмены|умножение|умножения|х
✡️|вера|давид|еврей|звезда|иудаизм|религия|шестиконечная
✨|блестка|блестки|звезда|звезды|искры|мерцание|свет
✳️|восьмиконечная|звезда|звездочка
✴️|восьмиконечная|звезда
❄️|зима|небо|рисунок|снег|снежинка|снежок|холодно
❇️|искра|мерцание
❓|вопроса|вопросительный|знак|красный|пунктуация
❔|?|белый|вопросительный|знак|пунктуация
❕|белый восклицательный знак|восклицание|восклицательный знак|восклицать|знак|пунктуация
❗|восклицание|восклицательный знак|знак|красный|пунктуация
❣️|восклицание|восклицательный знак в виде сердца|знак|препинания|сердце в виде восклицательного знака
❤️|красное|любовь|свидание|сердце|чувства|эмоции
➕|добавить|знак|плюс|прибавить|сложение|сложения
➖|вычесть|вычитание|вычитания|знак|минус|отнять
➗|деление|деления|делить|знак|разделить
⤴️|вверх|вправо|изгиб|изогнутая|поворот|стрелка
⤵️|вниз|вправо|изгиб|изогнутая|поворот|стрелка
〰️|волна|волнистая|знак|линия|пунктуация
㊗️|значок|кнопка|поздравление|праздник|япония
㊙️|значок|кнопка|секрет|тайна|япония
😀|лицо|радость|смех|счастье|улыбка
😃|весело|лицо|радость|рот|смеется|смех|улыбка
😄|глаза|закрытые|лицо|радость|смеется|смех|смеяться|улыбка
😁|весело|глаза|зубы|лицо|ржать|смех|счастье|улыбка|ухмылка|широкая
😆|глаза|закрытые|лол|радость|смех|смешно|угораю|улыбка|ха-ха|хохот
😅|лол|нервный|облегчение|открытый|пот|рот|смех|стресс|улыбка|широкая
🤣|глаза|катаюсь|плач|пол|ржака|ржач|слезы|умора|ха-ха|хохот
😂|глаза|лол|плач|ржака|ржач|ржунимагу|слезы|смешно|умора|ха-ха
🙂|легкая|лицо|радость|смайлик|улыбка
🙃|вверх|ногами|перевернутый|смайлик|тормашками|улыбка
🫠|грустная|жара|жарко|лол|нежность|печальная|плавится|растаять|таю|улыбка
😉|глаз|договорились|ироничная|легкая|окей|подмигивает|улыбка|флирт|хорошо|шутка
😊|глаза|довольный|закрытые|краснеть|легкая|радость|румянец|улыбка|щеки
😇|ангел|глаза|добрый|закрытые|легкая|невинная|нимб|улыбка
🥰|люблю|любовь|нежность|обожаю|радость|романтика|румянец|сердечки|улыбка|чувства
😍|без ума|вау|влюбленность|восторг|глаза|люблю|обожаю|сердечки|чувства
🤩|вау|глаза|звезда|звездный|звезды|обалдеть|радость|супер|улыбка|широкая
😘|воздушный|губы|комплимент|любовь|подмигивание|поцелуй|сердечко|скучаю|флирт|чмок
😗|люблю|любовь|нежность|поцелуй|романтика|скучаю|флирт|чмок
☺️|довольный|окей|радость|румянец|смайлик|счастье|улыбается|улыбка|хорошо
😚|глаза|закрытые|поцелуй|румянец|флирт|целовать|чмок
😙|глаза|лицо|любовь|поцелуй|свидание|улыбка|флирт|чмок
🥲|боль|гордость|лицо|облегчение|признательность|радость|слеза|трогательный|улыбка|умиление
😋|вкусно|еда|лицо|объедение|отлично|смаковать|язык
😛|вот|высунуть|забавно|показывает|смешно|улыбка|ха|шутка|язык
😜|весело|глаз|забавно|подмигнуть|показать|розыгрыш|улыбка|ха-ха|шутка|язык
🤪|крейзи|показать|псих|сдвиг|сошел|сумасшедший|ума|фазе|чокнуться|язык
😝|бе|гадость|жмуриться|омг|отвращение|показать|противно|ужас|фу|язык
🤑|баксы|богатый|выиграть|деньги|джекпот|доллары|лотерея|мани|счастливчик|язык
🤗|встречи|обнимашки|объятия|пока|привет|радость|руки|румянец|увидимся|улыбка
🤭|лишнее|ляпнуть|посмеиваться|проговорился|секрет|смешок|сюрприз|тайна|упс|хи
🫢|изумление|испуг|недоверие|смущение|страх|удивление|шок
🫣|глаз|интересно|испуг|подсматривает|рука|румянец|стесняюсь|страх|тайно|украдкой
🤫|говори|закрой|никому|секрет|тайна|тихо|тсс|узнает|услышать|шепот
🤔|думаю|знаю|интересно|мозгами|озадачен|пораскинуть|размышлять|сложно|трудно|хм
🫡|да|есть|окей|отдать|приветствие|приказ|сделаю|точно|хорошо|честь
🤐|говори|замке|могила|молния|никому|рот|секрет|скажу|тайна
🤨|быть|верю|может|недоверие|подозрение|правда|скептик|сомневаюсь|хм
😐|безразличие|незаинтересованный|равнодушие|скептик|скучно|усталость|эмоций
😑|безразличие|надоело|незаинтересованный|нет|ничего|совсем|спать|усталость|эмоций
😶|молчание|немой|нет|рыба|секрет|слов|тайна|тихо|тишина|тсс
🫥|грусть|депрессия|интроверт|исчезать|невидимка|печаль|пунктир|угнетение|усталость
😶‍🌫️|витающий в облаках|голова в облаках|лицо в облаках|лицо в тумане|рассеянный
😏|задумал|лицо|подмигнуть|подозрение|попался|пошутил|ухмылка|ухмыляется|хитрый|шутка
😒|гадость|грустно|надоело|недовольный|противно|скука|скучно|тоска|фу
🙄|блин|глаза|закатить|закончится|когда|надоело|омг|скука|скучно|тоска
😬|злой|злость|злюсь|зубы|кривляться|показать|рожа
😮‍💨|вздох|выдох|выдыхает|облегчение|одышка|свист|шепот
🤥|буратино|врать|врешь|лжец|лицо|ложь|обманывать|пиноккио
🫨|бум|вау|головокружение|обморок|омг|паника|трясется|удивление|ужас|шок
🙂‍↔️|несогласие|нет|отрицание|отрицательно качает головой
🙂‍↕️|да|кивок|подтверждение|положительно качает головой|согласие
😌|богу|довольный|облегчение|обошлось|пронесло|слава|улыбка|хорошо
😔|грустный|достало|жаль|задумчивый|мысли|плохо|разочарован|скучно|устал
😪|ночи|плакать|плач|пора|сон|спать|сплю|спокойной|устал
🤤|лицо|пускает слюни|слюни
😴|боковую|ночи|пора|сон|спать|спокойной|уснул|устал|храп
🫩|без|глазами|истощение|мешки|под|сил|скучно|сон|спать|устал
😷|болеть|вирус|врач|заражение|карантин|маска|медик|микроб|простуда|санитар
🤒|болеть|больной|вирус|градусник|грипп|жар|плохо|простуда|температура
🤕|бинт|болеть|больной|гипс|перевязка|повязка|пострадал|ударился
🤢|блевать|болезнь|выворачивать|вырвет|зеленый|морская|наизнанку|отравиться|плохо|тошнит
🤮|блевать|болезнь|вырвало|гадость|морская|отравиться|плохо|рвота|тошнит|фу
🤧|апчхи|лицо|насморк|пчхи|чихает
🥵|болеть|жар|лихорадка|плохо|пот|солнечный|температура|удар|умираю|язык
🥶|болею|дубак|зубы|мерзнуть|мороз|озноб|синий|снег|стучат|холодно
🥴|глазах|голова|кружится|мутит|окосел|плохо|плывет|пьяный
😵|болею|глаза|голова|крестики|кружится|мертвый|плохо|смерть|умереть|устал
😵‍💫|гипноз|глаза|голова|замешательство|кружится|кучу|омг|сложно|тупик|шок
🤯|быть|взрыв|голова|может|мозга|не|омг|шок
🤠|веселый|вестерн|ковбой|радость|техас|улыбка|шапка|шляпа
🥳|вечеринка|день|днюха|колпак|конфетти|отмечать|поздравляю|праздник|рождения
🥸|внешность|инкогнито|маскировка|нос|очки|профессор|усы|ученый|шпион
😎|защита|клево|круто|лицо|очки|свет|солнечные|солнцезащитные|улыбка
🤓|ботан|заучка|интеллигент|очкарик|радость|улыбка|умник|эврика
🧐|дедукция|детектив|доказательства|изучение|монокль|расследование|сомнение|ученый
😕|замешательство|недовольный|непонятно|огорчен|плохо|расстроен|сбит|сомнение|толку
🫤|досадно|думаю|знаю|непонятно|огорчен|разочарован|скептик|уверен
😟|беспокоится|беспокойство|лицо|расстройство|тревога|тревожность
🙁|грустный|досада|недовольный|огорчен|печаль|плохо|разочарован|хмурый
😮|вау|верю|изумление|невероятно|ого|омг|ошеломление|удивление|ужас|шок
😯|вау|верю|неприятный|ого|омг|сюрприз|удивление
😲|вау|глаза|изумление|лоб|ого|омг|ох|потрясение|удивление|шок
😳|извини|краснеет|обидел|прости|румянец|смущение|стесняется|стыдно|хотел
🫪|выпучить|глаза|паника|тревога|удивление|шок|эмоции
🥺|большие|глаза|грустно|почему|просить|сжалься|слезы|умолять|щенячьи
🥹|благодарность|восхищение|гордость|плакать|радость|слезы|счастья|умиление
😦|изумление|испуг|неприятный|ого|омг|страх|сюрприз|устал
😧|боль|забыл|испуг|неприятный|омг|страдаю|стресс|сюрприз|удивление
😨|беспокоится|боится|боюсь|волнуюсь|жуть|испуг|омг|страх
😰|беспокоюсь|волнуюсь|грусть|замерз|плакать|плач|пот|страх|холодно
😥|беспокоюсь|грустно|облегчение|обошлось|плач|пот|пронесло|разочарован|тревога|фух
😢|грустный|жаль|обидно|печаль|плакать|плач|слеза
😭|за|навзрыд|несчастный|плач|почему|реветь|рекой|слезы|что
😱|испуг|крик|кричать|нет|омг|страх|ужас|шок
😖|гадость|кринж|невкусно|непонятно|неприятно|растерян|сбит|толку|фу
😣|боль|головная|достало|мигрень|настойчивость|упорный|упрямый|хватит
😞|виноват|грустно|жаль|лузер|неудача|обида|обижен|печаль|разочарован|устал
😓|беспокойство|боль|волнуюсь|головная|депресняк|нервничаю|поту|уныние|холодном
😩|гадость|достало|надоело|нет|плач|сил|устал|фу|хватит
😫|достало|надоело|очень|сильно|спать|устал|фу|хватит
🥱|боковую|зевает|ночи|поздно|скука|скучно|спать|спокойной|устал
😤|бешенстве|дым|зла|злость|зол|пар|пыхтеть|раздражение
😡|бешенство|злой|кипит|красный|ненавижу|рак|рассержен|сердится|ярость
😠|бешенство|злиться|злость|рассержен|сердится|хмурится
🤬|браниться|брань|материться|ругань|ругаться|цензура
😈|дьявол|злорадная|рога|рожки|улыбка|черт
👿|грусть|демон|дьявол|зло|расстроен|рога|рожки|хмурится|черт
💀|кости|мертвый|могила|монстр|смерть|умереть|череп
💩|вонючка|воняет|говно|кака|куча|улыбка|фу|шутка
🤡|арлекин|клоун|смех|смешно|улыбка|цирк|шут
👹|дракон|змей|карнавал|лицо|мифология|монстр|нечисть|страх|существо|чудовище|японский
👺|гоблин|злой|монстр|сказка|страшный|тэнгу|чудище|японский
👻|подмигнуть|привидение|призрак|смешной|улыбка|хэллоуин
👽|внеземная|инопланетянин|космос|нло|пришелец|страшный|улыбка|цивилизация
👾|аркада|инопланетянин|космос|монстр|нло|пиксель|пришелец|чудовище
🤖|лицо|монстр|робот|страх
😺|домашнее|животное|кот|милашка|питомец|полосатый|улыбка|усы|ушастик|хорошо
😸|глаза|закрытые глаза|кот с широкой улыбкой и закрытыми глазами|морда|смеющийся|улыбка|широкая улыбка
😹|веселье|кот смеется до слез|морда|радость|слезы счастья|смеющийся до слез кот|смеющийся кот|счастье
😻|влюбиться|влюбленный кот|кот|любовь|морда|сердечки|счастье|улыбка
😼|кот с ухмылкой|сарказм|улыбка|ухмылка|ухмыляющийся кот|хитрость|хитрый
😽|глаза|губы|кот целует|морда|морды|поцелуй|целующий кот
🙀|в шоке|кот в шоке|кот волнуется|морда|морды|удивление|усталость
😿|грустно|жаль|кот плачет|морда|печаль|плачущий кот|слезы
😾|злой|кот|морда|недовольный|раздраженный
🙈|глаза|запрещено|зрение|нельзя|ничего не вижу|обезьяна
🙉|запрещено|лапы|нельзя|ничего не слышу|обезьяна|слух|уши
🙊|закрыт|запрещено|лапы|молчание|ничего никому не скажу|обезьяна|рот
💌|валентинка|записка|любовное письмо|любовь|письмо|почта|тайна
💘|купидон|лук|любовь|сердце, пронзенное стрелой|стрела
💝|валентинка|лента|люблю|любовь|перевязано|подарок|сердце с лентой
💖|блеск|звездочки|любовь|радость|сверкающее сердце|сердце
💗|биение|больше|влюбленность|любовь|размер|растущее сердце|ритм|сердце|чувства
💓|бьется|красное|пульсирует|пульсирующее|розовое|сердце
💞|вращающиеся сердца|вращение|два|круги|сердца|танец любви
💕|влюблена|влюбленные|два|любовь|отношения|свидание|сердечки|сердца|чувства
💟|белое|значок|квадрат|любовь|сердце|сиреневый|фиолетовый|чувства|эмоция
💔|разбитое|разочарование|сердце|части
❤️‍🔥|горящее сердце|любовь|огонь|пламенное сердце|пламя|страсть
❤️‍🩹|выздоровление|заживающее сердце|излечение|поправка|улучшение|хорошо
🩷|люблю|любовь|мило|нравится|розовое|сердце
🧡|любовь|оранжевое|свидание|сердце|чувства|эмоции
💛|желтое|любовь|сердце|чувство|эмоции
💚|зеленое|любовь|сердце|чувства|эмоции
💙|голубое|любовь|сердце|синее|чувства|эмоции
🩵|бирюзовое|голубое|люблю|любовь|милый|нравится|сердечко|сердце|чувства
💜|любовь|сердце|сиреневое|фиолетовое|чувства|эмоции
🤎|коричневое|любовь|сердце|чувства|эмоции
🖤|злое|сердце|черное
🩶|любовь|сердце|серебряное|серое
🤍|белое|любовь|сердце|чувства|эмоции
💋|губы|любовь|помада|поцелуй|романтика|свидание|целовать|чувства|эмоции
💯|100|именно|сотка|сотня|сто баллов|сто процентов|сто пудов|точно
💢|гнев|злость|значок «гнев»|ярость
🫯|агрессия|драться|заварушка|конфликт|потасовка|разборка|склоки|спор
💥|бомба|бум|взрыв|вспышка|искра|столкновение
💫|астероид|головокружение|звезда|звездочка|звезды|метеорит
💦|брызги|вода|капать|капельки|капли|мокрый|пот|тренировка
💨|быстро|дым|исчезновение|облако|облачко|пукнуть|пыли|пыль|убежать
🕳️|дыра|люк|отверстие|пропасть|черная
💬|диалог|идеи|многоточие|мысли|мысль|облачко|речь|сообщение|текст
👁️‍🗨️|глаз|подсматривать|преследование|свидетель|символ
🗨️|диалог|мнение|мысль|облачко|речь|слева
🗯️|бабл|гнев|комикс|негатив|облачко|справа|ярость
💭|идеи|изобретения|мечты|мысли|облачко|размышления
💤|ночи|ночь|сон|спать|спокойной|храп
👋|взмах|приветствие|прощание|рука
🤚|ладонь|поднятая|сторона|тыльная
🖐️|ладонь|пальцы|раскрытая|рука|стоп
✋|вверх|ладонь|пальцы|поднятая|пять|рука|стоп
🖖|вулканский|жест|пальцы|приветствие|рука|спок
🫱|вправо|кисть|направо|рука|рукопожатие
🫲|влево|кисть|налево|рука|рукопожатие
🫳|бросить|ладонь вниз|отпустить|рука
🫴|вверх|жест|ладонь|манить|подзывать|поднимать|подойди|позвать|предложить|рука|скажи
🫷|влево|ждать|нет|отказ|подождать|подожди|пять|стоп|толкать
🫸|вправо|ждать|нет|отказ|подождать|подожди|пять|стоп|толкать
👌|жест|окей|отлично|рука|хорошо|ясно
🤌|вопрос|жест|пальцы|рега|сарказм|щепотка|щепоть
🤏|жест|мало|небольшое количество|немного|чуть-чуть
✌️|виктория|жест|мир|пальцы|победа|рука
🤞|везение|жест|пальцы|скрестить|скрещенные|удача
🫰|деньги|дорого|жест|сердечко|щелчок
🤟|жест|люблю|пальца|пальцы|рука|три
🤘|жест|коза|пальцы|рокерский|рука|фанат
🤙|жест|набери|позвони|рука|серферский|шака
👈|влево|жест|налево|направление|палец|рука|тыльная|указательный|указывать|указывающий
👉|вправо|жест|направление|направо|палец|рука|тыльная|указательный|указывать|указывающий
👆|вверх|выше|жест|наверх|направление|палец|рука|тыльная|указательный|указывать|указывающий
🖕|жест|палец|рука|средний|фак
👇|вниз|жест|направление|ниже|палец|рука|тыльная|указательный|указывать|указывающий
☝️|вверх|внимание|направление|палец|послушайте|рука|указательный
🫵|жест|палец|показать|рука|ты|указательный|указывать
👍|вверх|договорились|жест|лайк|нравится|одобрение|отлично|палец|рука|супер|хорошо
👎|бу|вниз|недоволен|недовольна|нет|палец|плохо|порицание|рука|фу
✊|кулак|пальцы|поднятый кулак|рука|удар
👊|боксировать|бро|кулак|кулачок|опасность|рука|удар
🤛|влево|кулак|рука
🤜|вправо|кулак|рука
👏|аплодисменты|движение|жест|овация|рука|хлопать
🙌|вверх|жест|класс|отлично|победа|руки|ура
🫶|жест|любовь|руки|сердце
👐|врозь|ладони|открытые|рука|руки
🤲|вверх|вместе|горсть|дуа|желание|ладони|лодочкой|молитва|молиться|руки
🤝|встреча|договорились|руки|рукопожатие|согласие|соглашение
🙏|молитва|пожалуйста|просьба|прошу|руки|сложенные|спасибо|умолять
✍️|бумага|написать|писать|письмо|пишет|пишущая|рука|ручка
💅|готово|кисть|косметика|лак|маникюр|ногти|пальцы|руки|скука|уход
🤳|селфи|снимок|телефон
💪|атлет|бицепс|зал|качать|качок|мышцы|сила|спорт
🦾|возможности|инвалидность|механическая|ограниченные|протез|рука
🦿|возможности|инвалидность|механическая|нога|ограниченные|протез
🦵|бедро|голень|колено|конечность|нога|пинать|пинок|стопа
🦶|лодыжка|нога|стопа|ступня|щиколотка
👂|звук|подслушивать|слушать|слышать|тело|ухо|человек
🦻|аппарат|возможности|глухота|ограниченные|слабослышащий|слуховой|ухо
👃|нос|тело|человек
🧠|интеллект|мозг|разум|умная|умный
🫀|анатомия|кардиология|красный|орган|пульс|сердцебиение|человеческое
🫁|вдох|выдох|дыхание|дышать|легкие|легкое|орган
🦷|белый|дантист|зубной|зубы|стоматолог
🦴|костлявый|косточка|кость|скелет|собака
👀|глаза|два|наблюдать|подглядывать|смотреть|тело|человек
👁️|глаз|зрачок|тело|человек
👅|розовый|рот|язык
👄|алые|губы|зубы|красные|накрашенные губы|помада|рот
🫦|беспокоиться|беспокойство|волнение|губы|кусать|переживания|помада|укус|флирт
👶|дитя|карапуз|маленький|младенец|ребенок
🧒|гендерно нейтральный|дитя|малыш|ребенок
👦|дитя|маленький|малыш|мальчик|ребенок|сын
👧|девочка|дитя|маленькая|малышка|ребенок
🧑|взрослый|гендерно нейтральный|совершеннолетний
👱|блондин|волосы|молодой|мужское лицо|мужчина|парень|светлые|человек со светлыми волосами
👨|брат|взрослый|друг|мужчина|усы|человек
🧔|бородатый человек|бородач|мужчина
🧔‍♂️|бородатый мужчина|мужчина
👱‍♂️|блондин|мужчина со светлыми волосами|светлые волосы|человек со светлыми волосами
👩|взрослая|волосы|девушка|длинные|женщина|леди|человек
🧔‍♀️|бородатая женщина|женщина
👱‍♀️|блондинка|женщина со светлыми волосами|светлые волосы|человек со светлыми волосами
🧓|в возрасте|гендерно нейтральный|пожилой человек|старый
👴|возраст|годы|дедушка|мужчина|пожилой|старик|старый|человек
👵|бабушка|женщина|пожилая|старая|старуха|старушка|человек
🙍|грустит|грусть|грущу|лицо|нахмурившийся человек|обида|печаль|расстроен|хмурый|человек
🙍‍♂️|мужчина|нахмурившийся мужчина|расстроен|хмурый|человек
🙍‍♀️|женщина|нахмурившаяся женщина|расстроена|хмурая|человек
🙎|губы|зла|зол|надоело|надуть|обижен|огорчен|раздражение|разочарование|расстроен
🙎‍♂️|губы|зол|надуть|обида|обижен|огорчен|разочарован|расстроен|хмурый
🙎‍♀️|недовольство|обида|обиженная женщина
🙅|возражаю|жест|запрет|нельзя|нет|отказ|против|хватит
🙅‍♂️|возражение|жест|запрет|мужчина|нельзя|нет|отказ|против|хватит
🙅‍♀️|женщина против|жест|запрещено|нельзя|руки
🙆|вверх|домик|зарядка|окей|омг|отлично|руки|хорошо
🙆‍♂️|вверх|жест|зарядка|мужчина|окей|омг|отлично|руки|хорошо
🙆‍♀️|женщина за|жест|окей|отлично|руки
💁|выдать|жест|знаю|информацию|не|себе|секрет|сплетни|так
💁‍♂️|выдать|жест|знаю|информацию|мужчина|не|себе|секрет|сплетни|так
💁‍♀️|женщина тянет руку|информация|помощь|рука
🙋|вопрос|задать|знаю|ответить|поднять|руку|сказать|спросить|хочу
🙋‍♂️|вопрос|задать|знаю|ответить|поднять|руку|сказать|спросить|хочу
🙋‍♀️|женщина с поднятой рукой|жест|поднятая рука|рука
🧏|глухой|жестов|немой|слышать|сурдопереводчик|ухо|язык
🧏‍♂️|глухой|глухота|мужчина
🧏‍♀️|глухая|глухота|женщина
🙇|виноват|жаль|извини|пожалуйста|поклон|прости|прошу|прощения|стыд
🙇‍♂️|извинение|мужчина кланяется|поклон|просьба|прощение
🙇‍♀️|виновата|жаль|извини|пожалуйста|поклон|прости|прошу|прощения|стыд
🤦|надоело|нет|омг|позор|раздражение|слов|фейспалм|хватит
🤦‍♂️|мужчина|надоело|нет|омг|позор|раздражение|слов|фейспалм|хватит
🤦‍♀️|женщина|надоело|нет|омг|позор|раздражение|слов|фейспалм|хватит
🤷|все|может|плечами|пожимает|равнодушие|сомнение|человек
🤷‍♂️|все|может|мужчина|плечами|пожимает|равнодушие|сомнение
🤷‍♀️|все|женщина|может|плечами|пожимает|равнодушие|сомнение
🧑‍⚕️|врач|доктор|медбрат|медицина|медицинский работник|медсестра|терапевт
👨‍⚕️|врач|доктор|медбрат|мужчина|терапевт
👩‍⚕️|врач|докторка|докторша|женщина|медсестра
🧑‍🎓|бакалавр|выпускник|студент|учащийся
👨‍🎓|бакалавр|вуз|выпускник|мужчина|образование|университет|учеба
👩‍🎓|аспирантка|выпускница|девушка|женщина|студентка
🧑‍🏫|инструктор|педагог|преподаватель|профессор|учитель
👨‍🏫|инструктор|мужчина|преподаватель|профессор|учитель
👩‍🏫|женщина|инструктор|лектор|преподаватель|профессор|учительница
🧑‍⚖️|весы|правосудие|судья|фемида
👨‍⚖️|закон|мужчина|правосудие|справедливый|судья
👩‍⚖️|женщина|закон|правосудие|справедливая|справедливость|судья
🧑‍🌾|дачник|садовник|скотовод|фермер
👨‍🌾|вилы|дачник|мужчина|огород|садовник|сено|соломенная|урожай|шляпа
👩‍🌾|вилы|дачница|женщина|огород|садовница|сено|соломенная|урожай|шляпа
🧑‍🍳|повар|шеф-повар
👨‍🍳|готовить|еда|мужчина|повар|шеф
👩‍🍳|готовить|еда|женщина|кухарка|повариха|шеф
🧑‍🔧|механик|сантехник|специалист|электрик
👨‍🔧|механик|мужчина|сантехник|электрик
👩‍🔧|женщина-механик|механик|сантехник|электрик
🧑‍🏭|завод|промышленность|рабочий
👨‍🏭|завод|мужчина|промышленность|рабочий
👩‍🏭|женщина|завод|инженер|промышленность|работница|рабочий|строитель
🧑‍💼|белый воротничок|бизнес|менеджер|офисный работник
👨‍💼|белый|бизнесмен|воротничок|галстук|менеджер|мужчина|офисный|работник
👩‍💼|бизнес|деловая|женщина|офис|работница|секретарь
🧑‍🔬|биолог|инженер|наука|ученый|физик|химик
👨‍🔬|биолог|инженер|мужчина|наука|ученый|химик
👩‍🔬|биология|женщина|инженер|математик|наука|ученая|химия
🧑‍💻|инженер|ноутбук|программист|разработчик|технарь
👨‍💻|инженер|мужчина|ноутбук|программист|разработчик|технарь
👩‍💻|женщина|инженер|код|компьютер|ноутбук|программистка|разработчица|технарь
🧑‍🎤|актер|звезда|певец|пение|развлечения|рок
👨‍🎤|жест|звезда|исполнитель|коза|мужчина|музыка|певец|рок|сцена
👩‍🎤|женщина|жест|звезда|исполнительница|коза|музыка|певица|рок|сцена
🧑‍🎨|кисти|палитра|художник
👨‍🎨|кисти|краски|мужчина|палитра|художник
👩‍🎨|арт|галерея|женщина|живопись|картины|краски|рисование|творчество|художница
🧑‍✈️|летчик|пилот|самолет
👨‍✈️|мужчина|пилот|самолет
👩‍✈️|женщина-пилот|пилот|самолет
🧑‍🚀|астронавт|космонавт|ракета
👨‍🚀|астронавт|космонавт|космос|мужчина
👩‍🚀|астронавт|женщина|корабль|космонавт|пилот|скафандр
🧑‍🚒|пожарная машина|пожарный
👨‍🚒|мужчина|огонь|пожарный|профессия|спасатель|тушить
👩‍🚒|женщина|огонь|пожарная|профессия|спасательница|тушить
👮|блюститель|закон|коп|милиция|органы|полицейский|порядка|правоохранительные
👮‍♂️|лицо|мужчина-полицейский|охрана|полицейский|полиция|человек
👮‍♀️|блюстительница|закон|коп|милиция|органы|полицейская|порядка|правоохранительные
🕵️|детектив|ищейка|расследование|сыщик|шпион
🕵️‍♂️|детектив|ищейка|мужчина-детектив|расследование|сыщик|шпион
🕵️‍♀️|детектив|женщина-детектив|ищейка|расследование|сыщик|шпионка
💂|гвардеец|гвардия|караул|охрана|почетный|солдат|шапка|шлем
💂‍♂️|гвардия|мужчина-гвардеец|охрана|почетный караул|солдат
💂‍♀️|букингемский|гвардеец|дворец|женщина|караул|королева|лондон|почетный|стража
🥷|воин|диверсант|ниндзя|синоби|скрытный|солдат|убийца|человек|шпион
👷|инженер|каска|лицо|рабочий|ремонтник|строитель|строить|стройка
👷‍♂️|инженер|каска|мужчина-строитель|рабочий|строитель|стройка
👷‍♀️|женщина|инженер|каска|мастерская|ремонтница|служба|строитель
🫅|владыка|власть|князь|король|монарх|правитель|престол|царь
🤴|королевство|король|корона|принц|притча|сказка|фэнтези
👸|королева|королевство|корона|победительница|принцесса|притча|сказка|тиара|фэнтези
👳|индус|повязка|ранение головы|религия|сикх|тюрбан|чалма|человек
👳‍♂️|мужчина в тюрбане|тюрбан
👳‍♀️|женщина в тюрбане|тюрбан
👲|китайский|мужчина в китайской шапке|человек|шапка
🧕|женщина в платке|женщина с платком|закрытые волосы|мантилья|монахиня|монашка|платок|прикрытые волосы|тичел|хиджаб
🤵|жених|мужчина в смокинге|смокинг|человек в смокинге
🤵‍♂️|мужчина в смокинге|смокинг
🤵‍♀️|женщина в смокинге|смокинг
👰|невеста|свадьба|фата
👰‍♂️|мужчина в фате|фата
👰‍♀️|женщина в фате|невеста|фата
🤰|беременная|беременность|женщина
🫃|беременность|беременный|вздутие|животик|мужчина|переедание
🫄|беременная|беременность|беременный|вздутие|животик|переедание|человек
🤱|вскармливание|грудь|кормить|кормящая|лактация|мать|младенец|молоко|ребенок
👩‍🍼|женщина|забота|кормление|кормящая|малыш|мама|мать|новорожденный|няня|ребенок
👨‍🍼|забота|кормление|кормящий|малыш|мужчина|новорожденный|няня|отец|папа|ребенок
🧑‍🍼|забота|кормление|кормящий|малыш|новорожденный|няня|ребенок|родитель|человек
👼|ангелочек|дитя|крылья|лик|младенец|нимб|фэнтези
🎅|дед мороз|дедушка мороз|клаус|новый год|рождество|санта-клаус
🤶|миссис клаус|новый год|рождество|снегурочка
🧑‍🎄|дед мороз|клаус|новый год|рождество|санта
🦸|бэтмен|героиня|герой|сильная|супервумен|супергерой|супермен|суперсила
🦸‍♂️|герой|мужчина-супергерой|супергерой|супермен|суперсила
🦸‍♀️|героиня|женщина-супергерой|супервумен|супергероиня|суперсила
🦹|вампир|дракула|злодей|плохой|преступник|суперзлодей|суперсила
🦹‍♂️|злодей|мужчина-суперзлодей|суперзлодей
🦹‍♀️|женщина-суперзлодей|злодей|суперзлодей
🧙|волшебник|заклинание|колдун|магия|чародей
🧙‍♂️|волшебник|маг|чародей
🧙‍♀️|ведьма|волшебница|чародейка
🧚|динь-динь|крылышки|крылья|оберон|пак|сказка|титания|фея|фэнтези
🧚‍♂️|крылья|мужчина-фея|сказка|фея|фэнтези
🧚‍♀️|динь-динь|женщина-фея|крылья|сказка|титания|фея|фэнтези
🧛|вампир|граф|дракула|зубы|кровопийца|кровь|упырь
🧛‍♂️|вампир|граф|дракула|зубы|кровь|мужчина-вампир
🧛‍♀️|вампирша|женщина-вампир|зубы|кровь
🧜|ариэль|морские существа|полурыба|русалка|русалочка|сказка|тритон|ундина
🧜‍♂️|мужчина|полурыба|русалка|тритон
🧜‍♀️|женщина-русалка|полурыба|русалка
🧝|магия|сказка|уши|фэнтези|эльф
🧝‍♂️|магия|мужчина-эльф|сказка|уши|фэнтези|эльф
🧝‍♀️|женщина-эльф|магия|фэнтези|эльфийка
🧞|джинн|лампа|потереть|сказка
🧞‍♂️|джинн|лампа|мужчина-джинн|потереть|сказка
🧞‍♀️|джинн|женщина-джинн|лампа|потереть|сказка
🧟|апокалипсис|живой|зомби|мертвец|страх|страшилка|ужас|хэллоуин
🧟‍♂️|живой метрвец|зомби|мертвец|мужчина-зомби
🧟‍♀️|женщина-зомби|живой|зомби|мертвец
🧌|монстр|сказка|троллинг|тролль|чудище|чудовище
🫈|великан|волосатый|йети|криптид|монстр|снежный|человек
💆|голова|лицо|массаж головы|массаж лица|процедура|салон|спа|человеку массируют лицо
💆‍♂️|голова|лицо|массаж головы|массаж лица|мужчина|мужчине массируют лицо|процедура|салон|спа
💆‍♀️|женщине массируют лицо|массаж головы|массаж лица|спа
💇|волосы|косметология|красота|ножницы|обрезать|парикмахер|прическа|салон|стрижка|укоротить|уход
💇‍♂️|барбершоп|мужчина|ножницы|парикмахер|прическа|салон|стилист|стрижка|тримминг
💇‍♀️|женщина у парикмахера|ножницы|парикмахер|прическа|салон|стрижка
🚶|гулять|дорога|идет|прогулка|тротуар|ходьба|человек
🚶‍♂️|дорога|мужчина идет|прогулка|тротуар|ходьба
🚶‍♀️|дорога|женщина|идет|прогулка|тротуар|ходьба
🧍|стоять|человек
🧍‍♂️|мальчик|мужчина стоит|парень|стоять
🧍‍♀️|девушка|женщина стоит|стоять
🧎|йога|колени|на коленях|сидеть|человек на коленях
🧎‍♂️|колени|мальчик|мужчина на коленях|на коленях|парень
🧎‍♀️|девочка|девушка|женщина на коленях|колени|на коленях
🧑‍🦯|инвалид|слепой|человек с белой тростью
👨‍🦯|инвалид|мужчина с тростью для ходьбы|палочка|слепой|трость|человек
👩‍🦯|женщина с тростью для ходьбы|инвалид|палочка|слепая|трость|человек
🧑‍🦼|инвалидная коляска|человек в кресле-коляске с мотором
👨‍🦼|в кресле|инвалидное кресло|кресло|мужчина в электрическом кресле-коляске
👩‍🦼|в кресле|женщина в электрическом кресле-коляске|инвалидное кресло|кресло|человек
🧑‍🦽|инвалидная коляска|человек в кресле-коляске с ручным приводом
👨‍🦽|в кресле|инвалидное кресло|кресло|мужчина в ручном кресле-коляске|человек
👩‍🦽|в кресле|женщина в ручном кресле-коляске|инвалидное кресло|кресло
🏃|бег|бежит|марафон|спорт|трусцой|человек
🏃‍♂️|бег|марафон|мужчина бежит|спорт|трусцой
🏃‍♀️|бег|бежит|женщина|марафон|спешу|спорт|трусцой|убегаю
🧑‍🩰|артист|балерина|балет|искусство|пуанты|сцена|танец|танцор
💃|движения|дискотека|женщина|красное платье|красота|танцовщица|танцующая женщина|танцы|человек
🕺|движения|красота|мужчина|танец|танцующий мужчина|танцы|человек
🕴️|бизнесмен в воздухе|костюм|полет|человек
👯|близкие|вечеринка|двое|двойняшки|кордебалет|кролик|парочка|подруги|танец|уши
👯‍♂️|вечеринка|кордебалет|кролик|мужчины с ушами кролика|танец|танцор|уши кролика
👯‍♀️|вечеринка|женщины с ушами кролика|кордебалет|кролик|танец|уши кролика
🧖|баня|париться|парная|паровая|паром|пропотеть|сауна|хамам
🧖‍♂️|мужчина в бане|парная|сауна
🧖‍♀️|женщина в бане|парная|сауна
🧗|альпинистка|взбираться|восхождение|гора|подъем|скала|скалолазание|человек
🧗‍♂️|мужчина взбирается по скале|скала|скалолаз
🧗‍♀️|женщина взбирается по скале|скала|скалолаз
🤺|рапира|спорт|фехтовальщик|фехтование|человек|шпага
🏇|бега|жокей|ипподром|конный|конь|лошади|скачки|спорт|ставки|тотализатор
⛷️|горнолыжный|горные|лыжи|склон|скорость|спортсмен|человек
🏂|горы|склон|снег|сноубордист|спортсмен
🏌️|гольфист|игрок|клюшка|удар
🏌️‍♂️|гольфист|игрок|клюшка|мужчина играет в гольф
🏌️‍♀️|гольфистка|женщина играет в гольф|клюшка|спортсменка|удар
🏄|вода|волны|доска|серфинг|спорт
🏄‍♂️|вода|волны|доска|серфингист|спортсмен
🏄‍♀️|вода|волны|доска|серфингистка|спортсменка
🚣|весла|вода|гребля|лодка|море
🚣‍♂️|весла|вода|гребец|гребля|лодка
🚣‍♀️|весла|вода|гребля|гребчиха|лодка
🏊|бассейн|вода|водный спорт|море|плавание|пловец|плыть|спортсмен
🏊‍♂️|мужчина|плавание|пловец|спорт
🏊‍♀️|женщина|плавание|пловчиха|спорт
⛹️|баскетболист|ведение|игра|мяч
⛹️‍♂️|баскетбол|мужчина|мяч|спорт
⛹️‍♀️|баскетболистка|женщина|мяч|спорт
🏋️|атлетика|вес|помост|тяжелая|тяжелоатлет|штанга
🏋️‍♂️|мужчина со штангой|пауэрлифтинг|спорт|тяжелая атлетика
🏋️‍♀️|женщина|пауэрлифтинг|спорт|тяжелая атлетика|тяжеловеска
🚴|велосипедист|велоспорт|кататься|педали|спорт|человек
🚴‍♂️|велосипед|мужчина на велосипеде|спорт
🚴‍♀️|велосипедистка|женщина|кататься|педали|спорт
🚵|байк|велик|велосипед|горный|горы|педали|соревнование|спорт|человек
🚵‍♂️|велосипед|горный велосипед|мужчина на горном велосипеде|спорт
🚵‍♀️|велосипедистка|горный велосипед|женщина на горном велосипеде|спорт
🤸|акробатика|акробатический трюк|активный|вверх ногами|гимнастика|колесо|спорт|счастливый|трюк|человек
🤸‍♂️|акробатика|гимнастика|мужчина|спорт|трюк
🤸‍♀️|акробатика|гимнастика|женщина|спорт|трюк
🤼|бороться|борцы|борьба|драка|рестлинг|ринг|спаринг|спарринг|спорт|человек
🤼‍♂️|борьба|мужчина|мужчины-борцы|спорт
🤼‍♀️|борцы|борчихи|борьба|женщины|спарринг|спорт
🤽|вода|водное|поло|спорт|человек
🤽‍♂️|вода|водное|мужчина|мяч|поло|спорт
🤽‍♀️|вода|водное|женщина|мяч|поло|спорт
🤾|бросок|гандболист|мяч|спортсмен|человек
🤾‍♂️|гандболист|мужчина|спорт
🤾‍♀️|бросок|гандболистка|женщина|мяч|спортсменка
🤹|жонглер|жонглирование|многозадачность|навык|равновесие
🤹‍♂️|жонглер|многозадачность|мужчина-жонглер
🤹‍♀️|женщина-жонглер|жонглер|многозадачность
🧘|йога|лотос|медитация|поза|расслабление
🧘‍♂️|йога|медитация|мужчина в позе лотоса|расслабление
🧘‍♀️|женщина в позе лотоса|йога|медитация|расслабление
🛀|ванная|вода|человек
🛌|гостиница|кровать|ночь|отель|сон|спит|человек
🧑‍🤝‍🧑|держаться|держащиеся|друзья|лучшие|люди|пара|руки|семья
👭|две женщины|держаться за руки|женщины|лучшие подруги|пара|подружки|руки|сестры
👫|держаться за руки|друзья|женщина|мужчина и женщина|пара|руки|свидание|флирт
👬|близнецы|братья|двое|двойняшки|дружба|друзья|мужчины|пара
💏|любовь|пара|поцелуй|романтика|чувства
💑|влюбленные|любовь|люди|пара|свидание|сердце|чувства
🗣️|говорить|говорящая|голова|кричать|речь|силуэт
👤|бюст|лицо|силуэт|таинственный|тайна|тень|человек
👥|бюст|головы|двое|лицо|люди|силуэт|темный|тень
🫂|дружба|любовь|обнимашки|обнимающиеся люди|объятия|пока|привет|прощай|спасибо|успокоить
👪|портрет|ребенок|родители|семейный|семья
🧑‍🧑‍🧒|семья с одним ребенком|семья: двое взрослых и ребенок
🧑‍🧑‍🧒‍🧒|семья с двумя детьми|семья: двое взрослых и двое детей
🧑‍🧒|неполная семья с одним ребенком|родитель-одиночка с одним ребенком|семья: взрослый и ребенок
🧑‍🧒‍🧒|неполная семья с двумя детьми|родитель-одиночка с двумя детьми|семья: взрослый и двое детей
👣|нога|подошва|рельеф|следы|человек
🫆|безопасность|биометрия|идентификация|криминалистика|отпечаток пальца
🐵|животное|морда|обезьяна|обезьянья
🐒|животное|обезьяна
🦍|горилла|животное|обезьяна
🦧|обезьяна|орангутанг|примат|человекоподобная|человекоподобный
🐶|животное|морда|пес|собака|собачья
🐕|животное|пес|питомец|собака|щенок
🦮|инвалид|поводырь|помощь|слепой|собака
🐕‍🦺|инвалид|поисковая|помощь|собака
🐩|домашнее животное|животное|порода|пудель|собака
🐺|волк|волчья|животное|морда|собака
🦊|животное|лиса|лисица|лисья|морда
🦝|енот|животное|любопытный|морда|полоскун
🐱|животное|кот|кошачья|кошка|морда|питомец
🐈|животное|котенок|кошка|питомец
🐈‍⬛|кот|кошка|мяу|несчастье|неудача|плохая|примета|черная|черный
🦁|гороскоп|грива|животное|знак зодиака|зодиак|лев|морда льва
🐯|животное|зверь|морда|тигренок|тигриная
🐅|животное|зверь|зоопарк|кошка|тигр|хищник
🐆|гепард|животное|зверь|зоопарк|кошка|леопард|хищник
🐴|конь|лошадиная|лошадь|морда
🫎|животное|лось|млекопитающее|рогатый|сохатый
🫏|животное|ишак|млекопитающее|мул|ослик|упрямый
🐎|жеребец|животное|конь|лошадь|скаковая|скакун|скачки
🦄|единорог|животное|морда|рог|сказочное|фэнтези
🦓|зебра|зебры|полосатая|полоски|черно-белая
🦌|грация|животное|зверь|олень|рога
🦬|бизон|буйвол|животное|зубр|стадо|як
🐮|животное|корова|коровья|морда|му|рога
🐂|бык|гороскоп|животное|знак|зодиак|телец
🐃|буйвол|животное|зверь|зоопарк|рога
🐄|животное|корова|молоко|рога|ферма
🐷|бекон|животное|морда|поросенок|пятачок|сало|свинина|свинья|хрюшка
🐖|бекон|животное|свинья|ферма|хрюшка
🐗|голова|дикий|животное|кабан|клыки
🐽|морда|поросенок|пятак|пятачок|свинья|хрюшка
🐏|баран|гороскоп|животное|знак|зодиак|овен|рога
🐑|баран|жвачное|животное|овца|парнокопытное|рога|ферма|шерсть|ягненок|ягнятина
🐐|животное|знак зодиака|зодиак|коза|козел|козерог
🐪|верблюд|горб|дромадер|один|одногорбый верблюд|пустыня
🐫|бактриан|верблюд|горб|двугорбый верблюд|жвачное|животное|один|парнокопытное|пустыня
🦙|альпака|викунья|гуанако|животное|копытное|лама|руно|шерсть
🦒|длинная шея|животное|жираф|пятна|пятнистый|шея
🐘|животное|слон|хобот
🦣|бивень|большой|вымирание|животное|мамонт|мохнатый|предок
🦏|животное|носорог|рог
🦛|бегемот|гиппопотам|животное
🐭|грызун|морда мыши|мышка|мышь
🐁|белая мышь|грызун|крыса|мышка|мышонок|мышь|хвост
🐀|грызун|крыса
🐹|домашнее животное|животное|морда хомяка|мордочка|мышь|хомяк
🐰|домашнее|животное|зайчик|кролик|морда кролика
🐇|белый|домашнее|животное|зайчик|заяц|кролик
🐿️|белочка|бурундук|животное|орех
🦫|бобер|бобр|грызть|животное|зубы|плотина
🦔|ежик|животное|иголка|иголки|колючий|колючки
🦇|вампир|животное|летучая|мышь
🐻|бурый|животное|медведь|морда медведя
🐻‍❄️|белый медведь|животное|медведь|морда белого медведя|полярный медведь|северный полюс
🐨|австралия|животное|коала|медведь|морда коалы|эвкалипт
🐼|животное|медведь|морда панды|панда
🦥|животное|ленивец|лень|медленно|медленный|спать
🦦|вода|выдра|животное|играть|ловить|рыбалка
🦨|вонь|вонючка|вонять|животное|скунс|фу
🦘|австралия|животное|кенгуру|скакать|сумка|сумчатое|сумчатые
🦡|барсук|животное|носуха
🐾|животное|лапы|отпечатки|следы животного
🦃|благодарение|благодарения|индейка|индюк|крылья|птица
🐔|голова|курица|петух|птица|цыпленок
🐓|гребешок|петух|петушок|птица
🐣|вылупился|желтый|цыпленок в яйце|яйцо
🐤|голова цыпленка|клюв|маленький|цыпленок боком
🐥|крылья|курица|маленький|цыпленок
🐦|голова|голубь|птица
🐧|антарктика|арктика|голова|животное|зоопарк|пингвин|птица
🕊️|белый|голубь|мир|полет|преданность|чистота
🦅|орел|птица|хищник
🦆|птица|селезень|утка
🦢|белый лебедь|водоплавающее|гадкий утенок|лебедь|птица
🦉|мудрость|птица|сова|филин
🦤|большой|вымерший|додо|дронт|маврикий|птица
🪶|лёгкий|оперение|перо|перышко|писать|полёт|птица
🦩|птица|розовый|тропики|тропическая|тропический|фламинго
🦚|веер|красивый|павлин|перья|птица|хвост|цветной
🦜|ара|говорить|говорящий|пират|попугай|птица-говорун
🪽|авиация|ангельский|летать|мифология|полет|птица
🐦‍⬛|ворона|врановый|грач|каркать|клюв|птица|черная птица|черный|чёрный
🪿|глупый|гоготать|гуси|гусь|дичь|птица|утка
🐦‍🔥|возрождение|восстать|заново|огненная птица|птица феникс|реинкарнация|сказка|сказочная птица|феникс
🐸|голова лягушки|жаба|зеленая|лягушка|морда
🐊|аллигатор|зеленый|крокодил
🐢|зеленая|черепаха
🦎|зеленая|рептилия|ящерица
🐍|гадюка|змееносец|змея|знак|зодиак|опасность|яд
🐲|голова дракона|дракон|морда дракона|сказка|фентези|фэнтези
🐉|голова|дракон|зеленый дракон|змея|морда|сказка|фентези|фэнтези
🦕|брахиозавр|бронтозавр|динозавр|диплодок|зауропод
🦖|динозавр|рекс|ти-рекс|тираннозавр
🐳|брызги|вода|кит с фонтанчиком
🐋|животное|кит|океан
🐬|вода|дельфин|море|океан|пляж
🫍|животное|касатка|кит|море|морское|хищник|черно-белый
🦭|животное|морской котик|морской лев|нерпа|океан|тюлень
🐟|гороскоп|знак зодиака|зодиак|рыбалка|рыбы
🐠|рыба|тропики|тропическая рыба|экзотическая
🐡|еж|иголки|рыба-еж
🦈|акула|рыба|хищник
🐙|океан|осьминог|спрут|щупальца
🐚|моллюск|раковина|ракушка|спираль|улитка
🪸|изменение климата|коралл|море|океан|природа|риф
🪼|беспозвоночное|морское|ожог|ой|ужалить
🦀|знак|зодиак|клешни|краб|рак
🦞|животное|клешни|лангуст|лобстер|морепродукты|омар|рак
🦐|еда|креветка|маленькая|морепродукты|ракообразные|рачок
🦑|еда|кальмар|моллюск|щупальца
🦪|жемчуг|жемчужина|нырять|раковина|ракушка|устрица|устричный
🐌|медленно|ползти|раковина|улитка
🦋|бабочка|красота|мотылек|насекомое
🐛|гусеница|жук|многоножка|насекомое|сороконожка
🐜|муравей|насекомое
🐝|жало|желто-черная|мед|насекомое|природа|пчела
🪲|букашка|жук|жучок|клоп|насекомое
🐞|божья|жук|жучок|коровка|насекомое|природа|сад
🦗|кузнечик|насекомое|сверчок|цикада
🪳|вредитель|мерзкий|насекомое|прусак|таракан
🕷️|насекомое|паук|черная вдова
🕸️|паук|паутина|сети|сеть
🦂|гороскоп|знак зодиака|зодиак|скорпион
🦟|вирус|комар|кровосос|лихорадка|малярия|москит|насекомое|укус
🪰|вредитель|зараза|личинка|муха|насекомое
🪱|дождевой червь|животное|земляной червь|круглый червь|паразит|червь|червяк
🦠|амеба|бактерия|вирус|микроб|наука
💐|букет|любовь|подарок|поздравление|праздник|розы|романтика|свидание|тюльпаны|цветы
🌸|мальва|сакура|цвести|цветок вишни
💮|белый|цветок
🪷|буддизм|индуизм|красота|лотос|медитация|спокойствие|умиротворение|цветок|чистота
🏵️|растение|розетка|розочка|цветок
🌹|бутон|валентинка|красная|красота|любовь|растение|роза|цветок|элегантность
🥀|завяла|лепесток|роза|увядший|цветок
🌺|гибискус|китайская роза|цветок
🌻|подсолнух|солнце|цветок
🌼|растение|цветок
🌷|тюльпан|цвести|цветок
🪻|лаванда|львиный зев|люпин|цветок
🌱|молодое растение|молодой|новое растение|новый|растение|росток
🪴|горшок|домашнее растение|растение в горшке|растение в доме|цветок в горшке
🌲|вечнозеленое дерево|дерево|елка|ель|лес|новый год
🌳|дерево|зеленое|листва|растение
🌴|дерево|пальма|тропики
🌵|зеленое|кактус|колючки|мексика|растение|текила
🌾|зерно|колос|пшеница|рис
🌿|ветка|веточка|листья|трава
🍀|клевер|удача|четырехлистный клевер
🍁|кленовый лист|красный|лист|осень
🍂|листопад|листья|осень|падающие листья
🍃|ветер|листопад|листья на ветру
🪹|гнездование|домой|природа|птицы|пустое гнездо
🪺|гнездо с яйцами|гнездование|кладка яиц|природа|птицы|яйца
🍄|гриб|мухомор|несъедобный|поганка|ядовитый
🪾|дерево без листвы|дерево без листьев|засуха|зима
🍇|ветвь винограда|виноградина|сок|фрукт
🍈|дыня|растение|фрукт|ягода
🍉|арбуз|растение|фрукт|ягода
🍊|апельсин|клементин|мандарин|фрукт|цитрусовый
🍋|кислый|лимон|фрукт|цитрусовый
🍋‍🟩|зеленый|кислота|коктейль|лайм|маргарита|мохито|сок|текила|тропический|фрукт|цитрусовый
🍌|банан|фрукт
🍍|ананас|фрукт
🥭|еда|манго|сладкий|тропики|тропический|фрукт
🍎|зрелое|красное|фрукт|яблоко
🍏|зеленое|фрукт|яблоко
🍐|груша|фрукт
🍑|нектарин|персик|фрукт
🍒|вишни|вишня|дерево|плоды|фрукт|черешни|черешня
🍓|земляника|клубника|ягода
🫐|голубика|голубой|черника|ягода
🥝|еда|киви|фрукт
🍅|овощ|помидор|томат|ягода
🫒|еда|маслина|олива|оливка
🥥|кокосы|орех|пальма|пина колада
🥑|авокадо|еда|фрукт
🍆|баклажан|овощ|синенькие|синенький
🥔|еда|картофель|картошка|овощ
🥕|еда|морковка|морковь|овощ
🌽|кукуруза|кукурузный початок|початок
🌶️|красный|острый|перец|растение|чили
🫑|болгарский перец|еда|овощ|перец|растение|сладкий
🥒|еда|зелень|овощ|огурец|огурчик|соленье
🥬|ботва|зеленый|капуста|латук|листовой|листья|салат
🥦|брокколи|капуста
🧄|вкус|головка|готовить|еда|запах|приправа|специя|чеснок|чесночный
🧅|головка|готовить|еда|луковица|луковый|плакать|репчатый
🥜|арахис|еда|овощ|орех
🫘|бобовые|бобы|еда|кидни|фасоль
🌰|каштан|растение
🫚|имбирь|корень|специя
🫛|бобовые|бобы|горох|овощ|стручок|эдамамэ
🍄‍🟫|бурый гриб|вегетарианство|веги|грибок|грибочек|грибы|еда|овощ|природа
🫜|корень|овощ|огород|репа|свекла
🍞|батон|буханка|хлеб
🥐|еда|круассан|рогалик|французский|хлеб
🥖|багет|батон|булка|еда|французский|хлеб
🫓|еда|лаваш|лепешка|наан|пита|тортилья|хлеб
🥨|брецель|бублик|закрученный|крендель|претцель
🥯|баранка|бейгель|бейгл|бублик|выпечка|еда|завтрак|намазать
🥞|блинчики|блины|еда|масленица|оладьи|оладья
🧇|вафельный|вафли|вафля|десерт|еда|завтрак
🧀|дырки|желтый|кусок|сыр
🍖|кость|мясо на косточке|рулька
🍗|еда|кость|куриная ножка|курица|нога|окорочок|птица
🥩|вырезка|красное мясо|кусок мяса|мясо|отбивная|стейк
🥓|бекон|еда|мясо
🍔|бургер|бутерброд|гамбургер|сэндвич|фастфуд
🍟|картофель|картошка|фастфуд|фри
🍕|кусок пиццы|перекус|пицца|сыр
🌭|в тесте|горчица|перекус|сосиска|тесто|хот-дог
🥪|бутерброд|сендвич|сэндвич|хлеб
🌮|кухня|мексиканская кухня|перекус|тако
🌯|бурритос|кухня|мексиканская кухня|ролл|тортилья
🫔|еда|завернутый|мексиканский|памонья|тамале
🥙|еда|кебаб|лаваш|перекус|пита|фалафель|шаверма|шаурма
🧆|бобовый|бобы|вегетарианский|гороховый|еда|нут|фалафель|шарик
🥚|еда|завтрак|скорлупа|яйцо
🍳|глазунья|жарить|желток|завтрак|сковорода|яичница|яйцо
🥘|еда|паэлья|плов|рагу в сковороде|сковорода
🍲|горячая еда|горячее|кастрюля с горячей едой|обед|первое|суп|тарелка с горячей едой
🫕|еда|какелон|плавленый|сыр|фондю|швейцарский|шоколад
🥣|глубокая|гранола|завтрак|каша|миска|мюсли|пиала|тарелка|хлопья
🥗|еда|овощи|овощная нарезка|овощной салат|огород|салат|урожай
🍿|кукуруза|попкорн|стакан
🧈|готовить|еда|масленка|масло|масляный|молокопродукты|молочный|сливки|сливочное
🧂|вкус|еда|морская соль|приправа|соленый|солонка|соль
🥫|банка сгущенки|жестянка|консервированная еда|консервная банка|консервы
🍱|бенто|бизнес ланч|бэнто|коробка с суши и рисом|обед
🍘|крекер|рисовый крекер
🍙|онигири|рисовый шарик|шарик|япония
🍚|вареный|гарнир|еда|миска|обед|плошка|рис|тарелка|чашка
🍛|карри|обед|рис с карри
🍜|доширак|лапша|локшина|миска|обед|пар|чашка
🍝|вермишель|лапша|макаронные изделия|макароны|паста|спагетти
🍠|батат|картофель|картошка|печеный сладкий картофель|сладкий картофель
🍢|закуска|на палочке|одэн|шашлык|шашлычок из морепродуктов
🍣|кухня|суши|япония
🍤|жареная креветка|креветка|креветки|темпура
🍥|камабоко|начинка|рыба|рыбная котлета|сурими|юла
🥮|лунный пирог|лунный пряник|осень|фестиваль|юэбин
🍡|данго|десерт|конфета|леденец|мороженое на палочке|на палочке|сладости|сладость|японский
🥟|вареники|гёдза|колдуны|пельмени|равиоли|ушки|цзяоцзы
🥠|гадание|оракул|печенье с предсказанием|предсказание
🥡|доставка еды|еда на вынос|еда с собой|коробка для еды на вынос|коробка с едой|на вынос|палочки|с собой
🍦|ванильное мороженое|вафельный стаканчик|вафля|десерт|мороженое в стаканчике|мягкое мороженое|рожок
🍧|десерт|креманка|мороженое в креманке|строганый лед
🍨|десерт|мороженое|сладкое|холодное
🍩|глазурь|пирожок|пончик|сладкое
🍪|выпечка|десерт|печенье|сладкое|сладость
🎂|выпечка|день рождения|отмечать|пирог|праздник|с днем рождения|свечи|свечки|сладкое|торт ко дню рождения
🍰|выпечка|десерт|крем|кусочек торта|сладкая|торт
🧁|выпечка|десерт|еда|капкейк|кекс|корзиночка с кремом|пирожное|сахар|сладости
🥧|выпечка|кусок пирога|мясной пирог|пирог|сдоба|торт|фруктовый пирог|шарлотка
🍫|десерт|какао|плитка шоколада|сладость|шоколадка
🍬|конфета|леденец|обертка|сладкая|сладость|фантик
🍭|конфета на палочке|леденец на палочке|на палочке|палочка|радуга|сладкий|сладость
🍮|десерт|пудинг|сладкий
🍯|бочонок меда|горшок с медом|мед
🍼|бутылка|бутылочка с соской|дети|кормить|молоко|новорожденный|прикорм|сосать|соска
🥛|молоко|напиток|полный стакан|стакан молока
🫖|заварка|заварочный чайник|напиток|чайник
🍵|зеленый|чай|чашка без ручки|чашка зеленого чая|чашка чая
🍶|бутылка саке|водка|выпивать|горячее|саке|япония
🍾|бутылка|вино|игристое|отмечать|праздновать|пробка|шампанское
🍷|алкоголь|бокал вина|вино|красное вино
🍸|бар|бокал|коктейль|напиток
🍹|зонтик|напиток|прохладительный|соломинка|тропики|тропический коктейль
🍺|кружка пива|пена|пенное|пивная кружка|пиво
🍻|бар|выпивать|кружки пива|пенное|пивные кружки|пиво|тост|чокающиеся кружки|чокнуться
🥂|бокал|годовщина|звон|напиток|отмечать|праздник|праздновать|чокающиеся бокалы|шампанское
🥃|бурбон|вино|виски|коктейль|коньяк|ликер|стакан для виски|стакан с виски
🫗|вода|выливать|вылить|наливать|напиток|оплошность|опустошить|пролить|пустой|случайность|стакан с жидкостью
🥤|вода|газировка|кола|минеральная вода|напиток|питье|сок|стакан с газировкой|стакан с соломинкой|стаканчик с трубочкой
🧋|баббл|бабл|боба чай|еда|жемчужный|молоко|напиток|чай с шариками|шарик
🧃|картон|напиток|пакетик сока|пить|сок|трубочка
🧉|мате|матэ|напиток|пить|трубочка|чай
🧊|кубик льда|ледяной|холодный
🥢|палочки для еды|палочки для суши|приборы|столовые|японские палочки
🍽️|вилка|нож|прибор|сервировка|столовый|тарелка
🍴|вилка|еда|завтрак|нож|обед|перекус|прибор|ресторан|ужин
🥄|ложечка|ложка|приборы|столовые|столовый прибор|чайная
🔪|кухонный|нож|оружие|острие|резать|холодное
🫙|банка|варенье|мариновать|пустая|соленья|хранить
🏺|амфора|кувшин|сосуд
🌍|африка|глобус|европа и африка на земном шаре|земля|земной шар|шар
🌎|америка|глобус|земной|мир|шар
🌏|австралия|азия и австралия на земном шаре|глобус|земля|земной шар|шар
🌐|глобус|земля|земной|меридианы|мир|шар
🗺️|атлас|карта|мир|страны
🗾|атлас|карта|япония
🧭|компас|магнит|навигация|направление|ориентирование|поход|путешествие|путь|света|стороны|турист
🏔️|вершина|гора со снежной шапкой|снег
⛰️|вершина|гора|пик
🛘|землетрясение|камнепад|лавина|обвал|опасность|осыпь|сель
🌋|вулкан|извержение вулкана|кратер|лава
🗻|вулкан|гора|фудзияма
🏕️|кемпинг|лагерь|палатка|поход
🏖️|зонт|лето|море|остров|отпуск|пальма|песок|пляжный|солнце
🏜️|кактус|песок|пустыня|солнце
🏝️|кокос|лето|море|необитаемый|остров|отпуск|пальма|пустыня
🏞️|заповедник|национальный парк|парк|природа
🏟️|игры|матч|олимпийские|соревнования|стадион
🏛️|античное|античность|здание|классический|колонны|стиль|храм
🏗️|кран|строительство|стройка
🧱|глина|кирпичи|кирпичная|кирпичный|кладка|стена
🪨|булыжник|жесткий|камень|скала|твердый|тяжелый
🪵|бревно|древесина|дрова|лес|пень|полено
🛖|дом|хижина|юрта
🏘️|городок|дача|дома|здания|поселок
🏚️|дом|заброшенный|развалины|упадок
🏠|дача|домашний|здание|родной|стены
🏡|дача|дом|загородный|крыша|сад|стены|усадьба
🏢|бизнес-центр|здание|офисное|работа
🏣|здание|почта|япония|японская|японское
🏤|европа|здание|почта
🏥|больница|госпиталь|здание|лечение|поликлиника|помощь|скорая|стационар|хоспис
🏦|банк|деньги|здание
🏨|гостиница|здание|отель|хостел
🏩|гостиница|дом|здание|отель|публичный|свидания
🏪|24 часа|здание|круглосуточный магазин|магазин|покупки|сутки
🏫|здание|колледж|обучение|учебное|школа
🏬|здание|магазин|супермаркет|торговый|универмаг|универсам|центр
🏭|завод|предприятие|промышленность|фабрика
🏯|замок|здание|япония|японский замок
🏰|башни|замок|крепость|укрепение|форт
💒|венчание|свадьба|сердечки|собор|церемония|церковь
🗼|архитектура|башня|вышка|телебашня|телевышка|токио
🗽|нью-йорк|свобода|статуя свободы|факел
⛪|здание|монастырь|религия|собор|храм|христианство|церковь
🕌|здание|ислам|мечеть|мусульмане|религия
🛕|ашрам|индийский|индуизм|храм|церковь
🕍|евреи|здание|иудаизм|религия|синагога|церковь
⛩️|религия|святилище|синтоизм|синтоистский|храм|япония
🕋|ислам|кааба|мусульмане|религия|святыня|хадж
⛲|брызги|вода|источник|родник|фонтан
⛺|кемпинг|лагерь|палатка|поход|тент
🌁|дымка|облака|туманно
🌃|город|звездная|звезды|месяц|ночной|ночь
🏙️|вид|городской|многоэтажки|ночь|пейзаж
🌄|восход|горы|закат|заря|пейзаж|рассвет|солнце|утро
🌅|вечер|восход|заря|лучи|пейзаж|рассвет|солнце|утро
🌆|вечерний|высотки|город|закат|заход|многоэтажки|небоскреб|солнце
🌇|вечер|высотные|город|дома|закат|заход|небоскреб|романтика|солнце
🌉|мост|ночью
🎠|аттракцион|карусель|лошадка|лошадь
🛝|горка|детская|играть|игровая|кататься|парк|площадка|развлечений
🎡|аттракцион|веселье|обозрения|чертово
🎢|американские|аттракцион|горка|горки
💈|барбершоп|волосы|парикмахерская|салон|стрижка|цирюльник
🎪|цирковой|шапито|шатер
🚂|вагон|локомотив|паровоз|поезд
🚃|вагон|общественный|поезд|рельсы|трамвай|транспорт|фуникулер
🚄|дорога|железная|поезд|пуля|синкансэн|скоростной поезд|скорость
🚅|поезд-пуля|пуля|синкансэн|скорость
🚆|дорога|ж/д|железная дорога|поезд|транспорт
🚇|метро|подземка|поезд|станция|тоннель|транспорт
🚈|легкий рельсовый транспорт|метро|монорельс|трамвай|транспорт|электричка
🚉|вокзал|ж/д вокзал|ж/д станция|железнодорожная станция|железнодорожный вокзал|рельсы|станция|электричка
🚊|рельсы|трамвай|транспорт
🚝|легкое|метро|монорельс|рельсы|транспорт
🚞|горы|дорога|железная|поезд в горах|рельсы|транспорт|электричка
🚋|вагон|рельсы|трамвайный вагон|электричество
🚌|автобус|маршрутка|мини автобус|общественный транспорт|транспорт|школьный автобус
🚍|автобус|лобовое|общественный транспорт|приближающийся автобус|спереди|стекло|транспорт
🚎|дорога|общественный|провода|транспорт|троллейбус|электричество
🚐|автобус|бусик|газель|маршрутка|микроавтобус|поездка
🚑|больница|врачи|машина скорой помощи|помощь|скорая
🚒|машина|огонь|пожарная|пожарные|спасатели
🚓|машина|милиция|патруль|полицейская машина|полицейские|полиция
🚔|лобовое стекло|машина|полицейская машина спереди|полицейские|полиция|приближающаяся полицейская машина|проблесковый маячок|сирена
🚕|водитель|желтое такси|машина|такси|транспорт|убер|шашечки
🚖|машина|приближающееся такси|такси спереди|транспорт
🚗|автомобиль|машина|транспорт
🚘|автомобиль спереди|машина спереди|приближающаяся машина|приближающийся автомобиль|транспорт
🚙|suv|автомобиль|джип|жилой|легковой|машина|отдых|фургон
🛻|автомобиль|грузовик|машина|перевозка|пикап|транспорт
🚚|газель|грузовик|грузовой|доставка|кузов|перевозки|транспорт
🚛|газель|грузовик|кузов|перевозка|переезд|транспорт|фура
🚜|сельское|техника|трактор|транспорт|хозяйство
🏎️|автомобиль|гонки|гоночный автомобиль|скорость|спортивный автомобиль
🏍️|байк|гонки|мотоцикл|опасность|скорость
🛵|мопед|мотороллер|скутер|транспорт
🦽|инвалид|коляска|кресло|ручной|транспорт
🦼|инвалид|кресло-коляска с мотором|транспорт|электропривод
🛺|авторикша|мопед|моторикша|рикша|такси|транспорт|тук-тук|туктук
🚲|велик|велосипед|колеса|крутить педали|педали|прокатиться|руль|спорт|транспорт
🛴|колеса|руль|самокат|транспорт
🛹|доска с колесиками|доска с роликами|колеса|роликовая доска|скейтборд|скейтер
🛼|коньки|ролики|роликовые коньки|спорт
🚏|автобусная остановка|знак|остановка
🛣️|автомагистраль|автострада|дорога|магистраль|путь|разметка|шоссе
🛤️|ж/д|железная дорога|путь|рельсы|шпалы
🛢️|бочка|емкость|нефть
⛽|автозаправка|автозаправочная станция|азс|бензин|дизель|заправка|станция|топливо
🛞|автомобильное колесо|диск|колесо|колпак|круг|поворот|шина
🚨|красная|мигалка|полиция|проблесковый маячок|сигнальные огни|сирена|экстренная ситуация
🚥|горизонтальный светофор|светофор
🚦|вертикальный светофор|перекресток|светофор
🛑|восьмиугольник|знак «стоп»|красный знак|остановка|стоп
🚧|барьер|заграждение|опасность|преграда|препятствие|строительные работы|строительство|стройка
🛟|безопасность|круг|надувной|помощь|спасательный круг|спасение
⛵|кораблик|лодка|отдых|парусник|яхта
🛶|байдарка|весло|индейцы|каноэ|каяк|лодка
🚤|вода|двигатель|катер|круиз|лодка|море|мотор|яхта
🛳️|круиз|лайнер|пассажирский лайнер|пассажиры|перевозки|судно
⛴️|паром|перевозки|транспорт
🛥️|вода|двигатель|катер|корабль|лодка|моторка|моторная лодка|яхта
🚢|груз|корабль|круиз|лайнер|морской|пароход|перевозки|судно|титаник
🛩️|воздух|крылья|маленький|перевозки|самолет
🛫|взлетаю|отправление|посадка|регистрация|самолет|улетать
🛬|посадка|прибытие|приземляется|садится|самолет
🪂|крыло|параглайд|парасейл|парашютист|скайдайв
💺|кресло в самолете|место|пассажирское кресло|сиденье|стул
🚁|вертолет|винт|воздух|лопасти|транспорт
🚟|вагон|дорога|железная|подвесная
🚠|вагон фуникулера|горы|кабинка|подъемник|тросы|фуникулер
🚡|дорога|канатная дорога|подвесная дорога|подъемник|трамвай|тросы|фуникулер
🛰️|космос|спутник
🚀|быстро|взлет|космос|ракета|скорость
🛸|инопланетный гость|инопланетяне|летающая тарелка|марсианин|нло|пришелец|пришельцы|тарелка
🛎️|вызов|гостиница|гостиничный звонок|звоночек|звук|отель|портье
🧳|багаж|путешествие|чемодан
⌛|время|песок|песочные часы|часы
⏳|время пошло|песок|песочные|часы
⌚|время|запястье|наручные|рука|часы
⏰|будильник|время|заводить|звенит|напоминание|подъем|сигнал|часы
⏱️|время|кнопка|секундомер|стрелки|таймер|точность|часы
⏲️|время|отсчет|сигнал|таймер|часы
🕰️|винтажные|время|каминные часы|старинные|украшение|часы
🕛|00:00|12:00|двенадцать часов|дня|ночи|полдень|полночь
🕧|00:30|12:30|30|двенадцать|первого|половина|полпервого|тридцать
🕐|1:00|13:00|время|дня|ночи|один|часы
🕜|1:30|время|полвторого|половина|тик так|тик-так|час тридцать|часы
🕑|время|два часа|часы
🕝|14:30|2:30|время|два тридцать|полтретьего|часы
🕒|15:00|3:00|время три часа|ровно|три часа|часы
🕞|15:30|3:30|время|половина|полчетвертого|три тридцать|тридцать|часы
🕓|16:00|4:00|время четыре часа|ровно|часы|четыре часа
🕟|16:30|4:30|время|половина|полпятого|тридцать|часы|четыре тридцать
🕔|17:00|5:00|время пять часов|пять часов|ровно|часы
🕠|17:30|5:30|время|половина|полшестого|пять|тридцать|часы
🕕|18:00|6:00|время шесть часов|ровно|часы|шесть часов
🕡|18:30|6:30|время|половина|полседьмого|тридцать|часы|шесть
🕖|19:00|7:00|время семь часов|ровно|семь часов|часы
🕢|19:30|7:30|время|полвосьмого|половина|семь|тридцать|часы
🕗|20:00|8|восемь часов|время восемь часов|ровно|часы
🕣|20:30|8:30|восемь тридцать|время|полдевятого|половина|тридцать|часы
🕘|21:00|9:00|время девять часов|девять часов|ровно|часы
🕤|21:30|9:30|время|девять тридцать|полдесятого|половина|тридцать|часы
🕙|10:00|22:00|время десять часов|десять часов|ровно|часы
🕥|10:30|22:30|время|десять|пол-одиннадцатого|половина|тридцать|часы
🕚|11:00|23:00|время одиннадцать часов|одиннадцать часов|ровно|часы
🕦|11:30|23:30|время|одиннадцать|полдвенадцатого|половина|тридцать|часы
🌑|луна|месяц|новая|новолуние|ночь|темная ночь|темно
🌒|луна|месяц|молодая|молодой
🌓|луна в первой четверти|месяц|небо|четверть
🌔|луна|месяц|небо|прибывающая
🌕|луна|месяц|небо|полная|полнолуние|полный
🌖|луна|месяц|небо|планета|убывающая
🌗|луна в последней четверти|месяц|небо|четверть
🌘|затмение|луна|месяц|небо|старая|убывающая
🌙|луна|месяц|полумесяц
🌚|лицо|луна с лицом|молодая луна с лицом|новая луна с лицом|новолуние|темная|черная луна
🌛|лицо|луна в первой четверти с лицом|месяц|небо|половинка луны|четвертинка луны|четверть луны
🌜|лицо|луна в последней четверти с лицом|месяц|небо|полу месяц|полумесяц|четверть
🌡️|градусник|измерение|температура|термометр
🌝|круглая луна|лицо|месяц|небо|полная луна с лицом
🌞|лицо|небо|солнце с лицом
🪐|кольца|кольцо|космос|планета с кольцом|сатурн
⭐|астрономия|желтая|звезда|звезды
🌟|звезда|свет|сияние|сияющая звезда
🌠|желание|загадать желание|звезда|звездопад|небо|падающая
🌌|звезды|космос|млечный путь|молоко|путь|созвездие
⛅|непогода|облака|облако|облачно|погода|солнце за облаками
⛈️|гроза|гром|дождь|молния|облако|туча
🌤️|облако|облачко|пасмурно|солнце за облачком|туча
🌥️|облако|облачно|солнце за облаком|туча
🌦️|грибной дождь|дождь|облако|осадки|слепой дождь|солнце за тучей|туча
🌧️|дождь|осадки|туча
🌨️|облако|осадки|погода|снегопад|туча
🌩️|гром|молния|облако|погода|туча
🌪️|ветер|вихрь|катастрофа|смерч|торнадо|ураган
🌫️|видимость|густой туман|низкая|облачность|плохая видимость|туман
🌬️|ветер|вьюга|дует|лицо|пурга|снежная королева
🌀|завихрение|тайфун|циклон|юла
🌈|дождь|осадки|погода|природа|радуга|цвета
🌂|дождь|закрытый зонт|зонтик|осадки
⛱️|аксессуар|дождь|защита|зонтик|непогода|пляжный зонт|солнце
⚡|буря|высоковольтное|высокое напряжение|гром|молниеносный|молния|напряжение|опасность|электричество
⛄|снеговик|снеговичок|снежная баба|снежная скульптура|фигура|человек|человечек
🔥|костер|огонь|очаг|пламя
💧|вода|дождь|капелька|капля|пот|слеза
🌊|вода|волна|море|морская пена|океан|серфинг
🎃|праздник|тыква-фонарь|фонарь из тыквы|хеллоуин|хэллоуин
🎄|елка|новогодняя елка|новый год|праздник|рождество
🎆|пиротехника|праздник|салют|свет|фейерверк|шум
🎇|бенгальский огонь|искры|новый год|огонь|праздник|салют
🧨|взрывчатка|динамитная шашка|искра|петарда|фейерверк|хлопушка|шашка
🎈|веревочка|воздух|воздушный|праздник|шарик
🎉|бабах|веселье|вечеринка|день рождения|мишура|поздравление|праздник|хлопушка
🎊|вечеринка|конфетти|праздник
🎋|бамбук с бумажными лентами|бумага|дерево|лента|танабата|традиция|япония
🎍|бамбук|новый год|растение|рождество|сосна|украшенный бамбук|япония
🎎|две|кукла|праздник|фестиваль|японские куклы
🎏|вымпелы в виде карпов|карпы|палочка|рыбки|рыбы
🎐|бубенчик|ветер|звон|музыка ветра
🎑|луна|праздник луны|церемония
🧧|деньги|китай|конверт|красный|подарок|традиция|удача
🎀|бантик|волосы|лента|одежда|праздник
🎁|бантик|год|день|коробка|новый|подарок|праздник|рождения|рождество
🎗️|лента|памятная лента|память
🎟️|билеты|вход|квиток|концерт|пропуск|самолет|театр|транспорт|услуги
🎫|билетик|вход|квиток|концерт|пропуск|самолет|театр|транспорт|услуги
🎖️|военная медаль|война|заслуги|медаль|награда|одежда|орден
🏆|кубок|победа|приз|трофей|чемпион
🏅|достижение|медаль|место|победа|спортивная медаль
🥇|золотая медаль|золото|медаль|место|первое место|победа|победители|победитель|чемпионы
🥈|второе место|медаль|серебро|серебряная медаль
🥉|бронза|бронзовая медаль|медаль|третье место
⚽|игра|мяч|спорт|футбольный
⚾|бейсбольный|игра|мяч|спорт
🥎|бита|зажать|игра|мягкий|мяч|нести|перчатка|софтбол|спорт
🏀|баскетбольный|игра|кольцо|мяч|спорт
🏐|волейбольный|игра|мяч|спорт
🏈|американский|игра|мяч|спорт|футбол
🏉|игра|мяч|регби|спорт
🎾|игра|мячик|ракетка|спорт|теннисная|теннисный
🥏|бросать|диск|досуг|игра|летающая тарелка|летающий диск|спорт|фрисби
🎳|боулинг|игра|кегли|спорт|страйк|шары
🏏|бита|игра|крикет|мяч|спорт
🏑|бег|игра|клюшка|трава|хоккей на траве
🏒|игра|клюшка|лед|спорт|хоккей|шайба
🥍|гол|забить|клюшка|лакросс|мяч|ракетка
🏓|мячик|настольный теннис|пинг-понг|ракетка|стол|теннис|шарик
🏸|бадминтон|воланчик|игра|ракетка|спорт
🥊|боксерская|перчатка|спорт
🥋|боевые искусства|дзюдо|карате|тхэквондо|форма
🥅|ворота|гол|сетка|спортивные ворота
⛳|гольф|игра|лунка|поле|спорт|флаг|флажок
⛸️|ботинок|катание|каток|конек|коньки|лед|лезвие|скорость|фигурное катание
🎣|крючок|леска|наживка|рыбалка|спининг|удочка с рыбой|улов
🤿|дайвинг|маска с трубкой|нырять|подводная|подводное плавание|подводный|спорт|трубка
🎽|атлетика|бег|спорт|футболка для бега
🎿|горные лыжи|горы|лыжи|склон|снег|спорт|трасса
🛷|гора|катание|сани|санки|снег|спуск
🥌|игра|камень|керлинг|лед|спорт|щетка
🎯|дартс|доска|дротик|мишень|попадание
🪀|игрушка|йо-йо|йойо
🪁|ветер|воздушный змей|змей|игра|летать|парить
🔫|водный пистолет|водяной пистолет|игрушка|огнестрельное|оружие|пистолет|револьвер
🎱|8|бильярд|восьмерка|игра|пул|черный шар|шар
🔮|будущее|волшебство|гадание|магия|предсказание|хрустальный шар|шар
🪄|волшебная палочка|волшебник|волшебство|колдунья|магия|фокус
🎮|playstation|station|видеоигры|игры|компьютерные|приставка
🕹️|видеоигра|видеоигры|джойстик|игра|игровая приставка|игры|компьютерная приставка|приставка
🎰|автомат|азарт|деньги|игровой|игры|казино
🎲|игральная кость|кости|кубики
🧩|головоломка|досуг|игра|кусочек пазла|мозаика|пазл|собирать
🧸|игрушка|медвежонок|мишка|мягкая игрушка|плюшевая игрушка|плюшевый мишка
🪅|вечеринка|мексиканский|пиньята|праздник|праздновать|сладости
🪩|блестеть|вечеринка|диско-шар|дискотека|зеркальный шар|танцы
🪆|игрушка|кукла|матрешка|матрешки|россия|русская
♟️|игра|пешка|фигура|шахматная фигура|шахматы
🃏|джокер|игра|карты
🀄|игральные|китай|кости|кубики|маджонг
🎴|игра|карты|ханафуда|цветочная|цветы|япония
🎭|драма|искусство|комедия|маски|постановка|премьера|театр|шекспир
🖼️|картина в раме|картина в рамке|пейзаж|природа|рама|рамка
🎨|краски|палитра с красками|рисовать|творить|художник
🧵|вышивка|иголка|катушка ниток|нитки|нить|рукоделие|шитье|штопать
🪡|вышивка|игла|иголка|стежки|швы|шитье
🧶|вязание|клубок ниток|нитки|пряжа
🪢|веревка|канат|узел|шнурок
👓|аксессуар|глаза|защита|зрение|одежда|очки
🕶️|аксессуар|защита|очки|солнечные очки|солнцезащитные|темные
🥽|защита|защитные|лыжная|маска|нырять|очки|плавание|сварка
🥼|белый халат|лаборатория|лабораторный халат|форма|халат
🦺|жилет|защитный|спасательный|спасать|экстренный
👔|галстук|одежда|офис|работа|рубашка|серьезный|сотрудник
👕|короткие|одежда|рубашка|рукава|футболка
👖|брюки|джинсы|штаны
🧣|обмотать|повязать|шарф|шея
🧤|аксессуар|одежда|перчатки|руки
🧥|верхняя|куртка|одежда|пальто|пиджак
🧦|ноги|носки|чулки
👗|женская одежда|женское|одежда|платье
👘|кимоно|одежда|традиции|япония
🥻|женская|индия|одежда|платье|сари|традиционная
🩱|закрытый|купальник|одежда|плавать|слитный|спорт|цельный
🩲|купальник|одежда|плавать|плавки|трусы|шорты
🩳|белье|купальник|одежда|плавать|плавки|спорт|трусы|шорты
👙|бассейн|бикини|купальник|море|отпуск|плавать
👚|блузка|женщина|одежда|платье|розовая|футболка
🪭|веер|жара|жарко|застенчивый|опахало|охлаждение|танец
👛|аксессуар|деньги|кошелек|мелочь|сумка|сумочка
👜|женская|сумка|сумочка
👝|аксессуар|багаж|вещи|женское|клатч|мешок|саквояж|сумочка|театр|чедоман
🛍️|магазины|новое|обновки|пакеты|покупки|шопинг
🎒|портфель|ранец|рюкзак|школа
🩴|вьетнамки|обувь|пляж|сланцы|шлепанцы|шлепки
👞|ботинки|ботинок|мужская|мужчина|обувь|туфли|туфля
👟|бег|кеды|кроссовки|обувь|побежать|пробежка|спорт
🥾|ботинки|идти|кемпинг|палатка|поход|рюкзак|треккинговая обувь|треккинговые ботинки|треккинговый ботинок|туристическая обувь|туристические ботинки
🥿|балетки|без каблука|обувь на плоской подошве|слиперы|туфли без каблука|туфли на плоской подошве|удобно
👠|женщина|каблук|на каблуке|обувь|стиль|туфли на каблуке
👡|босоножки|женская|женщина|каблук|лето|обувь|сабо|сандалии
🩰|балерина|балет|обувь|пуанты|танец|туфли
👢|высокая|женская|каблук|обувь|одежда|сапоги|холодно|шоппинг
🪮|афро|волосы|гребень|расческа
👑|голова|королева|король|корона|монарх|царица|царство|царь
👒|женская|женщина|летняя|одежда|шляпа|шляпка
🎩|магия|мужчина|одежда|фокус|цилиндр|черная|черный|шляпа
🎓|бонет|выпускник|выпускной|конфедератка|шапочка выпускника
🧢|бейсболка|головной убор|кепка|шапка
🪖|армия|воин|каска|солдат
⛑️|головной убор|каска с белым крестом|крест|лицо|спасатель|шлем
📿|бусы|колье|молитва|ожерелье|религия|четки
💄|губы|косметика|макияж|помада
💍|бриллиант|драгоценный|камень|кольцо|обручальное|помолвка|свадьба
💎|алмаз|драгоценность|драгоценный камень|камень|цена
🔇|без звука|громкость|звук|молчание|тихо|тишина
🔈|громкость|динамик|звук|низкая|уровень
🔉|громкоговоритель|громкость|динамик|звук|рупор|спикер|средняя|уровень
🔊|высокая|громкость|динамик|звук|уровень
📢|внимание|громкоговоритель|звук|обращение|объявление|рупор
📣|громкоговоритель|звук|мегафон|обращение|объявление|речь|рупор
📯|почта|почтовый рожок|рожок|труба
🔔|будильник|звонок|колокольчик
🔕|будильник отключен|колокол|отключить|перечеркнутый колокольчик|перечеркнуть|тихо|тишина
🎼|ключ|музыка|нотный стан|ноты|скрипичный|стан
🎵|звук|мелодия|музыка|нота
🎶|звуки|мелодия|музыка|ноты
🎙️|вокал|звук|микрофон|музыка|пение|студийный микрофон
🎚️|звук|музыка|слайдер|уровень
🎛️|звук|музыка|регуляторы|ручка|уровень
🎤|звук|караоке|микрофон|пение
🎧|вкладыши|гарнитура|затычки|звук|капли|музыка|наушники
📻|передача|приемник|радио|сигнал
🎷|инструмент|музыкальный инструмент|саксофон
🎺|духовой инструмент|инструмент|музыкальный инструмент|труба
🪊|грусть|джаз|духовой|инструмент|музыка|тромбон
🪗|аккордеон|баян|гармонь|гармошка|концертина
🎸|гитара|гитарист|инструмент|концерт|музыкальный|рок
🎹|инструмент|клавиши|клавишные|музыкальный инструмент|пианино|рояль|синтезатор
🎻|инструмент|музыкальный инструмент|скрипка|смычковый|смычок|струнный инструмент|струны
🪕|банджо|гитара|играть|инструмент|музыка|струнный
🥁|барабан|инструмент|музыкальный инструмент|палочки|ударные
🪘|барабан|бит|конга|музыкальный инструмент|ритм|тамтам
🪇|вечеринка|инструмент|маракасы|музыкальные инструменты|перкуссия|погремушки|ритм|танец|танцы|трясти|ча-ча-ча
🪈|группа|деревянный духовой инструмент|дудочка|духовой инструмент|инструмент|музыка|оркестр|продольная флейта|сопилка|труба|флейта пикколо|флейтист
🪉|ангелочек|арфа|инструмент|купидон|любовь|музыка|оркестр
📱|мобильник|мобильный|смартфон|сотовый|телефон
📲|входящий|вызов|мобильник|мобильный|смартфон|сотовый|телефон
☎️|аппарат|линия|телефон|трубка
📞|телефонная трубка|трубка
📟|пейджер|сообщение|строка|экран
📠|бумага|сообщение|факс
🔋|аккумулятор|батарейка|батарея|заряд|уровень заряда
🪫|аккумулятор|батарейка|батарея|заряд|мало зарядки|низкий заряд|низкий уровень заряда|предмет|разрядилась|разряжено
🔌|вилка|розетка|штекер|штепсель|электричество
💻|компьютер|ноутбук|портативный
🖥️|компьютер|монитор|настольный|экран
🖨️|бумага|печать|принтер
🖱️|кнопки|мышка|мышь|периферия|устройство
🖲️|ввод|компьютер|трекбол|шар
💽|cd|диск|компьютерный диск|мини-диск|оптический диск|си ди|си-ди|сиди
💾|данные|дискета|компьютер|носитель
💿|cd|диск|компакт-диск|си ди|си-ди|сиди|формат
📀|cd|dvd|двд-диск|дивиди|диск|формат
🧮|вычисления|подсчет|счеты
🎥|видеокамера|камера|кинокамера|снять|съемка|фильм
🎞️|кадр|кинематограф|кинопленка|пленка|фильм
📽️|видео|кинопроектор|показ|проектор
🎬|дубль|киносъемки|нумератор с хлопушкой|снято|сцена|хлопушка-нумератор
📺|тв|телевидение|телевизор
📷|съемка|фотоаппарат|фотокамера
📸|вспышка|съемка|фотоаппарат со вспышкой|фотокамера
📹|видеокамера|запись|съемка
📼|видеокассета|кассета|пленка
🔍|влево|линза|лупа, наклоненная влево|наклоненная влево|стекло|увеличительное
🔎|вправо|исследовать|лаборатория|лупа, наклоненная вправо|наклоненная вправо|стекло|увеличительное
🕯️|воск|огонь|пламя|свет|свеча|свечка|тепло
💡|идея|лампа|лампочка|свет|эврика|электричество
🔦|свет|фонарик|фонарь|электричество
🏮|бумага|бумажный|китайский фонарик|красный|огонь|свет|фонарик|фонарь
🪔|гореть|дия|лампа|масло|свет
📔|блокнот|дневник|ежедневник|записи|записная|книжка|красивая|обложка
📕|закрытая|закрыть|захлопнутая|захлопнуть|книга|книжка|красивая обложка|обложка
📖|книга|книжка|открытая|открыть|раскрытая|раскрыть
📗|библиотека|зеленая|книга|книжка|учеба|учиться|читать|чтение
📘|голубая|голубой|книга|книжка|синий|синяя
📙|книга|книжка|оранжевая|оранжевый
📚|библиотека|книги|книжки|много книг|сессия|стопка книг|учить|читать|экзамен
📓|блокнот|записная книжка|тетрадка|тетрадь
📒|блокнотик|записная книжка|тетрадка|тетрадь
📃|документ|загиб|загнутая|загнутый|лист с загибом|страница с загибом
📜|бумага|пергамент|свиток
📄|вертикально|лист|страница
📰|газета|известия|издание|новости|печать
🗞️|бумага|газета|новости|свернутая
📑|закладки|клеящиеся|наклейки|отметки|стикеры-закладки
🔖|закладка|книга|книжка|отметка
🏷️|бирка|сведения|этикетка|ярлык
🪙|деньги|доллар|евро|золото|казна|металл|монета|рубль|серебро
💰|банкноты|деньги|доллары|мешок денег|миллион|много
🪎|богатство|деньги|драгоценности|золото|клад|монеты|награда|сокровища|сундук
💴|банкнота иены|валюта|деньги|иена|япония
💵|австралия|бакс|банкнота доллара|валюта|деньги|доллар|канада|купюра|сша
💶|банкнота|валюта|деньги|евросоюз
💷|англия|банкнота фунта|валюта|великобритания|деньги|стерлингов|фунт
💸|бакс|банкнота с крылышками|деньги|доллар|крылья|летающая
💳|банковская|деньги|заплатить|карта|карточка|кредитка|кредитная|оплатить
🧾|бухгалтерия|доказательство|квитанция|счет|фактура|чек
💹|биржа|валюта|деньги|курс|рост|рынок|тенденция
📧|конверт|письмо|почта|сообщение|электронная почта|электронное письмо|электронное сообщение
📨|входящее|конверт|письмо|получение|почта|сообщение|электронное
📩|исходящее письмо|конверт|отправка|сообщение|стрелка|электронное
📤|исходящая|исходящие|отправленная|отправленные|письма|почта|почтовый|сообщения|ящик
📥|входящие письма|полученная|полученные письма|почта|почтовый|ящик
📦|доставка|коробка|посылка|почта
📫|закрытый почтовый ящик с поднятым флажком|поднятый|почта|почтовый|флаг|ящик
📪|закрытый почтовый ящик с опущенным флажком|опущенный|почта|почтовый|флаг|ящик
📬|открытый почтовый ящик с поднятым флажкгом|открытый почтовый ящик с поднятым флажком|письмо|поднятый|почта|почтовый|флаг|ящик
📭|опущенный|открытый почтовый ящик с опущенным флажком|письмо|почта|почтовый|флаг|ящик
📮|корреспонденция|почта|почтовый|ящик
🗳️|бюллетень|выборы|голосовать|избирательная урна|избирательный ящик|урна|ящик
✏️|грифель|карандаш|простой|рисовать
🖋️|перо|перьевая|письмо|ручка|чернила|чернильная ручка
🖊️|ручка|чернила|шариковая
🖌️|кисточка|кисть|рисование|щетина
🖍️|восковой мелок|выделение|карандаш|красный|маркер|мелки|фломастер|цвет
📝|заметка|запись|карандаш|писать|письмо
💼|бумаги|дипломат|документы|офис|портфель|работа
📁|бумаги|документы|папка|файл
📂|бумаги|документы|открытая|папка|файл
🗂️|картотека|карточки|маркированные папки|оглавление|папка|папочка|разделители|файлы
📅|даты|календарь с датой|назначенная дата|отрывной календарь|числа
📆|17 число|дата|день|календарь|листы|отрывной
🗒️|блокнот|записная книга|листы|откидной|перекидной блокнот|пружина
🗓️|блокнот|календарь|листы|перекидной|пружина|расписание
📇|визитка|визитница|картотека|карточки|органайзер|указатели
📈|вверх|диаграмма роста|рост|скачок|схема|тенденция|улучшение
📉|вниз|диаграмма падения|падение|схема|тенденция|ухудшение
📊|гистограмма|граф|диаграмма|столбчатая
📋|бумага|зажим|лист|планшет с зажимом|список дел
📌|бумага|канцелярская кнопка|кнопка
📍|бумага|канцелярская кнопка с шариком|кнопка|местоположение|шарик
📎|бумаги|канцелярия|скрепить|скрепка
🖇️|бумаги|две|канцелярия|несколько скрепок|присоединить|скрепки
📏|измерение|линейка|прямая
📐|измерение|измерительный инструмент|линейка-треугольник|треугольная|треугольник|чертежный набор
🗃️|картотека|карточки|коробка|сведения|учет|файлы|ящик
🗄️|архивный шкаф|данные|кабинет|сведения|хранилище|шкафчик
🗑️|бумаги|корзина для бумаги|корзина для мусора|мусорка|мусорная|урна
🔒|закрытый|замок|затвор|навесной замок
🔓|закрыть|замок|затвор|открытый
🔏|закрытый замок с перьевой ручкой|замок|защита|конфиденциальность|перо|перьевая ручка|перьевой наконечник|ручка
🔐|безопасность|закрытый замок с ключом|замок|ключ
🔑|закрыть|ключ|открыть|пароль
🗝️|винтажный|замок|ключ|старинный|старый
🔨|забить|инструмент|молоток|ремонт|удар
🪓|дрова|дровосек|рубить|рубка|топор
⛏️|добыча|инструмент|кирка|шахта
🛠️|гаечный|инструмент|ключ|молоток
🗡️|кинжал|клинок|лезвие|ножик|оружие|острый нож|холодное оружие
💣|бомба|взрыв|ложись|опасность|фитиль|черная
🪃|абориген|австралия|бумеранг|возврат|оружие|последствия
🏹|знак зодиака|лук со стрелой|оружие|стрелец|стрелы
🛡️|безопасность|доспехи|защита|снаряжение|щит
🪚|древесина|инструмент|пила по дереву|пилить|плотник|резать|столяр
🔧|гаечный|инструмент|ключ|ремонт
🪛|винт|инструмент|мастер|отвертка|умелец
🔩|болт и гайка|винт|гайка|закрутить|инструмент|ремонт|шуруп
🗜️|зажим|компрессор|тиски
🦯|белая|инвалид|палка|слепой|трость|ходьба
🔗|гиперссылка|звенья|связывание|связь|ссылка|цепочка|цепь
⛓️‍💥|оковы|разорванная цепь|разорвать|разрыв|свобода|цепь
⛓️|звено|звенья|цепи|цепочка|цепь
🪝|захват|крюк|крючок|подвес|уловка
🧰|инструменты|комплект инструментов|коробка|красный ящик|мастер|механик|набор инструментов|ремонт|слесарь|ящик для инструментов
🧲|магнетический|магнит-подкова|отрицательный|подкова|положительный|притяжение
🪜|залезать|лезть|лестница|перекладина|стремянка|ступень
🪏|ковш|копать|лопата|совок|яма
🧪|лаборатория|наука|опыты|пробирка|химик|химия|эксперименты
🧫|анализы|бактерии|биология|лаборатория|чашка петри|эксперимент
🧬|биология|генетика|гены|днк|жизнь|молекула|эволюция
🔬|биология|изучать|инструмент|исследовать|клетки|лупа|микробы|микроскоп|прибор|увеличение
🔭|астрономия|звезды|инструмент|линза|лупа|планетарий|планеты|прибор|телескоп|увеличительное стекло
📡|антенна|спутниковая
💉|инъекция|кровь|лечение|медицина|препарат|прививка|укол|шприц
🩸|донор|капля крови|красный|кровить|кровоточить|кровь|медицина|менструация
💊|барбитураты|капсула|лекарство|лечиться|медикаменты|пилюля|препарат|рецепт|таблетка
🩹|заклеить|лейкопластырь|лечить|медицина|пластырь|порез|рана
🩼|инвалидность|костыли|костыль|опора|перелом|повреждение|помощь|предмет|травма|трость
🩺|врач|доктор|инструмент|медицина|сердце|слушать|стетоскоп
🩻|врач|кости|медицина|предмет|просветить|рентген|скелет|снимок
🚪|входная|выход|двери|дверная ручка|дверь|закрытая|проем
🛗|грузоподъемник|лифт|подъемник|специальные возможности
🪞|зеркало|краситься|макияж|отражатель|отражение
🪟|вид|окно|окошко|прозрачный|рама|свежий воздух|стекло
🛏️|гостиница|дом|застеленная постель|кровать|отель|постель|пустая|спальня|спать
🛋️|вечер|диван и торшер|лампа|лень|отдых дома|торшер|уют
🪑|мебель|сидение|сидеть|сидя|стулья
🚽|бачок|смывать|туалет|унитаз
🪠|вантуз|засор|прочистка|сантехник|слив|сортир|туалет
🚿|вода|душ|мыться|принимать душ|струя воды|чистота
🛁|ванная|вода|купаться|мыться|принимать ванную|чистота
🪤|заманить|западня|капкан|ловушка|мышеловка|приманка|сыр
🪒|бритва|бритье|бриться|лезвие|лицо|опасная|острый
🧴|бальзам|бутылка лосьона|гель для душа|кондиционер|крем|лосьон|увлажнение|флакон|шампунь
🧷|английская булавка|булавка|приколоть|пристегнуть
🧹|ведьма|веник|метла|подметать|уборка
🧺|грибы|корзина с бельем|пикник|собирать|стирка|ягоды
🧻|бумага|бумажное полотенце|бумажные полотенца|рулон бумаги|салфетка|туалетная бумага
🪣|бадья|ведерко|ведро|кадка
🧼|ванна|душ|купание|кусок мыла|мало|мыло|мыльная пена|мыть|пена|пузыри
🫧|вода|мыло|мыльные пузыри|мыть|предмет|пузыри|пузырь|чистый
🪥|ванная|гигиена|зубная щетка|зубы|умываться|чистить|чистый|щетка
🧽|ванна|впитывать|губка|мочалка|мыло|мытье посуды|пена|посуда|спонж|чистить
🧯|красный|огнетушитель|огонь|пожар|тушение пожара|тушить
🛒|магазин|покупки|тележка для покупок
🚬|дым|курение|курить|курю|можно|окурок|пепел|разрешено|сигарета
⚰️|гибель|гроб|погребение|похороны|смерть
🪦|гробница|кладбище|могила|могильный камень|надгробие
⚱️|останки|пепел|похороны|прах|смерть|урна с прахом
🧿|амулет|око|сглаз|синий|талисман
🪬|амулет|защита|защитить|кисть|ладонь|предмет|рука марии|рука мириам|рука фатимы|хамса
🗿|голова|истукан|лицо|остров|пасхи|статуя
🪧|высказаться|демонстрация|заявление|знак|пикет|плакат|протест
🪪|водительские права|документ|паспорт|права|удостоверение
🏧|банкомат|выдача|деньги|значок банкомата|наличные|терминал
🚮|мусорить|мусорка|урна
🚰|вода|кран|питьевая
♿|возможности|доступ|значок|инвалидная|коляска
🚹|кабинки|мужской|мужчины|туалет|уборная
🚺|женский туалет|женщины|кабинки|туалет|уборная
🚻|wc|туалет|уборная
🚼|дети|младенцы|пеленальная|пеленки|стол
🚾|wc|общественный|туалет|уборная|унитаз
🛂|контроль|паспортный|печать|пограничник|проверка
🛃|багаж|граница|проверка|таможенник|таможня
🛄|багаж|лента|получение|прибытие|чемодан
🛅|багаж|замок|кабинка|камера|ключ|хранения|чемодан
⚠️|восклицательный|желтый|знак|оповещение|осторожно|предупреждение|треугольный
🚸|движение|дети|дорога|знак "дети"|знак «дети»|переход|пешеходы
⛔|вход|въезд|запрещено|кирпич|красный|круг|нет|стоп
🚫|входа|запрещено|зачеркнутый|красный|круг|нельзя|нет
🚳|велосипед|въезда|запрещено|нельзя|нет|перечеркнутый
🚭|запрет|запрещено|красный|круг|курение|курить|нельзя|черный
🚯|запрещено|красный|мусорить|нельзя|перечеркнутый|черный
🚱|вода|вредно|запрещено|кран|круг|нельзя|непитьевая|опасно|перечеркнутый|пить
🚷|входить|запрещен|круг|не|опасно|переход|пешеходный
📵|запрещено|запрещены|звонить|звонки|мобильный|перечеркнутый|смартфон|сотовый|телефон
🔞|18 лет|для людей старше восемнадцати лет|запрет|нельзя|несовершеннолетним запрещено
⬆️|вверх|направление|север|стрелка
➡️|восток|вправо|направление|стрелка
⬇️|вниз|направление|стрелка|юг
⬅️|влево|запад|направление|стрелка
↩️|влево|вправо|изгиб|изогнутая|поворот|стрелка
↪️|влево|вправо|изгиб|изогнутая|поворот|стрелка
🔃|вертикальные|зависание|перезагрузка|по|стрелке|стрелки|часовой
🔄|горизонтальные|кнопка|обновить|обновление|против|стрелки|часовой
🔙|вернуться|назад|стрелка
🔚|конец|стрелка «конец»|стрелка конец
🔛|активно|включено|стрелка «активно»|стрелка активно
🔜|вправо|далее|продолжение|скоро|следует|стрелка
🔝|вверх|верх|наверх|стрелка|топ
🛐|место|молитва|молиться|поклонение|религиозное|религия|святое|святыня
⚛️|атеизм|атеист|атомный|символ|частица
🕉️|аум|мантра|ом|религия
☯️|вера|инь-янь|религия|символ|таоизм|янь
✝️|крест|латинский|религия|христианский|христианство
☪️|вера|звезда|ислам|мечеть|мусульманин|мусульманство|полумесяц|рамадан|религия|символ
☮️|значок|мир|пацифизм|пацифик|символ
🕎|менора|подсвечник|религия|свечи|ханука|ханукия
🔯|звезда давида|шестиконечная звезда
🪯|дег|кханда|религия|сикхизм|символ|тех|фатех|хальса
♊|близнецы|гороскоп|знак|зодиак
♋|гороскоп|знак|зодиак|рак
♌|гороскоп|знак|зодиак|лев
♍|гороскоп|дева|знак|зодиак
♎|весы|гороскоп|знак|зодиак
♏|гороскоп|знак|зодиак|скорпион
⛎|гороскоп|змееносец|знак|зодиак
🔀|выбор|перемешивание|пересечение|скрещенные|случайно|случайный|стрелки
🔁|горизонтальные|замкнутые|повторить|стрелке|стрелки|часовой
🔂|две стрелки|кнопка|одна песня|повтор одной песни
▶️|воспроизведение|вперед|вправо|геометрия|кнопка|перемотать|перемотка|проигрывание|треугольник|фигура
⏩|вперед|вправо|два|кнопка|перемотать|перемотка|треугольника
⏭️|вперед|вправо|далее|два треугольника|дорожка|кнопка|композиция|перемотать|перемотка|песня|следующая|следующий|трек|черта
⏯️|воспроизведение/пауза|воспроизвести|воспроизвещение|две черты|играть|кнопка|пауза|приостановить|треугольник
◀️|влево|кнопка|назад|обратный|реверс|стрелка
⏪|влево|два треугольника|кнопка|назад|перемотать|перемотка назад|стрелка
⏮️|влево|два треугольника|перемотать назад|перемотка назад|предыдущая дорожка|предыдущая композиция|предыдущий трек
🔼|вверх|кнопка треугольник острием вверх|пирамида|треугольник острием вверх
⏫|вверх|два треугольника острием вверх|кнопка|стрелка|стрелки вверх
🔽|вниз|кнопка|треугольник острием вниз
⏬|вниз|два треугольника острием вниз|кнопка|стрелка|стрелки вниз
⏸️|две черты|кнопка паузы|остановить|пауза|стоп
⏹️|кнопка|остановить|остановка|стоп
⏺️|записать|запись|кнопка|круг|начать запись
⏏️|выброс|кнопка
🎦|видеозапись|видеокамера|дубль|запись|камера|кинокамера|телевидение|фильм
🔅|низкая яркость|низкий|солнышко|темно|уровень|яркость
🔆|высокая яркость|высокий|светло|уровень|яркость
📶|антенна|подключение|связь|сигнал сети|телефон|уровень сигнала
🛜|wi-fi|wifi|wlan|беспроводная сеть|вайфай|интернет|компьютер|подключение|роутер|сеть|смартфон|точка доступа|широкополосный
📳|вибрация|мобильник|мобильный|режим вибрации|смартфон|телефон вибрирует
📴|выключенный телефон|выключено|мобильник|мобильный|смартфон|сотовый|телефон
⚧️|символ|трансгендерная|трансгендерное|трансгендерные|трансгендерный
🟰|знак|математика|равенства|равенство|равно
♾️|бесконечность|знак бесконечности|навсегда|постоянно
‼️|восклицание|восклицательные|восклицательный|восклицательных|два|знака|знаки|пунктуация
💱|банк|валюта|валюты|деньги|касса|курс|обмен
💲|валюта|деньги|доллар|сша
♻️|мусорный|отходы|переработка отходов|утилизация
⚜️|геральдика|геральдическая лилия|герб|лилия|фигура|флер-де-лис
🔱|вилы|посейдон|символ|трезубец|эмблема
📛|бейджик|значок с именем|имя|огонь|предупреждение
🔰|новичок|символ новичка|япония|японский символ новичка
⭕|большое кольцо|большой круг|кольцо|красное|красный круг|круг|синий круг
❌|закрытие|значок|крестик|отмена|умножение
❎|закрытие|квадрат|кнопка "крестик"|кнопка «крестик»|крестик|умножение
➰|значок|петелька|петля
➿|две|двойная|петелька|петельки|петли|петля
〽️|вступает другой голос|голос|другой голос|знак|певцы|япония
🫟|клякса|краска|пролить|пятно|холи
🔠|алфавит|ввод прописными|верхний регистр|латиница|латинские буквы|прописные символы
🔡|алфавит|буквы|ввод строчными|кнопка|латинские буквы|нижний регистр|строчные символы
🔢|ввод цифр|цифры
🔣|ввод символов|символы
🔤|алфавит|буквы|ввод|латиница|латинские|латинский|символы
🅰️|2 группа крови|ii группа крови|буква а|вторая группа крови|группа крови а|кровь
🆎|4 группа крови|iv группа крови|буквы ав|группа крови ab|кровь|четвертая группа крови
🅱️|3 группа крови|iii группа крови|буква в|группа крови в|кровь|третья группа крови
🆑|cl|значок «понятно»|кнопка "очистить"|кнопка "стереть"|кнопка «очистить»|очистить|стереть|ясно
🆒|здорово|значок «круто»|кнопка|круто
🆓|бесплатно|значок|кнопка
🆔|значок «идентификация»|идентификатор|идентификация|кнопка
Ⓜ️|буква "м" в кружке|буква «м» в кружке|буква в кружке|кружок|м
🆕|значок "новинка"|значок «новинка»|новинка|новое|новый
🆖|значок "не годится"|не годится|нехорошо|плохо
🅾️|1 группа крови|i группа крови|буква о|группа крови o|кнопка с о|кровь|о|первая группа крови
🆗|значок «ок»|о’кей|окей|хорошо
🅿️|автостоянка|машины|парковаться|парковка|припарковаться|стоянка
🆘|sos|значок sos|помогите|помощь|сос|спасите
🆙|вверх|значок "обновление"|значок «обновление»|обновление
🆚|значок|кнопка|против|сравнение
🈁|здесь|значок|кнопка|япония
🈂️|значок|кнопка|стоимость|услуги|цена|япония
🈷️|значок|иероглиф|кнопка|месяц|сумма|япония
🈶|значок|иероглиф|кнопка|наличие|платно|япония
🈯|забронировано|занято|значок|кнопка|япония
🉐|выгода|значок|кнопка|сделка|япония
🈹|деление|значок "скидка"|иероглиф|кнопка "скидка"|скидка|япония
🈚|бесплатно|значок|иероглиф|кнопка|нет в наличии|отсутствие|япония
🈲|воспрещен|вход запрещен|запрет|запрещено|значок|иероглиф|кнопка|нельзя|япония
🉑|допустимость|значок|иероглиф|китай|кнопка|можно|приемлемо|принятие
🈸|запрос|заявка|значок|иероглиф|китай|кнопка|подача|япония
🈴|значок|иероглиф|китай|кнопка|пропускной балл|проходной балл|согласие|япония
🈳|доступность|есть места|значок|иероглиф|китай|кнопка|пустота|свободно
🈺|значок|иероглиф|китай|кнопка|открыто|работает|япония
🈵|занято|заполнено|значок|иероглиф|кнопка|мест|нет|япония
🔴|геометрия|красный|круг|фигура|шар
🟠|геометрия|круг|оранжевый|фигура|шар
🟡|геометрия|желтый|круг|фигура|шар
🟢|геометрия|зеленый|круг|фигура|шар
🔵|геометрия|голубой|круг|синий|фигура|шар
🟣|геометрия|круг|фигура|фиолетовый|шар
🟤|геометрия|коричневый|круг|фигура|шар
⚫|геометрия|круг|фигура|черный|шар
⚪|белый|геометрия|круг|фигура|шар
🟥|геометрия|квадрат|красный|прямоугольник|фигура
🟧|геометрия|квадрат|оранжевый|прямоугольник|фигура
🟨|геометрия|желтая|желтый|карточка|квадрат|предупреждение|фигура
🟩|геометрия|зеленый|квадрат|фигура
🟦|геометрия|голубой|квадрат|синий|фигура
🟪|геометрия|квадрат|прямоугольник|фигура|фиолетовый
🟫|геометрия|квадрат|коричневый|прямоугольник|фигура
⬛|большой|геометрия|квадрат|фигура|черный
⬜|белый|большой|геометрия|квадрат|фигура
◼️|геометрия|квадрат|средний|фигура|черный
◻️|белый|геометрия|квадрат|фигура
◾|геометрия|квадрат|небольшой|фигура|черный
◽|белый|геометрия|квадрат|небольшой белый квадрат|небольшой квадрат|фигура
▪️|геометрия|квадратик|маленький|фигура|черный
▫️|белый|геометрия|квадратик|маленький|фигура
🔶|большой|геометрия|оранжевый|ромб|фигура
🔷|большой|геометрия|голубой|ромб|синий|фигура
🔸|геометрия|маленький|оранжевый|ромб|фигура
🔹|геометрия|голубой|небольшой голубой ромб|небольшой ромб|ромб|фигура
🔺|вверх|вершиной|геометрия|красный|пирамида|треугольник|фигура
🔻|вершиной|вниз|геометрия|красный|пирамида|треугольник|фигура
💠|алмаз|бриллиант|геометрия|драгоценный|камень|ромб|с|точкой|украшение|фигура|цветок
🔘|кнопка|круглая|серая
🔳|белая|белой|квадрат|кнопка|рамкой|с
🔲|квадрат|кнопка|рамкой|с|черная|черной
🏁|в|гонка|гонки|клетку|клетчатый|финиш|флаг|черно-белый
🚩|красный|треугольный|флаг|флажок
🎌|два|скрещенные|флага|флаги|япония|японских
🏴|реет|флаг|черный
🏳️|белый|капитуляция|плен|реет|сдавайся|сдаваться|сдаюсь|флаг
🏳️‍🌈|гей|гомосексульный|лгбт|радуга|радужный|трансгендер|флаг
🏳️‍⚧️|белый|розовый|светло-голубой|трансгендер|флаг трансгендерного сообщества
🏴‍☠️|веселый роджер|кости|пиратский флаг|пираты|флаг|череп
🇦🇩|андорра
🇦🇪|оаэ
🇦🇫|афганистан
🇦🇬|антигуа и барбуда
🇦🇮|ангилья
🇦🇱|албания
🇦🇲|армения
🇦🇴|ангола
🇦🇶|антарктида
🇦🇷|аргентина
🇦🇸|американское самоа
🇦🇹|австрия
🇦🇺|австралия
🇦🇼|аруба
🇦🇽|аландские о-ва
🇦🇿|азербайджан
🇧🇦|босния и герцеговина
🇧🇧|барбадос
🇧🇩|бангладеш
🇧🇪|бельгия
🇧🇫|буркина-фасо
🇧🇬|болгария
🇧🇭|бахрейн
🇧🇮|бурунди
🇧🇯|бенин
🇧🇱|сен-бартелеми
🇧🇲|бермудские о-ва
🇧🇳|бруней
🇧🇴|боливия
🇧🇶|бонэйр, синт-эстатиус и саба
🇧🇷|бразилия
🇧🇸|багамы
🇧🇹|бутан
🇧🇼|ботсвана
🇧🇾|беларусь
🇧🇿|белиз
🇨🇦|канада
🇨🇨|кокосовые о-ва
🇨🇩|конго - киншаса
🇨🇫|центрально-африканская республика
🇨🇬|конго - браззавиль
🇨🇭|швейцария
🇨🇮|кот-д’ивуар
🇨🇰|о-ва кука
🇨🇱|чили
🇨🇲|камерун
🇨🇳|китай
🇨🇴|колумбия
🇨🇶|сарк
🇨🇷|коста-рика
🇨🇺|куба
🇨🇻|кабо-верде
🇨🇼|кюрасао
🇨🇽|о-в рождества
🇨🇾|кипр
🇨🇿|чехия
🇩🇪|германия
🇩🇯|джибути
🇩🇰|дания
🇩🇲|доминика
🇩🇴|доминиканская республика
🇩🇿|алжир
🇪🇨|эквадор
🇪🇪|эстония
🇪🇬|египет
🇪🇭|западная сахара
🇪🇷|эритрея
🇪🇸|испания
🇪🇹|эфиопия
🇪🇺|европейский союз
🇫🇮|финляндия
🇫🇯|фиджи
🇫🇰|фолклендские о-ва
🇫🇲|федеративные штаты микронезии
🇫🇴|фарерские о-ва
🇫🇷|франция
🇬🇦|габон
🇬🇧|великобритания
🇬🇩|гренада
🇬🇪|грузия
🇬🇫|французская гвиана
🇬🇬|гернси
🇬🇭|гана
🇬🇮|гибралтар
🇬🇱|гренландия
🇬🇲|гамбия
🇬🇳|гвинея
🇬🇵|гваделупа
🇬🇶|экваториальная гвинея
🇬🇷|греция
🇬🇸|южная георгия и южные сандвичевы о-ва
🇬🇹|гватемала
🇬🇺|гуам
🇬🇼|гвинея-бисау
🇬🇾|гайана
🇭🇰|гонконг (сар)
🇭🇳|гондурас
🇭🇷|хорватия
🇭🇹|гаити
🇭🇺|венгрия
🇮🇨|канарские о-ва
🇮🇩|индонезия
🇮🇪|ирландия
🇮🇱|израиль
🇮🇲|о-в мэн
🇮🇳|индия
🇮🇴|британская территория в индийском океане
🇮🇶|ирак
🇮🇷|иран
🇮🇸|исландия
🇮🇹|италия
🇯🇪|джерси
🇯🇲|ямайка
🇯🇴|иордания
🇯🇵|япония
🇰🇪|кения
🇰🇬|киргизия
🇰🇭|камбоджа
🇰🇮|кирибати
🇰🇲|коморы
🇰🇳|сент-китс и невис
🇰🇵|кндр
🇰🇷|республика корея
🇰🇼|кувейт
🇰🇾|о-ва кайман
🇰🇿|казахстан
🇱🇦|лаос
🇱🇧|ливан
🇱🇨|сент-люсия
🇱🇮|лихтенштейн
🇱🇰|шри-ланка
🇱🇷|либерия
🇱🇸|лесото
🇱🇹|литва
🇱🇺|люксембург
🇱🇻|латвия
🇱🇾|ливия
🇲🇦|марокко
🇲🇨|монако
🇲🇩|молдова
🇲🇪|черногория
🇲🇬|мадагаскар
🇲🇭|маршалловы о-ва
🇲🇰|северная македония
🇲🇱|мали
🇲🇲|мьянма (бирма)
🇲🇳|монголия
🇲🇴|макао (сар)
🇲🇵|северные марианские о-ва
🇲🇶|мартиника
🇲🇷|мавритания
🇲🇸|монтсеррат
🇲🇹|мальта
🇲🇺|маврикий
🇲🇻|мальдивы
🇲🇼|малави
🇲🇽|мексика
🇲🇾|малайзия
🇲🇿|мозамбик
🇳🇦|намибия
🇳🇨|новая каледония
🇳🇪|нигер
🇳🇫|о-в норфолк
🇳🇬|нигерия
🇳🇮|никарагуа
🇳🇱|нидерланды
🇳🇴|норвегия
🇳🇵|непал
🇳🇷|науру
🇳🇺|ниуэ
🇳🇿|новая зеландия
🇴🇲|оман
🇵🇦|панама
🇵🇪|перу
🇵🇫|французская полинезия
🇵🇬|папуа — новая гвинея
🇵🇭|филиппины
🇵🇰|пакистан
🇵🇱|польша
🇵🇲|сен-пьер и микелон
🇵🇳|о-ва питкэрн
🇵🇷|пуэрто-рико
🇵🇸|палестинские территории
🇵🇹|португалия
🇵🇼|палау
🇵🇾|парагвай
🇶🇦|катар
🇷🇪|реюньон
🇷🇴|румыния
🇷🇸|сербия
🇷🇺|россия
🇷🇼|руанда
🇸🇦|саудовская аравия
🇸🇧|соломоновы о-ва
🇸🇨|сейшельские о-ва
🇸🇩|судан
🇸🇪|швеция
🇸🇬|сингапур
🇸🇭|о-в св. елены
🇸🇮|словения
🇸🇰|словакия
🇸🇱|сьерра-леоне
🇸🇲|сан-марино
🇸🇳|сенегал
🇸🇴|сомали
🇸🇷|суринам
🇸🇸|южный судан
🇸🇹|сан-томе и принсипи
🇸🇻|сальвадор
🇸🇽|синт-мартен
🇸🇾|сирия
🇸🇿|эсватини
🇹🇨|тёркс и кайкос
🇹🇩|чад
🇹🇫|французские южные территории
🇹🇬|того
🇹🇭|таиланд
🇹🇯|таджикистан
🇹🇰|токелау
🇹🇱|восточный тимор
🇹🇲|туркменистан
🇹🇳|тунис
🇹🇴|тонга
🇹🇷|турция
🇹🇹|тринидад и тобаго
🇹🇻|тувалу
🇹🇼|тайвань
🇹🇿|танзания
🇺🇦|украина
🇺🇬|уганда
🇺🇸|соединенные штаты
🇺🇾|уругвай
🇺🇿|узбекистан
🇻🇦|ватикан
🇻🇨|сент-винсент и гренадины
🇻🇪|венесуэла
🇻🇬|виргинские о-ва (великобритания)
🇻🇮|виргинские о-ва (сша)
🇻🇳|вьетнам
🇻🇺|вануату
🇼🇫|уоллис и футуна
🇼🇸|самоа
🇽🇰|косово
🇾🇪|йемен
🇾🇹|майотта
🇿🇦|южно-африканская республика
🇿🇲|замбия
🇿🇼|зимбабве
🏴󠁧󠁢󠁥󠁮󠁧󠁿|англия
🏴󠁧󠁢󠁳󠁣󠁴󠁿|шотландия
🏴󠁧󠁢󠁷󠁬󠁳󠁿|уэльс