⁉️|!?|?|інтеробенг|не зрозуміло|оклик|питання|пунктуація|розділовий знак
ℹ️|i|джерело інформації|довідка|довідкове бюро|інформація
↔️|стрілка вліво-вправо|стрілка праворуч і ліворуч|стрілки
↕️|стрілка вгору та вниз|стрілка вгору-вниз
↖️|напрям|північно-західний|проміжний|стрілка вгору вліво|стрілка вгору та ліворуч
↗️|на північний схід|напрям|північно-східний|стрілка вгору вправо|четвертинний румб
↘️|напрям|південно-східний|проміжний|стрілка вниз і праворуч|стрілка вниз управо
↙️|діагональна стрілка донизу|напрям|південно-західний|проміжний|стрілка вниз і ліворуч|стрілка вниз уліво
⌨️|клавіатура|комп’ютер
☀️|космос|погода|промені|сонце|сонячний|яскравий
☁️|погода|хмара
☂️|дощ|одяг|парасолька|погода
☃️|зима|погода|сніговик|холодний
☄️|астероїд|комета|космос
☑️|✓|бюлетень|відмічена клітинка|галочка|клітина|клітинка з галочкою|позначка|поставити прапорець|прапорець
☔|дощ|крапля|одяг|парасолька з краплями дощу|погода
☕|гарячий|кава|кафе|кофеїн|напій|паруючий|пити|сніданок|чай
☘️|ірландський|конюшина|листя|рослина|трилисник
☠️|кістки|монстр|обличчя|перехрещені|пірати|скелет|смерть|тіло|череп
☢️|знак|опромінення|радіаційна небезпека|радіоактивний|радіоактивні матеріали|радіоактивність
☣️|біологічна загроза|біологічна небезпека|знак
☦️|правовірний|православний|релігія|хрест|християнин|християнство
☸️|буддист|дхарма|колесо дхарми|релігія
☹️|злий|незадоволений|обличчя|похмуре обличчя|розчарований|сумний
♈|баран|гороскоп|знак зодіаку|зодіак|овен
♉|бик|віл|гороскоп|знак зодіаку телець|зодіак|телець
♐|гороскоп|зодіак|стрілець
♑|гороскоп|знак зодіаку|зодіак|коза|козеріг|козоріг
♒|вода|водолій|гороскоп|знак зодіаку водолій|зодіак|носій
♓|гороскоп|знак зодіаку|зодіак|риба|риби
♠️|азарт|гра|карта|карти|масть|піка|пікова дама
♣️|гра|карта|масть|трефа|трефи
♥️|гра|карта|масть|чирва|чирви
♦️|бубна|бубни|гра|карта|масть
♨️|гарячий|гарячі джерела|джерело|паруючі
⚒️|інструмент|кирка|молоток і кирка
⚓|знаряддя|корабель|якір
⚔️|зброя|мечі|перехрещений|схрещені мечі
⚖️|вага|ваги|знаряддя|зодіак|правосуддя|рівновага|справедливість|терези
⚗️|дистилятор|знаряддя|перегінний куб|хімічна реакція|хімія
⚙️|інструмент|налаштування|параметри|шестірня
✂️|вирізати|інструмент|ножиці|папір
✅|✓|виконано|галочка|готово|значок|кнопка з галочкою|опція|позначка|прапорець
✈️|літак|транспорт
✉️|електронний|емейл|конверт|лист|пошта
✒️|кінчик чорнильного пера|перо старомодної чорнильної ручки|ручка|чорнила
✔️|✓|відмітка|галочка|готово|позначка
✖️|×|знак|кратність|множення|помножити|скасувати|х
✡️|давид|єврейський|зірка давида|іудаїзм|релігія
✨|блискітки|зірка|іскра|іскри|яскравий
✳️|*|астериск|восьмикутна зірка|восьмикутний астериск|зірочка|знак
✴️|*|вісім виступів|восьмикінечна зірка|восьмикінцева зірка|зірка
❄️|погода|сніг|сніжинка|холодний
❇️|*|блискітка
❓|?|знак питання|питання|пунктуація|розділовий знак|червоний знак питання
❔|?|білий знак питання|знак питання|контурний|питання|пунктуація|розділовий знак
❕|!|білий знак оклику|знак оклику|контурний|оклик|пунктуація|розділовий знак
❗|!|знак оклику|оклик|пунктуація|розділовий знак|червоний знак оклику
❣️|жирний|знак|оклику|пунктуація|розділовий|серце|серця|стилізований|форма
❤️|емоція|кохання|любов|серце|червоне
➕|+|знак|математика|математичний|плюс
➖|-|−|знак|математика|математичний|мінус
➗|÷|ділення|знак|математика|математичний
⤴️|стрілка вгору|стрілка вправо з вигином угору|стрілка праворуч із поворотом угору
⤵️|вниз|стрілка вправо з вигином униз|стрілка праворуч із поворотом униз
〰️|пунктуація|тире|хвилясте тире|хвилястий
㊗️|вітання|ідеограма|ієрогліф|китайський|кнопка "вітання" японською|привітання|японський
㊙️|ідеограма|ієрогліф|китайський|кнопка "секрет" японською|секрет|японія
😀|вищир|обличчя|посмішка|радість|сміх|усміхнений|усмішка|широкий
😃|великий|вищир|відкритий|обличчя|очища|очі|посмішка|радість|рот|сміх|усміхнений|усмішка|широкий
😄|великий|вищир|відкритий|обличчя|очища|очі|посмішка|примружений|радість|рот|сміх|усміхнений|усмішка|широкий
😁|зуби|обличчя|осяйно|очі|посмішка|радісний|світиться|усмішка|широко|шкіриться|щасливий
😆|великий|відкритий|задоволений|обличчя|очі|посмішка|примружений|радість|реготати|рот|сміх|смішно|усміхнений|усмішка|хаха|широкий|щасливий
😅|відкритий|задоволений|обличчя|піт|посмішка|радість|реготати|рот|сміх|смішно|усміхнений|усмішка|хаха|холодний|широкий|щасливий
🤣|веселий|до сліз|качається від сміху|кумедний|обличчя|регіт|сміх|смішний|сміятися|умирати зі сміху|хаха
😂|веселий|до сліз|кумедний|лол|обличчя|радість|регіт|розсмішити|сльози|сміх|хаха
🙂|всміхнений|задоволений|обличчя|посмішка|сміх|усміхнений|усмішка
🙃|догори дном|догори дриґом|догори ногами|обличчя|хаха|хехе
🫠|зникати|лол|ніяково|обличчя|плавитися|розчинятися|сарказм|спека|танути|текти|хаха
😉|дражнити|жарт|залицятися|обличчя|підморгувати|флірт
😊|задоволення|ніяково|обличчя|очі|посмішка|рум’янець|соромливий|усмішка
😇|ангел|безневинність|казка|німб|обличчя|посмішка|усмішка|фантазія|янгол
🥰|закоханість|кохання|любов|ніжність|обличчя|сердечка|серця|симпатія|усмішка|я кохаю тебе
😍|з задоволенням|з радістю|закоханий|зворушений|кохання|любов|обличчя|очі|посмішка|серце|хочу
🤩|веселий|виграш|зірка|обличчя|очі|посмішка|радість|усмішка|щастя
😘|обличчя|повітряний|поцілунок|серце|цілунок|цілую|цьом
😗|кохання|обличчя|побачення|поцілунок|флірт|цілувати|цілує|цьом
☺️|задоволений|обличчя|посмішка|спокійний|усмішка
😚|закриті|заплющені|обличчя|око|очі|побачення|поцілунок|флірт|цілує
😙|143|заплющений|знайомства|кохання|ніч|обличчя|око|очі|побачення|поцілунки|поцілунок|усміхатися|усмішка|флірт|цілуватися
🥲|вдячність|гордість|зворушення|плач|полегшення|посмішка|розчулений|сльоза|смайл|усмішка
😋|голод|їжа|ммм|обличчя|посмішка|смак|смачно|страва|усмішка
😛|висолопити|висунутий|добре|обличчя|показати|радість|язик
😜|жарт|лол|обличчя|очі|підморгувати|підморгую|показати|посмішка|усмішка|хаха|язик
🤪|божевільне обличчя|божевільний|великий|малий|око|скажений
😝|висунутий|гидота|жахливий|заплющені|обличчя|очі|смак|сміх|тьфу|фу|язик
🤑|вдавися|виграш|гроші|лотерея|обличчя|очі|рот
🤗|обійматися|обійми|обійняв|обличчя|обняти|радісний|радість|руки|щастя
🤭|мовчу|обличчя|ой|секрет|смішно|сюрприз|тайна|тихо|упс|хихикання
🫢|диво|здивування|мовчанка|мовчати|не вірю|не може бути|нівроку|о боже|обличчя|ого|переляк|сюрприз|тиша|шок
🫣|виглядати|витріщається|конфуз|наляканий|ніяково|обличчя|одне око|підглядає|соромʼязливий|соромитися|умирає з цікавості|ховатися
🤫|замовкніть|мовчіть|не гомоніть|обличчя|пошепки|тихіше|тихо|тиша|тссс|шепіт
🤔|дай подумаю|думати|задума|не знаю|обличчя|підборіддя|роздуми|треба подумати|у роздумах|хм
🫡|буде зроблено|згода|козиряти|обличчя|ок|повага|респект|салют|слухаюсь|так точно|удачі|честь|шанування
🤐|блискавка|застібка|мовчати|мовчу|не казати|не скажу|обличчя|рот на замок|як риба
🤨|брови|гм|конфуз|не вірю|не розумію|недовіра|обличчя|отакої|скептичний|справді|що
😐|без емоцій|все одно|заздрість|не згоден|не скажу|невражений|незадоволення|незворушний|нейтральний|нехай|ні|обличчя
😑|без емоцій|все одно|заздрісний|невиразний|невражений|нехай|ну й добре|обличчя
😶|без рота|беззвучно|мовчи|немає слів|обличчя|рот|секрет|тихо
🫥|байдуже|все одно|депресія|зникнути|інтроверт|невидимка|обличчя|пригнічений|схований|сховатися|так собі|ховатися
😶‍🌫️|голова|дим|неуважний|обличчя|смог|туман|хмари
😏|бос|люблю|не дуже|обличчя|посмішка|самовдоволення|себе|сумніваюсь|так собі|усмішка|ух-ти|ухти|цікаво
😒|все одно|заздрість|невдоволене|незадоволений|нещасливий|нудно|обличчя|розчарований|фу
🙄|байдуже|закочувати|о боже|обличчя|отакої|оце так|очі
😬|гримаса|дантист|дивно|зуби|капець|кривляння|крінж|посмішка|скривлене|стоматолог|усмішка
😮‍💨|вдих|видих|виснажений|втомлений|обличчя|полегшення|свист|смайл|стогін|туман|шепотіння
🤥|брехло|брехня|брехун|збрехав|неправда|обличчя|обман|піноккіо
🫨|боже|вібрація|землетрус|несподіванка|обличчя|ошелешення|паніка|смайл|сюрприз|тремтіння|шок
🙂‍↔️|відмова|заперечення|нєа|нізащо|хитав|хитала|хитати
🙂‍↕️|кивання головою|ствердження
😌|дзен|задоволення|обличчя|полегшення|спокій
😔|задумливий|замислене обличчя|занепокоєння|засмучений|обличчя|роздуми|розчарований
😪|втомлениий|засмучений|заспане обличчя|обличчя|сон
🤤|голодний|обличчя|пускає слину|слина
😴|втома|добраніч|заснув|ніч|обличчя|сонний|спати|спить|стомлений
🫩|виснаження|замореність|мішки|нудьга|обличчя|очі|пізно|сонливість|утома
😷|вірус|застуда|інфекція|лікар|маска|медицина|обличчя в медичній масці|хворий|холодний
🤒|обличчя з термометром|термометр|хворий
🤕|болить|голова|обличчя|пов’язка|поранений|рана|травма
🤢|блювота|закачує|нудить|нудота|обличчя|погано|укачує|хвора|хворий
🤮|блювання|блювота|мені погано|нудить|нудота|обличчя|отруївся
🤧|апчхи|грип|застуда|нежить|обличчя, що чхає|орз|хвороба|чхання|що чхає
🥵|висолоплений язик|гаряче|гарячий|гарячка|жар|задуха|обличчя|палати|піт|помирає|розпашіле обличчя|сонячний удар|спека|тепловий удар|червоне лице|червонощокий
🥶|бурулька|замерзле обличчя|замерзлий|зуб на зуб|мороз|обмороження|посинілий від холоду|синє лице|синє обличчя|холод|цокотить зубами
🥴|дурман|запаморочення|захмелілий|інтоксикація|кайф|косі очі|одурманений|очі розбігаються|очманіле обличчя|п’яний|язик заплітається
😵|запаморочене обличчя|запаморочений|обличчя
😵‍💫|гіпноз|заносить|запаморочення|нічого собі|ого|ох|очі-спіралі|погано|проблема|смайл|у шоці|шок
🤯|винос мозку|голова, що вибухає|не може бути|неймовірно|шокований|що вибухає
🤠|капелюх|ковбой|обличчя у ковбойському капелюсі|широко усміхнене обличчя у ковбойському капелюсі
🥳|вечірка|вітання|день народження|дудка|збуджений|капелюх|ковпак|обличчя|радість|ріжок|святкове обличчя|святкування|свято|схвильований|трубочка
🥸|вусань|замасковане обличчя|інкогніто|камуфляж|людина|маска|накладний ніс|накладні вуса|ніс|обличчя|окуляри|шпигун
😎|бро|крутий|круто|окуляри|посмішка|сонцезахисні|темні|усмішка|чувак|яскраво
🤓|ботан|гік|дойда|дока|зацікавленість|навчання|обличчя всезнайка|обличчя заучки|унікум
🧐|збільшувальне скло|лупа|монокль|обличчя в моноклі|обличчя з моноклем|пановитий|придивлятися
😕|аякже|гм|не задоволений|не знаю|невдоволений|ні|обличчя|спантеличений|сумний
🫤|байдуже|заплутатися|збентежений|невпевненість|обличчя|розчарований|скептицизм|сумнів|та ну|так собі
😟|занепокоєння|здивований|нерви|обличчя|стрес|стурбований|сумний|тривожність|турбуватися
🙁|нахмурений|обличчя|сумний|трохи похмуре обличчя
😮|вау|відкритий|забув|здивування|не може бути|обличчя|ого|отакої|рот|співчуття|шок
😯|брови|вражений|збентежене|здивоване|нічого собі|обличчя|отакої|приголомшений
😲|абсолютно|вражене|здивоване|здивований|не може бути|ні|обличчя|отакої|подив|шок
😳|вау|зашаріле|здивований|не може бути|незручний|ніяково|обличчя|присоромлений|рум’янець|сором|та годі
🫪|вразливість|здивування|здуття|паніка|тривога|шок
🥺|благання|будь ласка|великі|випрошувати|жалібне|жалісливе|молити|обличчя|очі|просити|прохання|сумно|щенячі очі
🥹|будь ласка|вдячність|гордість|мило|обличчя|пишаюся|плач|радості|сльози|сум|схвильований|щастя
😦|вау|відкритий|здивований|зненацька|наляканий|нахмурений|нічого собі|обличчя|рот|страх
😧|забув|здивований|не може бути|незадоволений|обличчя|переляк|спантеличений|страждання|стрес
😨|боюся|боязкий|наляканий|обличчя|переляк|страх
😰|відкритий|знервований|нерви|обличчя|піт|розчарований|рот|синій|спітніти|холодний|холодно
😥|cумне|все складно|втішене|заспокоєне|обличчя|плакати|полегшення|розчароване|розчарування|сльози|фух
😢|нещасний|обличчя|плаче|сльоза|сумний|сумую
😭|гірке|гучно|котяться|нещасний|обличчя|плач|потік|ридання|сльози|сумний
😱|вражений|епічний|зойк|крикун|наляканий|обличчя|переляк|страх|шокований|що кричить
😖|гнів|збентежений|злий|крінж|обличчя|розлючений|розчарований|сердитий|сумний
😣|завзяте|зосередження|концентрація|невдоволений|невідступне|обличчя|розчарований|увага|упертість
😞|винуватий|засмучений|невдача|нещасний|обличчя|провина|програш|розчарований|сумний
😓|болить|голова|знервований|краплі|наляканий|нерви|обличчя|піт|понурений|розчарований|сум|холодний
😩|втомлене|замучене|зморений|нещасний|ні|обличчя|позіхати|розчарований|розчарування|спати|стомлений|сумний
😫|обличчя|розчарована|розчарований|розчарування|стомлене обличчя|стомлений
🥱|добраніч|заспаний|знуджений|ніч|обличчя, що позіхає|позіхає|позіхайло|позіхати|сон|стомлений|хоче спати|що позіхає
😤|гнів|злість|лють|обличчя|пара з носа|розгніваний|роздратований|розлючений|сердитий|тріумф|шалений
😡|гнів|дується|злий|насуплений|невдоволений|нещасний|обличчя|сердитий|червоний
😠|злий|обличчя|сердите обличчя|сердитий
🤬|гнів|лайка|лаятися|матюк|не скажу|обличчя|сердитий|суворий|цензура
😈|демон|диявольська посмішка|з рогами|зла посмішка|казка|монстр|обличчя|посмішка|ріжки|фантазія|фіолетовий
👿|демон|диявол|дідько|з рогами|обличчя|фантазія|чортеня
💀|казка|монстр|обличчя|смерть|тіло|череп
💩|екскременти|жарт|кака|лайно|пупу|усміхнена купа лайна
🤡|клоун|обличчя клоуна|цирк
👹|велетень-людожер|казка|людожер|монстр|обличчя|створіння|фантазія|японський
👺|гоблін|казка|монстр|обличчя|створіння|фантазія|японський
👻|казка|каспер|монстр|обличчя|привид|створіння|фантазія
👽|казка|нло|обличчя|позаземний|прибулець|створіння|чужий
👾|іншопланетний монстр|космос|монстр|нло|обличчя|позаземний|прибулець-монстр|створіння|фантазія
🤖|голова|монстр|обличчя|робот
😺|весело|відкритий|кіт|кішка|морда|паща|посмішка|сміється|усміхнений|усмішка|широко
😸|вишкір|кіт|морда|око|усміхнений кіт|усмішка|широко всміхнений кіт з усміхом в очах
😹|кіт зі сльозами радості|кіт сміється|морда|радість|сльози|смішно
😻|кіт|кохання|морда|око|посмішка|серце|усміхнений кіт з очима як серця|усмішка|щасливий|щастя
😼|глузлива|іронічний|кіт із кривою посмішкою|котяча|морда|посмішка|скривлена|сумніви
😽|заплющений|кіт|морда|око|очі|поцілунок|тварина|що цілує
🙀|здивування|зненацька|кіт|котяча|морда|не може бути|ой|сюрприз|шокований кіт
😿|зарюмана|кіт, що плаче|котяча|морда|плач|сльоза|сумна|сумний|що плаче
😾|кіт|котяча|морда|насуплений|сердита|сердитий кіт
🙈|бачити|заборонено|зло|мавпа, що не бачить|не бачу зла|обличчя|що не бачить зла
🙉|заборонено|зло|мавпа, що не чує|не чую зла|обличчя|чути|що не чує зла
🙊|говорити|заборонено|зло|мавпа|мовчу|не говорю лихого|не скажу|обличчя|ой|секрет|що не висловлює зла|що не говорить
💌|закоханість|закохансіть|кохання|лист|любовний лист|пошта|серце
💘|закоханість|купідон|пробите стрілою|серце зі стрілою|серце, пробите стрілою|стріла
💝|валентин|кохання|серце зі стрічкою|стрічка
💖|блискітки|блискуче|захоплення|кохаю|люблю|рожеве|серце|сяйво|щастя|ятк|ятл
💗|емоція|захоплення|збільшується|зростає|нервувати|серцебиття|я тебе кохаю|я тебе люблю|ятк|ятл
💓|биття|емоція|кардіо|кохання|кохаю|люблю|пульсувати|пульсуюче|серцебиття|ятк|ятл
💞|емоція|кохання|любов|обертатися|річниця|серце
💕|кохання|кохаю|люблю|любов|пара|поцілунок|серця|ятк|ятл
💟|143|білий|кохання|прикраса із серцем|серце|стилізоване|фіолетовий
💔|емоція|розбивати|розбите|розлука|самотній|сум
❤️‍🔥|жага|любов|опік|палке серце|священне серце|серце
❤️‍🩹|вже краще|здоровий|здоровіший|лікування|одужання|покращення|поправка|серце
🩷|добрий|емоція|люблю|любов|милий|особливий|подобається|рожеве серце|рожевий|серце|солодкий|чарівний
🧡|кохання|оранжеве серце|помаранчевий|серце
💛|жовте серце|жовтий|кохання|серце
💚|зелене серце|зелений|кохання|серце
💙|серце|синє серце|синій|холодне серце
🩵|блакитне серце|блакитний|емоція|люблю|любов|милий|особливий|подобатися|світло-синій|серце|синій|ціановий
💜|бузковий|пурпурний|пурпурове серце|пурпуровий|серце|фіолетове серце|фіолетовий|шарлатовий
🤎|коричневе|серце
🖤|заздрість|зло|серце|чорне
🩶|графітовий|емоція|люблю|любов|особливий|серце|сіре серце|сірий|срібний
🤍|біле|серце
💋|відбиток|вуста|губи|закоханість|поцілунок|серце
💯|100|максимум|очки|очок|рахунок|результат|точно|число
💢|гнів|злий|комікси|розлючений
🫯|бій|боротьба|галас|дебати|незгода|сварка|суперечка
💥|бах|бум|вибух|іскра|комікси|спалах
💫|запаморочення|зірка|комікси|символ запаморочення|фортуна|щаслива зірка
💦|бризки|вода|комікси|краплі поту|піт
💨|біг|комікси|мчати|порив вітру|стрімкість|швидко
🕳️|діра|лунка
💬|діалог|комікси|розмова|текстова булька|хмаринка з текстом
👁️‍🗨️|значок свідка|око в текстовій бульці|проти переслідування|свідок|що символізує кампанію проти залякування
🗨️|діалог|розмова|хмаринка з текстом зліва
🗯️|злий|розлючений|хмаринка
💭|булька роздумів|думка|комікси|хмаринка
💤|добраніч|комікси|ніч|сон|спати|спить|сплю|стомлений|хрр
👋|бувай|вітання|вітаю|дай пʼять|до зустрічі|долоня|махати|помах|привіт|рука махає|тіло
🤚|долоня|піднята рука тильною стороною|рука|тильна
🖐️|долоня|палець|пальці|піднята рука з розведеними пальцями|розчепірений|рука|тіло
✋|дай пʼять|долоня|піднята рука|рука|стояти|тіло
🖖|вулканське вітання|жест|зоряний шлях|палець|пальці|рука|спок|тіло
🫱|вправо|долоня|потискати|права рука|праворуч|простягнути|рука|рукостискання|тримати
🫲|вліво|долоня|ліва рука|ліворуч|потискати|простягнути|рука|рукостискання|тримати
🫳|взяти|випустити з руки|відпускаю|зронити|киш!|підняти|рука долонею вниз
🫴|впіймати|ловити|підійди|підкликати|піднімати|підходити|пропозиція|розкажи|скажи|тримати
🫷|відмовити|дай|заблокувати|зупинити|ліворуч|ляснути|пʼять|припини|стоп|штовхати
🫸|відмовити|дай|заблокувати|зупинити|ляснути|пʼять|праворуч|припини|стоп|штовхати
👌|гаразд|добре|жест|зрозуміло|круто|о’кей|рука|так|тіло|чудово
🤌|долоня|жест|запитання|лотос|мудра|просвітлення|розслаблення|рука|сарказм|спокій|терпіння
🤏|дещиця|жест «мало»|мало|небагато|невелика кількість|пальці|рука|трохи|щіпка
✌️|v|жест перемоги|перемога|рука|тіло
🤞|пальці|рука|схрещені|удача
🫰|<3|вартість|гроші|дорого|клацання пальцями|коштує|любов|плати|рука|серце
🤟|жест «кохаю тебе»|піднята рука|рука|три пальці|фанат
🤘|жест «роги»|коза|палець|роги|рок-н-рол|рука|символ рогів рукою
🤙|жест «подзвони мені»|жест рукою «подзвони мені»|зателефонуй мені|зізвонемося|подзвони мені|рука|телефон
👈|вліво|палець|показувати|рука|тильний бік|що вказує
👉|вказівний|палець тильним боком, що вказує вправо|показувати|рука|указувати|управо|що вказує вправо
👆|вказівний|палець тильним боком, що вказує вгору|показувати|рука|угору|указувати|що вказує вгору
🖕|палець|рука|середній палець
👇|вказівний|дивись нижче|палець тильним боком, що вказує вниз|рука|тильний|указувати|униз|що вказує вниз
☝️|вгору|вказівний|зауважте|палець|рука|увага|угору|указувати|хвилинку|цей
🫵|ви|вказівний палець, що вказує на глядача|палець|показувати|рука|тикати|указувати|що вказує на глядача
👍|+1|великі пальці вгору|гаразд|добре|домовилися|класно|круто|палець угору|подобається|рука|супер|схвалення|так|тіло|файно|чудово
👎|-1|великі пальці вниз|не подобається|палець униз|рука|тіло
✊|кулак|піднятий кулак|рука|стиснутий|тіло
👊|абсолютно|бро|бум|згода|кулак|правильно|рок|рука|стиснутий|удар
🤛|кулак|панч|рука|уліво
🤜|кулак|рука|удар праворуч|управо
👏|аплодисменти|біс|браво|відмінно|вітання|оплески|плескати|рука|ура|чудово
🙌|жест|піднята|підняті для святкування|підняті руки|рука|руки, підняті для святкування|святкування|ура
🫶|<3|жест «серце»|кохання|люблю тебе|любов|руки|серце
👐|відкритий|відкриті долоні|відкриті руки|долоні|рука|тіло
🤲|бажання|долоні, підняті разом|молитва|молитися|підняті разом
🤝|домовилися|згода|по руках|потискання|руки|рукостискання
🙏|благання|будь ласка|дякую|молитва|просити|прошу|рука|уклін
✍️|писати|рука, що пише|тіло|що пише
💅|догляд|косметика|лак для нігтів|манікюр|ніготь|нігті|робота|рука|тіло
🤳|автопортрет|камера|селфі|телефон|фото
💪|бодибілдер|важкоатлет|зігнутий|крутий|м’яз|мускулистий|рука|силач|спорт|тренування
🦾|доступність|механічна рука|протез|спеціальні можливості
🦿|доступність|механічна нога|протез|спеціальні можливості
🦵|зігнута нога|кінцівка|коліно|копняк|нога|стегно|стопа|удар ногою
🦶|гомілка|ніжка|нога|стопа|стопи|ступня|удар
👂|вухо|слухати|слухаю|тіло
🦻|вади слуху|вухо зі слуховим апаратом|доступність|слуховий апарат|спеціальні можливості
👃|ніс|тіло
🧠|інтелектуал|мізки|мозок|розумна|розумний
🫀|анатомічний|внутрішній орган|кардіологія|кров|орган|пульс|серцебиття|центр|червоний
🫁|вдих|видих|внутрішній орган|дихання|легені|легеня|орган|подих
🦷|білий|дантист|зуби|стоматолог
🦴|кальцій|кістка|кісточка|кості|скелет|собака|собачі ласощі
👀|обличчя|око|очі|тіло
👁️|око|тіло
👅|тіло|язик
👄|губи|помада|поцілунок|рот|тіло|чутлива
🫦|нерви|ніяковість|помада|поцілунок|сексуально|страх|стурбованість|тривога|укус|флірт|хвилюватись
👶|дитина|малеча|немовля
🧒|весело|гендерно-нейтральний|дитина|людина|малеча|неозначеної статі|сміх
👦|людина|малеча|хлопець|хлопчик
👧|діва|дівчина|дівчинка|зодіак|хвостики|шкільниця
🧑|гендерно-нейтральний|дорослий|людина|неозначеної статі|хлопець|хлопчик
👱|біляве|блондин|волосся|людина з білявим волоссям|людина зі світлим волоссям|обличчя|світле волосся|світлий
👨|блондин|дорослий|людина|чоловік
🧔|бородань|бородатий|людина з бородою
🧔‍♂️|бородатий|чоловік із бородою
👱‍♂️|білявий|блондин|волосся|чоловік із білявим волоссям
👩|білявка|доросла|жінка|людина
🧔‍♀️|бородатий|жінка з бородою
👱‍♀️|білява|білявка|блондинка|жінка з білявим волоссям
🧓|гендерно-нейтральний|дідусь|дорослий|літня людина|людина|неозначеної статі|старий|старша людина|чоловік
👴|дорослий|лисий|літній чоловік|пристарілий|старий|чоловік
👵|бабуся|в літах|доросла|жінка|літня жінка|людина|стара
🙍|жест|засмучений|насуплені брови|нахмурений|невдоволений|невеселий|похмура людина|роздратування|смуток
🙍‍♂️|засмучений|насуплений чоловік|похмурий чоловік|розчарування|чоловік
🙍‍♀️|жінка|засмучена|похмура жінка|розчарування
🙎|гримаса|жест|засмучений|злий|насуплений|невеселий|похмурий|розчарований|стурбований|сумно
🙎‍♂️|злість|сердитий чоловік|сердиться|чоловік, що дується|що дується
🙎‍♀️|жінка, що дується|злість|сердиться|що дується
🙅|жест|заборонено|людина, що жестом показує «ні»|немає шансів|ніколи|рука|що жестом показує «ні»
🙅‍♂️|заборона|ні|проти|чоловік, що жестом показує «ні»|що жестом показує «ні»
🙅‍♀️|жінка, що жестом показує «ні»|заборона|проти|що жестом показує «ні»
🙆|вправа|жест|людина показує окей|людина, що жестом показує «окей»|окей|рука|ховатися|що жестом показує «окей»
🙆‍♂️|добре|домовились|згода|ок|чоловік погоджується|чоловік, що жестом показує «окей»|що жестом показує «окей»
🙆‍♀️|добре|жінка, що жестом показує «окей»|згода|ок|що жестом показує «окей»
💁|байдуже|довідка|допомога|інформація|сарказм|серйозно|чайові
💁‍♂️|відповідати|можливо|не знаю|нестриманість|секрет|тягнути руку|чоловік тягне руку|чоловік, що простягає руку допомоги|що простягає руку допомоги
💁‍♀️|відповідати|жінка тягне руку|жінка, що простягає руку допомоги|нестриманість|тягнути руку|що простягає руку допомоги
🙋|виберіть|вітання|жест|запитання|мене|можу|оберіть|тут|щасливий
🙋‍♂️|піднята рука|рука|чоловік із піднятою рукою
🙋‍♀️|жінка з піднятою рукою|піднята рука|рука
🧏|вада слуху|глухота|доступність|людина з порушенням слуху|слух|спеціальні можливості|чути
🧏‍♂️|глухий|глухота|обмежені можливості|слух|чоловік із порушенням слуху
🧏‍♀️|глуха|глухота|жінка з порушенням слуху|обмежені можливості|слух
🙇|благати|вибач|жалкувати|жест|поклон|розкаяння|співчувати|уклін|шкода
🙇‍♂️|вибачення|повага|покора|чоловік, що вклоняється|що вклоняється
🙇‍♀️|вибачення|жінка кланяється|жінка, що вклоняється|повага|покора|що вклоняється
🤦|боже|обличчя|роздратування|розчарування|рукалице|скільки можна|сором|фейспалм
🤦‍♂️|не може бути|о боже|рукалице|скільки можна|сором|фейспалм|чоловік із долонею до обличчя|що підносить долоню до обличчя
🤦‍♀️|не може бути|о боже|розчарування|рукалице|скільки можна|сором|фейспалм
🤷|байдуже|байдужість|знизування|мабуть|не знаю|невідомо|розгубленість|сумнів|хтозна
🤷‍♂️|байдуже|без поняття|все одно|не знаю|розгубленість|хтозна|чоловік
🤷‍♀️|байдуже|без поняття|все одно|жінка|не знаю|розгубленість|хтозна
🧑‍⚕️|лікар|медик|медицина|медсестра|терапевт
👨‍⚕️|лікар|медбрат|медик|медицина|медичний працівник|охорона здоровʼя|робота|терапевт|чоловік
👩‍⚕️|жінка|лікарка|медик|медицина|медична працівниця|медсестра|охорона здоровʼя|робота|терапевт
🧑‍🎓|випускник|слухач|студент
👨‍🎓|абітурієнт|бонет|випускник|студент|чоловік
👩‍🎓|абітурієнтка|бонет|випускниця|жінка|студентка
🧑‍🏫|викладач|інструктор|освітянин|учитель
👨‍🏫|викладач|вчитель|інструктор|професор|робота|учитель|чоловік
👩‍🏫|викладачка|вчителька|жінка|інструктор|професор|робота|учителька
🧑‍⚖️|суддя|терези
👨‍⚖️|закон|правосуддя|робота|суддя-чоловік|терези|чоловік
👩‍⚖️|жінка-суддя|закон|правосуддя|робота|справедливість|суддя|терези правосуддя
🧑‍🌾|землероб|садівник|селянин|скотар
👨‍🌾|господар|садівник|фермер|чоловік
👩‍🌾|господарка|жінка|робота|садівник|садівниця|фермерка
🧑‍🍳|кухар|куховар|шеф
👨‍🍳|кулінар|кухар|робота|чоловік-кухар|шев-повар|шеф-кухар
👩‍🍳|жінка-кухар|кулінарка|кухарка|повариха|робота|шеф-кухарка|шеф-повар
🧑‍🔧|електрик|майстер|механік|сантехнік|фахівець із механіки
👨‍🔧|водопровідник|електрик|електротехнік|механік|робота|сантехнік|фахівець|чоловік
👩‍🔧|жінка-електротехнік|жінка-механік|жінка-сантехнік|жінка-фахівець|майстриня|полагодити|робота
🧑‍🏭|завод|конвеєр|промисловість|робітник|фабричний працівник
👨‍🏭|завод|конвеєр|промисловий|робітник|трудівник|фабрика|чоловік
👩‍🏭|жінка|завод|зварка|конвеєр|монтаж|промисловий|робітник|робітниця|трудівниця|фабрика
🧑‍💼|архітектор|бізнес|білий комірець|менеджер|офісний працівник
👨‍💼|архітектор|менеджер|офісний працівник|службовець|чоловік
👩‍💼|архітектор|ділова жінка|жінка|менеджер|офісна працівниця|службовка
🧑‍🔬|біолог|інженер|науковець|науковий працівник|фізик|хімік
👨‍🔬|біолог|інженер|наука|науковець|фізик|хімік|чоловік
👩‍🔬|жінка-біолог|жінка-інженер|жінка-науковець|жінка-фізик|жінка-хімік|наука|науковець|робота
🧑‍💻|винахідник|програміст|програмне забезпечення|розробник|технічний працівник|технолог
👨‍💻|винахідник|кодувальник|комп’ютер|програміст|робота|розробник|технік-програміст|технолог|чоловік
👩‍💻|винахідниця|жінка-програміст|жінка-технолог|кодувальниця|офісна працівниця|робота|технік-програміст
🧑‍🎤|актор|артист|вокаліст|зірка|рок|співак
👨‍🎤|артист|виконавець|зірка|людина|пісняр|рок|соліст|співак|чоловік
👩‍🎤|артистка|виконавиця|жінка|зірка|людина|рок|солістка|співачка
🧑‍🎨|митець|палітра|художник
👨‍🎨|живописець|маляр|митець|палітра|пензлики|робота|творець|художник|чоловік-художник
👩‍🎨|жінка-митець|малярка|палітра|пензлики|робота|художниця
🧑‍✈️|авіапілот|літак|пілот
👨‍✈️|авіатор|капітан літака|літак|льотчик|пілот|робота|чоловік
👩‍✈️|жінка-авіатор|жінка-пілот|літак|льотчиця|пілот|робота|стюардеса
🧑‍🚀|космонавт|ракета
👨‍🚀|астронавт|космонавт|космос|ракета|робота|чоловік
👩‍🚀|астронавтка|жінка-космонавт|космонавтка|ракета|робота
🧑‍🚒|вогнеборець|пожежна машина|пожежник
👨‍🚒|вогнеборець|пожежний автомобіль|пожежник|робота|чоловік
👩‍🚒|жінка-вогнеборець|жінка-пожежник|пожежний автомобіль|пожежник|робота
👮|коп|офіцер|поліцейський під прикриттям|поліція|працівник поліції|співробітник|штрафувати
👮‍♂️|поліцейський|поліція|чоловік
👮‍♀️|жінка-поліцейський|коп|офіцер|полісменка|поліцейська|поліцейський|поліція|працівниця поліції|штраф
🕵️|детектив|робота|розслідування|сищик|шпигун
🕵️‍♂️|детектив|сищик|чоловік-детектив|шпигун|шпик
🕵️‍♀️|детектив|докази|жінка-детектив|жінка-сищик|людина|робота|розслідування|шпигунка
💂|варта|караул|охорона|сторожа|чати
💂‍♂️|вартівник|вартовий|страж|чатовий
💂‍♀️|букінгемський|вартівниця|гвардія|жінка|лондон|охорона|охоронець|страж|чатова
🥷|боєць|вбивця|воїн|крадькома|людина|маска|найманець|невидимка|покрадьки|потайки
👷|будівельник|будівництво|будувати|каска|працівник|ремонтувати|робітник|робота|шолом
👷‍♂️|будівельник|будівництво|робітник|чоловік-будівельник
👷‍♀️|будівельник|будівництво|жінка-будівельник|робітник|робітниця|робота
🫅|аристократія|королева|королівська особа|королівський|король|корона|людина з короною на голові|монарх|цариця|царський
🤴|королевич|королівство|корона|принц|робота
👸|казкова|королева|королівна|корона|принцеса|робота|чарівна
👳|людина в тюрбані|тюрбан
👳‍♂️|тюрбан|чоловік у тюрбані
👳‍♀️|жінка в тюрбані|тюрбан
👲|гуа пі мао|кругла|чоловік в кепці|чоловік у китайській шапці|шапочка
🧕|жінка в хустині|мантилья|монахиня|тихля|хіджаб|хустина
🤵|вечеря|людина в смокінгу|наречений|офіціант|прийом|смокінг|чоловік у смокінгу
🤵‍♂️|смокінг|чоловік у смокінгу
🤵‍♀️|жінка в смокінгу|смокінг
👰|весілля|людина з фатою|людина у фаті|наречена|фата
👰‍♂️|вуаль|фата|чоловік з вуаллю|чоловік у фаті
👰‍♀️|вуаль|жінка з вуаллю|жінка у фаті|фата
🤰|вагітна|вагітність|жінка
🫃|вагітна людина|вагітність|живіт|здуття живота|наївся|переїдання|чоловік із «вагітним» животом
🫄|вагітна жінка|вагітна людина|вагітність|великий живіт|здуття живота|переїдання|ситість
🤱|годування|груди|грудне вигодовування|материнство|молоко матері|немовля|новонароджена|новонароджений|турбота
👩‍🍼|батьківство|годування|дитина|догляд|жінка годує дитину|людина|мама|материнство|мати|матуся|немовля
👨‍🍼|батьківство|батько|годування|дитина|догляд|людина|немовля|няньчити|тато|турбота|чоловік годує дитину
🧑‍🍼|батьківство|батько|годування|годувати немовля|дитина|догляд|людина годує дитину|мама|мати|немовля|тато
👼|ангел|казка|немовля|обличчя|фантазія
🎅|дід мороз|казка|новий рік|різдво|санта клаус|святий миколай|святкування
🤶|жінка санта-клауса|зима|новий рік|пані клаус|різдво|свята
🧑‍🎄|клаус|людина|мікс клаус|різдво|різдвяні свята|санта|свято|шапка санти
🦸|героїня|герой|добрий|добро|супергерой|супермен|суперсила|суперсили
🦸‍♂️|герой|добро|суперсила|чоловік-супергерой
🦸‍♀️|герой|добро|жінка-супергерой|супервумен
🦹|злодій|злочинець|лихий|лиходій|поганий|суперзлодій|суперзлочинець|суперлиходій|суперсила
🦹‍♂️|злодій|злочинець|суперлиходій|суперсила|чоловік
🦹‍♀️|жінка|злодій|злочинець|суперлиходійка|суперсила
🧙|відьма|гендольф|магія|старік-хотабич|чаклунка|чарівник|чародій
🧙‍♂️|чаклун|чародій
🧙‍♀️|відьма|чаклунка|чародійка
🧚|казка|крила|метелик|оберон|пак|титанія|фея
🧚‍♂️|оберон|пак|чоловік-фея
🧚‍♀️|жінка-фея|титанія
🧛|вампір|дракула|костюм|нечиста сила|нечисть|опир|погань|упир|хелловін
🧛‍♂️|вампір|дракула|упир|чоловік-вампір
🧛‍♀️|жінка-вампір|упириця
🧜|водяна істота|жінка-русалка|казкова водяна істота|людина-русалка|морські створіння|русалка|сирена|фольклор|чоловік-русалка
🧜‍♂️|тритон|чоловік-русалка
🧜‍♀️|жінка-русалка|русалка
🧝|ельф|казка|леголас|магічний|чаклун
🧝‍♂️|чарівний|чоловік-ельф
🧝‍♀️|жінка-ельф|чарівна
🧞|бажання|джин|казкова лампа|міфічний|примха|чарівна лампа
🧞‍♂️|джин|чоловік-джин
🧞‍♀️|джин|жінка-джин
🧟|жах|живий мрець|зобмі|зомбі|монстр|нечисть|хеллоуін
🧟‍♂️|живий мрець|зомбі|упир|чоловік-зомбі
🧟‍♀️|живий мрець|жінка-зомбі|зомбі|нечисть|упириця
🧌|казка|монстр|тролінг|троль|фентезі
🫈|велетень|волохатий|єті|криптид|ліс|сасквоч|снігова людина
💆|відпочинок|голова|догляд|масаж|обличчя|релакс|салон|турбота
💆‍♂️|масаж|обличчя|розслаблення|чоловік, якому роблять масаж голови|чоловічий салон|якому роблять масаж голови
💆‍♀️|жінка, якій роблять масаж голови|масаж|обличчя|розслаблення|якій роблять масаж голови
💇|волосся|зачіска|косметологія|краса|перукарня|салон|стрижка
💇‍♂️|волосся|салон|стрижка|чоловік, якому роблять стрижку|якому роблять стрижку
💇‍♀️|волосся|жінка, якій роблять стрижку|стрижка|якій роблять стрижку
🚶|гуляти|іти|крок|людина йде|людина, що йде пішки|пішки|пішохід|прогулянка|що йде пішки
🚶‍♂️|гуляти|йти|прогулянка|чоловік, що йде пішки|що йде пішки
🚶‍♀️|гуляти|жінка гуляє|жінка, що йде пішки|йти|прогулянка|що йде пішки
🧍|людина, що стоїть|стояння|стояти|стоячи|стоячки|що стоїть
🧍‍♂️|стоїть|стоячи|стоячки|чоловік, що стоїть|що стоїть
🧍‍♀️|жінка, що стоїть|стоїть|стоячи|стоячки|що стоїть
🧎|коліна|людина навколішках|на колінах|навколішках|опускатися навколішки
🧎‍♂️|коліна|на колінах|навколішках|навколішки|чоловік
🧎‍♀️|жінка|коліна|на колінах|навколішках|навколішки
🧑‍🦯|біла|білий|доступність|незрячі|спеціальні можливості|тростина|ціпок
👨‍🦯|біла|білий|доступність|незрячий|сліпий|спеціальні можливості|тростина|ціпок|чоловік
👩‍🦯|біла|білий|доступність|жінка|незряча|сліпа|спеціальні можливості|тростина|ціпок
🧑‍🦼|колісне крісло|людина на моторизованому візку|спеціальні можливості
👨‍🦼|візок|доступність|колісне крісло|людина|спеціальні можливості|чоловік у візку з електроприводом
👩‍🦼|візок|доступність|жінка у візку з електроприводом|колісне крісло|людина|спеціальні можливості
🧑‍🦽|колісне крісло|людина у візку з ручним керуванням|спеціальні можливості
👨‍🦽|візок|доступність|колісне крісло|спеціальні можливості|чоловік у візку з ручним приводом
👩‍🦽|візок|доступність|жінка у візку з ручним приводом|колісне крісло|людина|спеціальні можливості
🏃|біг|змагання|людина|марафон|навздогін|поспішати|спортсмен|швидкий
🏃‍♂️|біг|втеча|спорт|чоловік, що біжить|що біжить
🏃‍♀️|біг|втеча|жінка, що біжить|змагання|на перегонки|спорт|що біжить
🧑‍🩰|балет|танцівник|танцівниця
💃|жінка|сальса|сукня|танго|танець|танок|фламенко
🕺|співак|танці|чоловік танцює|чоловік, що танцює|шоумен|що танцює
🕴️|бізнес|костюм|чоловік у діловому костюмі, що левітує|чоловік у костюмі|що левітує
👯|близнюки|вечірка|вуха|дівчина|жінка|кролик|люди з кролячими вухами|найкращі друзі|однакові|пара|танцівниці|танцівниця
👯‍♂️|вечірка|заячі вушка|парубки|розваги|чоловіки з кролячими вухами
👯‍♀️|вечірка|жінки з кролячими вухами|заячі вушка|розваги
🧖|людина в лазні|людина в паркому приміщенні|парильня|релакс|сауна|хамам
🧖‍♂️|парильня|сауна|чоловік у лазні|чоловік у паркому приміщенні
🧖‍♀️|жінка в лазні|жінка в паркому приміщенні|парильня|сауна
🧗|альпінізм|альпіністка|лізти вгору|людина, що лізе скелею|скелелаз|що лізе скелею
🧗‍♂️|скелелаз|чоловік-скелелаз
🧗‍♀️|жінка-скелелаз|скелелаз
🤺|змагання|спорт|фехтувальник|фехтувальниця|фехтування|шабля|шпага
🏇|біговий кінь|жокей|кінні перегони|кінь|перегони|спорт
⛷️|лижі|лижник|сніг|спорт
🏂|лижі|сніг|сноубордист|спорт
🏌️|гольфіст|ключка|клюшка|людина|м’яч|поле|спортсмен|удар
🏌️‍♂️|гольфіст|чоловік
🏌️‍♀️|гольфістка|жінка|спорт
🏄|людина|океан|пляж|серфер|серфінг|спортсмен|хвилі
🏄‍♂️|серфінгіст|чоловік
🏄‍♀️|жінка|серфінгістка|спорт
🚣|байдарка|весло|гребля|каное|людина|озеро|рафт|рибалка|річка|транспорт|човен
🚣‍♂️|весловий човен|човен|чоловік, що веслує на човні|що веслує на човні
🚣‍♀️|весловий човен|жінка на веслах|жінка у весловому човні|жінка, що веслує на човні|човен|що веслує на човні
🏊|вода|водний спорт|людина|плавання|плавати|плавець|спортсмен|триатлон
🏊‍♂️|плавання|плавець|чоловік
🏊‍♀️|жінка|плавання|плавчиня|спорт
⛹️|баскетболіст|вести мʼяч|гравець|людина|мʼяч|спортсмен|точний кидок
⛹️‍♂️|м’яч|чоловік із м’ячем|чоловік, що веде мʼяч|що веде мʼяч
⛹️‍♀️|баскетбол|жінка з м’ячем|жінка, що веде мʼяч|м’яч|спорт|що веде мʼяч
🏋️|бодібілдер|важкоатлет|людина піднімає штангу|паверліфтинг|спортсмен|станова тяга|тягар
🏋️‍♂️|важка атлетика|чоловік|штангіст
🏋️‍♀️|важка атлетика|жінка|людина|силачка|спорт|тренування|штангістка
🚴|велосипедист|їзда на велосипеді|кататися на велосипеді|людина на велосипеді|людина, що їде на велосипеді|спортсмен|що їде на велосипеді
🚴‍♂️|велик|велосипедний спорт|ровер|чоловік
🚴‍♀️|велик|велосипедний спорт|жінка|ровер
🚵|велосипедист|гірський велосипед|гора|їзда на велосипеді|кататися на велосипеді|людина, що їде на гірському велосипеді|спортсмен|що їде на гірському велосипеді
🚵‍♂️|велосипедист|гірський велосипедист|гори|чоловік
🚵‍♀️|велосипедистка|гірська велосипедистка|гори|жінка|перегони|спорт
🤸|акробат|активний|гімнастика|колесо|людина, що перевертається «колесом»|піднесений|спорт|щасливий|що перевертається «колесом»
🤸‍♂️|акробат|активний|гімнастика|колесо|сальто|спорт|чоловік робить колесо|чоловік, що перевертається «колесом»|що перевертається «колесом»
🤸‍♀️|акробатика|гімнастика|жінка|колесо|переворот|сальто|спорт
🤼|бій|борець|боротьба|борці|двобій|дуель|людина|поєдинок|спорт|турнір із вільної боротьби
🤼‍♂️|борець|боротися|боротьба|двобій|дуель|людина|поєдинок|спорт|турнір із вільної боротьби|чоловік
🤼‍♀️|бій|боротися|боротьба|борці|двобій|жінка|на рингу|поєдинок|спорт|турнір
🤽|вода|водне поло|водний спорт|людина, що грає у ватерполо|плавання|поло|спорт|що грає у ватерполо
🤽‍♂️|ватерполіст|водне поло|водний спорт|людина|плавання|поло|спорт|чоловік грає у водне поло
🤽‍♀️|ватерполістка|водне поло|водний спорт|жінка грає у водне поло|людина|плавання|поло|спорт
🤾|гандбол|кидок|ловити|людина, що грає у гандбол|м’яч|перекидати мʼяч|подача|спорт|що грає у гандбол
🤾‍♂️|гандболіст|гол|гра|змагання|спорт|чоловік
🤾‍♀️|гандболістка|жінка|кидок|мʼяч|перекидати мʼяч|подача|спортсменка
🤹|багатозадачність|баланс|впоратися|жонглер|жонглювання|людина|уміння|фокус|цирк
🤹‍♂️|багатозадачність|баланс|жонглер|жонглювання|людина|фокус|чоловік
🤹‍♀️|багатозадачність|жінка|жонглерка|жонглювання
🧘|дзен|йога|людина в позі лотоса|медитація|нірвана|поза лотоса|релакс|схрещені ноги
🧘‍♂️|йога|медитація|поза лотоса|чоловік у позі лотоса
🧘‍♀️|жінка в позі лотоса|йога|медитація
🛀|ванна|купатися|людина, що приймає ванну|приймати ванну|що приймає ванну
🛌|відпочинок|готель|добраніч|ліжко|людина в ліжку|ніч|сон|спати|стомлений
🧑‍🤝‍🧑|люди, що тримаються за руки|людина|пара|рука|руки|тримати|тримаються|що тримаються за руки
👭|дівчата|жінки, що тримаються за руки|пара|подруги|подружки|рука|тримаються за руки|що тримаються за руки
👫|близнята|дружба|жінка|за руки|пара|побачення|тримати|флірт|чоловік
👬|близнюки|близнята|дружба|за руки|зодіак|лгбт|пара|флірт|хлопці|чоловіки
💏|закоханість|кохання|любов|людина|пара|побачення|поцілунок|річниця|стосунки
💑|закоханість|кохання|кохаю тебе|пара|побачення|серце|стосунки|чоловік і жінка із серцем між ними
🗣️|віщати|говорити|обличчя|оголошення|оголошувати|силует
👤|бюст|загадка|інкогніто|таємниця|тінь
👥|бюст|люди|силуети двох людських бюстів
🫂|вдячність|втіха|дружба|любов|люди обіймаються|обійми|підтримка|привітання|прощання
👪|батько|дитина|мама|матір|родина|сімʼя|тато
🧑‍🧑‍🧒|дитина|дорослий|родина з дитиною|родина: двоє дорослих і дитина|родина: дорослий, дорослий, дитина
🧑‍🧑‍🧒‍🧒|двоє дорослих і двоє дітей|родина: двоє дорослих і двоє дітей|родина: дорослі та діти
🧑‍🧒|родина: дорослий і дитина
🧑‍🧒‍🧒|родина: дорослий і двоє дітей|родина: дорослий і діти
👣|відбитки|відбиток|нога|одяг|слід|стопи|ступні|тіло
🫆|безпека|детектив|друк|злочин|ідентифікація|криміналістика|підказка|слід|таємниця
🐵|мавпа|мавпяча морда|морда мавпи|тварина
🐒|мавпа|тварина
🦍|горила|мавпа|тварина
🦧|антропоїд|людиноподібна|мавпа|орангутанг|примат|тварина
🐶|морда собаки|пес|собака|собача морда|тварина
🐕|домашня тварина|пес|собака|тварина
🦮|для незрячих|доступність|поводир|собака-поводир|спеціальні можливості
🐕‍🦺|допомога|доступність|службовий|собака|спеціальні можливості|супровід|тварина
🐩|пес|пудель|собака|тварина
🐺|вовк|вовча|морда|тварина|хижак
🦊|лисиця|лисича|лисяча|морда|тварина|хитрий
🦝|єнот|полоскун|ракун|тварина|хитрий|цікавий|шибеник
🐱|домашня тварина|кіт|котяча морда|морда кота|тварина
🐈|домашній улюбленець|кіт|коша|тварина
🐈‍⬛|кіт|кішка|мяу|невдаха|невдача|нещастя|погана прикмета|тварина|чорний
🦁|знак|зодіак|лев’яча морда|морда лева|тварина|хижак
🐯|морда тигра|тварина|тигряча морда|хижак
🐅|тварина|тигр|хижак
🐆|дика кішка|леопард|тварина|хижак
🐴|голова коня|кінь|кобила|лоша|морда|тварина
🫎|лосиха|лось|роги|ссавець|тварина
🫏|віслюк|ішак|мул|осел|ослиця|ссавець|тварина|упертий|упертюх
🐎|верхогони|кінні|кінь|перегони|скачки|тварина
🦄|голова|єдиноріг|казковий|морда
🦓|зебра|смуга|тварина
🦌|олень|рога|тварина
🦬|бізон|буйвол|зубр|рогата тварина|роги|свійська тварина|стадо|тварина|худоба
🐮|коров’яча морда|коровʼяча морда|корова|морда корови|тварина
🐂|бик|віл|зодіак|тварина|телець
🐃|буйвіл|тварина
🐄|молоко|му|тварина|ферма
🐷|морда|порося|рило свині|свиняче рило|тварина
🐖|льоха|порося|свиноматка|свиня|тварина
🐗|вепр|кабан|кнур|тварина
🐽|морда|рило|свиняче рильце|свинячий пʼятак
🐏|баран|вівця|гороскоп|зодіак|овен|тварина
🐑|вівця|вовна|тварина|ферма|ягня
🐐|гороскоп|зодіак|козел|козеріг|тварина|цап
🐪|верблюд|горб|дромадер|одногорбий|пустеля|сахара|тварина
🐫|бактріан|верблюд|горб|двогорбий|караван|пустеля|тварина
🦙|альпака|вікунья|вовна|гуанако|лама|тварина|хутро|шерсть
🦒|жирафа|плями|тварина
🐘|слон|тварина
🦣|бивень|великий|вимирання|волохатий|кам’яний вік|мамонт|тварина
🦏|носоріг|сафарі|тварина
🦛|бегемот|гіпопотам|ссавець|тварина
🐭|мишача морда|морда миші|пацюк|тварина
🐁|миша|тварина
🐀|пацюк|тварина|щур
🐹|домашня тварина|морда хом’яка|тварина|хом’якова|хомʼяк
🐰|заєць|кролик|кроляча морда|морда кроля|тварина
🐇|заєць|кріль|кролик|тварина
🐿️|білка|бурундук|вивірка|тварина
🦫|бобер|бобри|боброва|бобровидні|гребля|гризти|зубатий|зуби|тварина
🦔|голчастий|їжак|колючий|колючки
🦇|вампір|кажан|тварина
🐻|ведмедева|ведмежача|ведмідь|морда|тварина
🐻‍❄️|арктичний|білий|ведмідь|полярний
🐨|ведмідь|морда|тварина
🐼|морда панди|панда|тварина
🦥|ледачий|лінивець|лінивий|млявий|повільний|тварина
🦦|видра|водяний звір|грайливий|рибалка|тварина
🦨|скунс|смердіти|сморід|тварина|тхнути
🦘|австралія|кенгуру|кенгурятко|стрибати|стрибок|сумка|сумчастий|сумчасті|тварина|торбун
🦡|борсук|куницеві|медоїд|мустелові|ссавець|тварина|хутро
🐾|відбитки лап|лапа|сліди лап
🦃|індик|індичка|птах
🐔|квочка|курка|курча|птах
🐓|когут|півень|птах
🐣|великдень|вилуплюватися|курча, що вилуплюється|новонароджений|прокльовуватися|птах|пташка|що вилуплюється
🐤|курка|курчатко|мале курча
🐥|анфас|курча|орнітологія|пискля|пташа|пташка|тварина
🐦|птах|пташка
🐧|пінгвін|птах
🕊️|голуб миру|літати|мир|птах
🦅|орел|птах|хижак
🦆|качка|птах
🦢|гидке качення|гидке каченя|лебеденя|лебідь|озеро|птаха|тварина
🦉|безсоння|мудрість|ніч|пізно|птах|сова
🦤|великий|вимирання|додо|дронт|маврикійський|птах|тварина
🪶|невагома|оперення|перо|пір’їна|пір’я|політ|птах
🦩|птах|рожевий|тропіки|тропічний|фламінго
🦚|зарозумілий|кольоровий|красива|пава|павлін|птах|тварина|фазан|хвалькуватий|хвіст
🦜|ара|балакучий|папуга|папужка|пірат|птаха|розмовляє|тварина
🪽|авіація|ангельський|крило|летіти|міфологія|небесний|політ|птах
🐦‍⬛|ворон|дзьоб|дрізд|каркати|крук|птах|тварина|чорний
🪿|бешкет|галас|гусак|гуска|зграя|клин|птах|птиця|тварина
🐦‍🔥|відродження|жар-птиця|нове життя|оживлення|ожити|оновлення|перевтілення|повстати|слава|фантастика|фенікс
🐸|болото|жабʼяча|жаба|жабина|морда|тварина
🐊|алігатор|крокодил|тварина|хижак
🐢|тварина|черепаха
🦎|плазун|рептилія|ящірка
🐍|гадюка|змієносець|змій|змія|зодіак
🐲|голова дракона|дракон|зелений дракон|казка
🐉|дракон|казка
🦕|апатозавр|брахіозавр|бронтозавр|динозавр|диплодок|завропод|зауропод
🦖|динозавр|тиранозавр королівський|тиранозавр рекс
🐳|кит|обличчя|океан|пляж|тварина|фонтан
🐋|кит
🐬|дельфін|плавець
🫍|кит|морський|океан
🦭|арктика|морський котик|морський лев|океан|тварина|тюлень
🐟|гороскоп|зодіак|риба|риби
🐠|море|океан|риба|тропічна риба|тропічний
🐡|риба-їжак|риба-куля
🦈|акула|риба
🐙|восьминіг
🐚|морська мушля|мушля|спіральна мушля|спіральний
🪸|зміна клімату|корал|море|океан|риф
🪼|безхребетний|жало|медуза|море|морський|океан|опік|тварина|щупальці
🦀|зодіак|краб|рак
🦞|біск|дари моря|клешні|лобстер|морепродукти|омар|раковий суп|тварина|червоний лобстер
🦐|їжа|креветка|морепродукт
🦑|їжа|кальмар|молюск
🦪|мушля|перлина|устриця|устричний
🐌|павлик-равлик|петрик|природа|равлик|слимак|тварина
🦋|гарний|комаха|метелик
🐛|гусінь|комаха|комашина|комашка
🐜|комаха|мураха
🐝|бджола|комаха
🪲|бронзівка|жук|жучок|комаха|кузка|кузька|тварина
🐞|жучок|комаха|корівка|сонечко
🦗|жук|комаха|коник|кукарача|тарган|цвіркун
🪳|комаха|непроханий гість|паразит|прусак рудий|тарган|тварина|шкідник
🕷️|комаха|павук
🕸️|павук|павутина|павутиння
🦂|зодіак|скорпіон
🦟|вірус|гарячка|комар|комаха|малярія|москіт|укус|хвороба
🪰|гниль|дзижчання|комаха|крила|личинка|муха|хвороба|шкідник
🪱|дощовий хробак|дощовий червʼяк|земляний червʼяк|кільчастий черв|наживка|паразит|тварина|хробак|червʼяк
🦠|амеба|бактерії|бактерія|вірус|мікроби|мікроорганізм|наука|хвороба
💐|букет|квіти|квітка|кохання|рози|рослина
🌸|вишневий цвіт|вишня|квітка|рослина|цвіт вишні
💮|біла квітка|квітка
🪷|безтурботність|буддизм|врівноваженість|гармонія|індуїзм|квітка|краса|лад|лотос|мир|символ чистоти|спокій
🏵️|бутон|квітка|розета|розетка|рослина|чорнобривець
🌹|квітка|рослина|троянда|червона троянда
🥀|завʼяла троянда|зів’яла троянда|квітка|привʼяла троянда
🌺|гібіскус|квітка|рослина
🌻|квітка|рослина|сонце|сонях|соняшник
🌼|жовта квітка|квітка|ромашка|рослина
🌷|квітка|рожевий тюльпан|рослина|тюльпан
🪻|весна|гіацинт|квітка|рослина|фіолетовий
🌱|листя|паросток|рослина|саджанець|сіянець
🪴|вазон|вирощувати|горщик|декор|догляд|домашня|кімнатна|рослина
🌲|вічнозелена рослина|вічнозелене дерево|дерево|рослина|сосна|ялинка
🌳|дерево|листяне дерево|листяний|опадає|рослина
🌴|дерево|пальма|рослина|тропіки
🌵|кактус|пустеля|рослина
🌾|колосся рису|пшениця|рисовий колосок|рослина|сніпок рису
🌿|листок|листя|лікарська рослина|рослина
🍀|4|конюшина|листок|листя|рослина|фортуна|чотирилиста конюшина|чотирилисткова конюшина|щастить
🍁|дерево|кленовий листок|листок|листя|опадати|осінь|рослина
🍂|листок|листопад|листя|опадати|опале листя|опалий листок|осінь|рослина
🍃|вітер|дути|кружляти|листок|листя, що кружляє за вітром|рослина|що кружляє за вітром
🪹|гілка|гніздечко|гніздо|гніздування|дім|порожнє гніздо
🪺|гілка|гніздечко|гніздо з пташиними яйцями|гніздо з яйцями|гніздування|птах|яйце|яйця
🍄|гриб із шапинкою|мухомор|плодове тіло
🪾|безлистий|безплідний|гілки|голий|дерево|зима|мертвий|посуха|стовбур
🍇|виноградина|виноградини|їжа|плід|ягоди
🍈|диня|їжа|плід|фрукт
🍉|їжа|кавун|літо|плід
🍊|їжа|мандарин|оранжевий|плід|помаранч|танжерин|фрукт
🍋|жовтий лимон|лимон|плід|цитрус
🍋‍🟩|зелений|кислинка|коктейль|лаймовий пиріг|мохіто|сальса|цитрусовий
🍌|банан|їжа|плід|фрукт
🍍|ананас|їжа|плід|фрукт
🥭|їжа|манго|плід|тропічний|фрукт|шейкер
🍎|їжа|плід|фрукт|червоне яблуко|червоний|яблуко
🍏|епл|зелене яблуко|зелений|їжа|плід|фрукт|яблуко
🍐|груша|їжа|плід|фрукт
🍑|абрикос|їжа|персик|плід|фрукт
🍒|вишні|вишня|їжа|плоди|червоні|черешня|ягоди
🍓|їжа|плід|полуниця|ягода
🫐|їжа|лісові ягоди|лохина|сині ягоди|синя|чорниця|ягода
🥝|їжа|ківі|плід|фрукт
🍅|овоч|плід|помідор|сеньйор помідор|томат|червоний помідор
🫒|гілка|їжа|оливка|оливкова гілка|ягода|ягоди
🥥|відпустка|кокос|пальма|піна-колада|пінья колада|тропіки
🥑|авокадо|їжа|плід
🍆|баклажан|їжа|овоч
🥔|їжа|картопля|овоч
🥕|заяць|заяча їжа|їжа|морква|морквина|овоч
🌽|їжа|качан кукурудзи|кукурудза|маїс
🌶️|гострий|перець|приправа|чилі
🫑|болгарський перець|вегетаріанська їжа|зелений перець|їжа|овоч|паприка|перець|солодкий перець
🥒|їжа|корнішон|овоч|огірок
🥬|бок-чой|бурґери|зелені листки|зелень|капуста|кель|латук|листок|листя салату|салат
🥦|броколі|їжа|кучерява|овоч|цвітна капуста
🧄|їжа|приправа|спеції|часниковий
🧅|з цибулі|їжа|приправа|спеції|цибулинний|цибуля
🥜|арахіс|горіх|земляний горіх|їжа|їстівний
🫘|боби|бобові|їжа|квасолина|квасоля|невеликі
🌰|горіх|каштан|рослина
🫚|здоровʼя|імбирний|коріння|натуральний|пиво|спеції
🫛|біб|бобові|горох|горошок|едамаме|зелений|овоч|стручкові|стручок гороху
🍄‍🟫|вегетаріанська їжа|вегетаріанський|гарнір|гриби|їжа|коричневий гриб|печериця|трюфель|шампіньйон|шиїтаке
🫜|буряк|веганство|вегетаріанство|їжа|корінь|редька|ріпа|рослина|сад|салат
🍞|буханець|їжа|паляниця|хлібина
🥐|булочний виріб|звій півмісяцем|їжа|круасан|пекарня|сніданок|франція|французький
🥖|багет|булка|випічка|їжа|франція|французький|хліб
🫓|арепа|їжа|калач|корж|лаваш|наан|паляниця|піта|тортилья|хліб
🥨|бублик|випічка|кренделик|крендель|прецель|сплетений
🥯|багель|бейгл|бублик|булочка|випічка|десерт|начинка|пампух|пончик|сніданок
🥞|їжа|крепи|млинець|млинці|налисники|сніданок
🧇|вафельний|вафлі|вафля|десерт|їжа|сніданок|солодощі
🧀|їжа|кусень сиру|сир|шматок сиру
🍖|їжа|кістка|м’ясо на кістці
🍗|їжа|кістка|курка|ніжка свійської птиці|птиця|ципля "гриль"
🥩|бараняча відбивна|їжа|котлета|мʼясний філей|мʼясо|свиняча котлета|стейк
🥓|бекон|їжа|м’ясо
🍔|бургер|гамбургер|їжа|чизбургер
🍟|картопля|фрі
🍕|їжа|піца|сир|шматок
🌭|їжа|сосиска в тісті|хот-дог
🥪|їжа|сандвіч|сендвіч|хліб
🌮|їжа|мексиканська їжа|мексиканська кухня|такос
🌯|буріто|їжа|мексика
🫔|завиванець|їжа|мексиканська страва|памонья|рол|тамале|тісто
🥙|їжа|кебаб|лаваш із начинкою|начинка|піта|фалафель
🧆|кулька з нуту|нут|фалафель
🥚|великдень|їжа|яйце
🍳|готування їжі|їжа|пательня|сковорода|смажити|сніданок|яєчня|яйце
🥘|їжа|каструля з їжею|плов|рагу|суп
🍲|горщик з їжею|їжа|овочевий суп|перше|рагу|суп з локшиною
🫕|альпи|горщичок|какелон|кастрюлька|лижі|сир|топлений|фондю|швейцарська страва|шоколад
🥣|борщ|злаки|їжа|миска з ложкою|піала|рисова каша|сніданок|суп
🥗|дієта|здорове харчування|зелений|їжа|салат
🍿|попкорн
🧈|масло|молочні продукти
🧂|аромат|приправа|сварка|сільниця|сільничка|смак|солоний|спеції
🥫|банка|консерви|консервовані томати
🍱|бенто|їжа|набір суші|обід у коробці|суші|упаковка
🍘|їжа|крекер|рисовий крекер
🍙|їжа|кулька|рисова кулька|японський
🍚|варений|їжа|приготований рис|рис
🍛|їжа|карі|рис із карі|рисовий суп
🍜|з якої піднімається пара|їжа|локшина|миска, з якої піднімається пара|парувати|рамен|суп
🍝|їжа|італійська кухня|паста|спагеті
🍠|батат|їжа|овоч|печений батат|печений топінамбур|смажити
🍢|їжа|кебаб|морський|оден|шампур
🍣|їжа|суші
🍤|їжа|креветка|смажена креветка|смажений|темпура
🍥|випічка|рибний рулет зі спіральним візерунком|рулет
🥮|азія|місячний пиріг|місячний пряник|мункейк|осінь|пиріжок|повний місяць|свято|фестиваль|юебін
🍡|данго|десерт|рисові кульки на шпажці|солодкий|шампур|японський
🥟|вареник|вушко|галушка|їжа|пельмень|пиріжок|пироги
🥠|печиво з передбаченням|печиво з повідомленням|печиво-пророцтво|пророцтво
🥡|доставка їжі|їжа|коробка з їжею на винос|коробка з китайською їжею|палички для їжі
🍦|десерт|м’яке морозиво|м’який|морозиво в ріжку|пломбир|солодкий
🍧|десерт|лід|льодова стружка|морозиво|солодкий|стружка
🍨|десерт|їжа|морозиво|солодкий
🍩|десерт|їжа|пончик|солодкий
🍪|десерт|печиво|солодкий|шоколадне печиво
🎂|бажання|випічка|день|десерт|народження|свічки|святковий торт|святкування|солодкий|солодощі|торт на день народження
🍰|випічка|десерт|солодкий|тістечко|торт|шматок
🧁|випічка|десерт|капкейк|кекс|ласощі|посипка|смаколик|солодке|солодощі|тістечко|торт
🥧|випічка|десерт|начинка|пиріг
🍫|десерт|плитка шоколаду|солодкий|шоколад
🍬|десерт|солодкий|цукерка
🍭|десерт|льодяник|солодкий|цукерка
🍮|десерт|заварний крем|їжа|пудинг|солодкий
🍯|горщик із медом|мед|солодкий
🍼|годування|молоко|немовля|пити|пляшечка для немовляти
🥛|молоко|напій|склянка молока
🫖|заварник|заварювати|їжа|напій|посуд|чайник
🍵|гарячий|зелений чай|їжа|крем-суп|напій|піала|суп|чайна чашка без вушка|чашка
🍶|бар|напій|пити|пляшка|саке|чашка
🍾|бар|вино|відкорковувати|ігристе|корок|пити|пляшка|стріляти|тиск|шампанське
🍷|бар|вино|келих для вина|напій|пити
🍸|бар|бокал для коктейлю|коктейль|мартіні|пити
🍹|бар|коктейль|пити|тропічний напій
🍺|бар|будьмо!|кухоль із пивом|пиво|пити
🍻|алкоголь|бар|кухлі|напої|пиво|пиття|тости|цокання|цокатися
🥂|бокалів|будьмо|дзвін|напій|новий рік|святкування
🥃|алкоголь|бокал|віскі|напій|спиртне|стакан віскі
🫗|виливати|випадковість|вода|напій|порожня|проливати|розлити|склянка|упс
🥤|напій|одноразовий стакан|сік|содова|соломинка|соломка|трубочка
🧋|бульбашковий|коктейль|молочний|напій|перловий|соломинка|тайвань|чай з бульбашками
🧃|картонний|напій|пакетик із напоєм|сік|соломинка|фруктовий сік
🧉|калабас|мате|напій|чай із падуба
🧊|айсберг|кубик льоду|охолоджувати|холодний
🥢|куайцзи|о-хасі|палички для їжі|хаші|чоккарак
🍽️|вечеря|виделка, ніж і тарілка|кулінарія|ніж і тарілка|обід|сніданок|тарілка
🍴|вечеря|їжа|їсти|кулінарія|обід|ресторан|смакота|смачно|сніданок|столові прибори
🥄|ложка|прибори|столові прибори
🔪|готування|зброя|знаряддя|кухня|кухонний ніж|ніж|різати
🫙|банка|ємність|зберігання|нічого|порожня|слоїк|соус|спеції
🏺|амфора|водолій|глек|зодіак|кулінарія|пити
🌍|африка|глобус, що показує європу й африку|європа|земля|світ|що показує європу й африку
🌎|америка|глобус, що показує америки|західна півкуля|земля|планета|світ|що показує америки
🌏|австралія|азія|глобус, що показує азію і австралію|земля|світ|що показує азію і австралію
🌐|глобус із меридіанами|земля|земна куля з меридіанами|меридіани|світ
🗺️|карта світу|світ
🗾|карта японії|мапа японії|острів|японія
🧭|компас|магнетизм|магнітний|навігація|напрямок|орієнтування|сторони світу
🏔️|альпи|гора із засніженою верхівкою|еверест|ельбрус|засніжена гора|сніг|холодний
⛰️|гора
🛘|гора|землетрус|каменепад|каміння|катастрофа|лавина|небезпека
🌋|виверження|вулкан|гора|лава
🗻|гора|фудзи|фудзі
🏕️|кемпінг|похід
🏖️|відпочинок|парасоля|пляж і парасолька
🏜️|оаза|пустеля
🏝️|безлюдний|берег|острів|пальма
🏞️|картина|ландшафт|національний парк|парк
🏟️|вболівальники|гра|стадіон|футбол
🏛️|антична будівля|будівля|доричні колони|класичний|колони
🏗️|будівля|спорудження будівлі
🧱|будівельний розчин|глина|розчин|стіна|цегла|цеглина|цеглини
🪨|брила|важкий|валун|гірська порода|каменюка|камінь|кругляк|скеля|твердий
🪵|деревина|дерево|колода|лісоматеріал|пеньок|річні кільця|рубати
🛖|будинок|бунгало|дім|купольний будинок|оселя|прихисток|хата|хатина|хижа|юрта
🏘️|будинок|будівля|вулиця|група будинків
🏚️|будинок|будівля|заброшений|занедбаний будинок|покинутий|сарай|стара будівля
🏠|будинок|будівля|вдома|дім
🏡|будинок із садом|будівля|дім|сад
🏢|будівля|офісна будівля
🏣|будівля|пошта|японська пошта|японське поштове відділення|японський
🏤|будівля|європейський|пошта|поштове відділення
🏥|будівля|госпіталь|лікарня|медицина
🏦|банк|будівля
🏨|будівля|готель
🏩|будівля|готель для закоханих|кохання|мотель
🏪|будівля|магазин|цілодобовий
🏫|будівля|школа
🏬|банк|будівля|офіс|універмаг
🏭|будівля|завод|фабрика
🏯|будівля|пагода|японський замок
🏰|будівля|європейська|замок|фортеця
💒|весілля|каплиця|кохання|церемонія
🗼|вежа|токійська вежа|токіо
🗽|свобода|статуя свободи|сша
⛪|будівля|релігія|хрест|християнський|церква
🕌|іслам|мечеть|мусульманський|релігія
🛕|індуїстський|храм
🕍|єврейський|іудаїзм|релігія|синагога|храм
⛩️|релігія|святиня|синтоїстський храм
🕋|іслам|кааба|мусульманський|релігія|хадж
⛲|фонтан
⛺|намет|похід
🌁|верхівка|гора|погода|топ|туманно
🌃|зірка|зоряна ніч|ніч|погода
🏙️|будівля|вечір|краєвид міста|місто|міський краєвид|сутінки в місті
🌄|гора|погода|ранок|сонце|схід сонця над горами
🌅|погода|ранок|світанок|сонце|схід сонця
🌆|будівля|вечір|захід|ландшафт|місто в сутінках|сутінки
🌇|будівля|захід сонця|місто|сонце|сутінки
🌉|golden gate|міст уночі|ніч|погода
🎠|карусель|кінь|коник на каруселі|лицарський кінь
🛝|гірка|гратися|дитяча гірка|зʼїжджати з гірки|ігровий майданчик|кататися|парк розваг
🎡|колесо огляду|огляд|парк розваг|чортове колесо
🎢|американський|американські гірки|гірки|парк розваг
💈|вивіска перукаря (смугастий стовп)|зачіска|перукарня
🎪|намет|циркове шатро|цирковий намет
🚂|двигун|залізниця|паровий локомотив|паровоз|потяг|транспорт
🚃|вагон|електричний|залізниця|трамвай|транспорт|тролейбус
🚄|залізниця|інтерсіті|потяг|транспорт|швидкісний
🚅|залізниця|інтерсіті|кулеподібний|потяг|транспорт|швидкісний потяг з округлим носом
🚆|електропотяг|залізниця|потяг|транспорт
🚇|метро|транспорт
🚈|електропоїзд|залізниця|поїзд|транспорт|швидкісний трамвай
🚉|cтанція|залізниця|зупинка|потяг|станція|транспорт
🚊|метро|потяг|трамвай|транспорт|тролейбус
🚝|метро|монорейка|монорейкова залізниця|транспорт|швидкий потяг
🚞|вагон|гірська залізниця|гора|залізниця в горах|поїзд|транспорт
🚋|вагон трамвая|трамвай|транспорт|тролейбус
🚌|автобус|транспорт
🚍|автобус|машини|що наближається|що наближаються
🚎|автобус|громадський транспорт|трамвай|транспорт|тролейбус
🚐|автобус|маршрутка|мікроавтобус|транспорт
🚑|автомобіль швидкої допомоги|транспорт|швидка допомога
🚒|вантажівка|двигун|пожежна машина|пожежний автомобіль
🚓|автомобіль|міліція|патрульний автомобіль|поліцейська машина|поліцейський автомобіль|поліція
🚔|автомобіль|міліція|наближається|патруль|поліцейська машина, що наближається|поліцейський автомобіль|поліція|що наближається
🚕|таксі|транспорт
🚖|жовте таксі|наближатися|таксі, що наближається|транспорт|що наближається
🚗|автівка|автомобіль|машина|транспорт
🚘|автомобіль, що наближається|машина|наближається|транспорт|червона машина|червоне авто|що наближається
🚙|автівка|житловий|машина|позашляховик|транспорт|трейлер|фургон
🛻|автомобіль-пікап|вантажівка|легка вантажівка|пікап|транспорт
🚚|вантажівка для доставки|доставка|транспорт|фургон
🚛|вантажівка з причепом|транспорт|тягач|фургон
🚜|трактор|транспорт
🏎️|cпортивний автомобіль|автомобіль|перегони
🏍️|мотоцикл|перегони
🛵|мопед|скутер
🦽|доступність|колісний візок із ручним приводом|обмежені можливості|спеціальний засіб
🦼|доступність|колісний візок з електроприводом|спеціальний засіб|спеціальні можливості
🛺|авторикша|рикша|тук-тук
🚲|велосипед|кататися|транспорт
🛴|самокат
🛹|борд|дошка|коліщатка|ролики|скейтборд|скейтер
🛼|катання на роликах|ковзани|коліщата|ролики|роликовий|спорт
🚏|автобусна зупинка|зупинка
🛣️|автомагістраль|дорога|шосе
🛤️|залізниця|залізнична колія|поїзд|потяг
🛢️|бочка для нафти|бочка з паливом|паливо
⛽|бензоколонка|заправка|насос|паливний насос|пальне
🛞|автомобіль|колесо|коло|машина|обертатися|транспорт|шина
🚨|автомобіль|вогні поліцейського автомобіля|маяк патрульного автомобіля|мигати|обертатися|поліція|проблисковий маячок|сирена|швидка
🚥|горизонтальний світлофор|світлофор|транспорт
🚦|вертикальний світлофор|перехрестя|пішохідний перехід|світлофор|транспорт
🛑|восьмикутний червоний знак|восьмикутник|знак стоп|стоп
🚧|будівництво|знак ремонтних робіт|огорожа|паркан|прохід заборонено
🛟|безпека|буйок|плавати|рятівне коло|рятівник|рятувальний засіб|рятувати життя|спасати|триматися на воді
⛵|відпочинок|вітрильник|море|плавання|транспорт|човен|яхта
🛶|каное|човен
🚤|катер|транспорт|човен|швидкохідний катер
🛳️|вояж|корабель|круїз|пасажирський корабель|транспорт
⛴️|пором|човен
🛥️|корабель|моторний|транспорт|човен
🚢|корабель|транспорт
🛩️|летіти|літак|літачок|малий літак|транспорт
🛫|відправлення літака|літак злітає|подорож|політ|реєстрація|транспорт
🛬|літак сідає|подорож|прибуття літака|приземлення|транспорт
🪂|кайт|парапланеризм|парафойл|парашут-крило|спорт|стрибки з парашутом|стрибок
💺|крісло|місце|сидіння
🚁|вертоліт|гелікоптер|транспорт
🚟|залізниця|канатна дорога|підвісна залізниця|підвісна монорейка|підвісний|транспорт
🚠|гондола|гора|кабель|канатна дорога в горах|транспорт|фунікулер
🚡|автомобіль|гондола|кабель|канатна дорога|підвісна дорога|підвісна канатна дорога|повітряний|транспорт
🛰️|космос|супутник|транспорт
🚀|запуск ракети|космос|подорож|ракета|транспорт
🛸|летюча тарілка|нло|чужі
🛎️|готельний дзвоник|дзвоник|сервіс
🧳|багаж|валіза|пакувати|подорож|торба на коліщатках|чемодан
⌛|відлік часу|пісковий годинник|пісок|пісочний годинник|таймер
⏳|години|готово|життя одне|не|очікування|пісковий годинник|пісок|сипання|таймер
⌚|годинник|наручний годинник
⏰|будильник|годинник
⏱️|будильник|годинник|секундомір
⏲️|годинник|секундомер|таймер
🕰️|годинник для камінної полички|камінний годинник|час
🕛|00|12:00|година|годинник|дванадцята година|дванадцять|час
🕧|12:30|30|годинник|дванадцять|пів на першу|тридцять
🕐|00|1:00|година|годинник|один|перша година
🕜|1:30|30|годинник|один|пів на другу|тридцять
🕑|00|2:00|година|годинник|два|друга година
🕝|2:30|30|годинник|два|пів на третю|тридцять
🕒|00|3:00|година|годинник|третя година|три
🕞|3:30|30|годинник|пів на четверту|тридцять
🕓|00|4:00|година|годинник|четверта година|чотири
🕟|30|4:30|годинник|пів на п’яту|тридцять|чотири
🕔|00|5:00|година|годинник|п’ята година|п’ять
🕠|30|5:30|годинник|п’ять|пів на шосту|тридцять
🕕|00|6:00|година|годинник|шість|шоста година
🕡|30|6:30|годинник|пів на сьому|тридцять|шість
🕖|00|7:00|година|годинник|сім|сьома година
🕢|30|7:30|годинник|пів на восьму|сім|тридцять
🕗|00|8:00|вісім|восьма година|година|годинник
🕣|30|8:30|вісім|годинник|пів на дев’яту|тридцять
🕘|00|9:00|година|годинник|дев’ята година|дев’ять
🕤|30|9:30|годинник|дев’ять|пів на десяту|тридцять
🕙|00|10:00|година|годинник|десята година|десять
🕥|10:30|30|годинник|десять|пів на одинадцяту|тридцять
🕚|00|11:00|година|годинник|одинадцята година|одинадцять
🕦|11:30|30|годинник|одинадцять|пів на дванадцяту|тридцять
🌑|космос|місяць|молодий|погода|темний
🌒|зростаючий|космос|місяць у першій чверті|молодий півмісяць|півмісяць|погода
🌓|космос|луна|місяць у першій чверті|перша чверть місяця|погода|чверть
🌔|зростаючий|космос|місяць у другій чверті|погода|серпоподібний
🌕|космос|місяць|повний|погода
🌖|космос|місяць у третій чверті|погода|серпоподібний|спадаючий
🌗|затемнення|космос|місяць в останній чверті|небо|остання чверть місяця|планета|погода|супутник|чверть
🌘|космос|місяць у четвертій чверті|півмісяць|погода|спадаючий|старий місяць
🌙|космос|місяць|півмісяць|погода|серп місяця
🌚|космос|місяць|молодий місяць з обличчям|обличчя|погода
🌛|космос|місяць|обличчя|перша чверть місяця з обличчям|погода|чверть
🌜|космос|місяць|обличчя|остання чверть місяця з обличчям|погода|чверть
🌡️|погода|температура|термометр
🌝|місяць|обличчя|повний місяць з обличчям|яскравий
🌞|весна|космос|літо|обличчя|погода|сонце з обличчям|яскравий
🪐|планета з кільцем|сатурн
⭐|зірка|середня біла зірка
🌟|блискучий|зірка|іскра|світиться|світло|сяє|сяйна зірка
🌠|зірка|космос|метеор|небо|падає
🌌|космос|погода|чумацький шлях
⛅|погода|сонце за хмарою|хмара|хмарно
⛈️|грім|дощ|погода|хмара з блискавкою та дощем
🌤️|незначна хмарність|погода|сонце за хмаркою|хмара
🌥️|погода|сонце за хмариною|сонце за хмарою|хмара
🌦️|дощ|погода|сонце за дощовою хмарою|хмара
🌧️|дощ|погода|хмара з дощем
🌨️|погода|сніг|хмара зі снігом|холодний|холодно
🌩️|блискавка|погода|хмара з блискавкою
🌪️|погода|торнадо|ураган|хмара
🌫️|погода|туман|хмара
🌬️|вітер|віяти|обличчя, що дме|погода|хмара|що дме
🌀|запаморочення|погода|смерч|спіраль|тайфун|циклон
🌈|бісексуал|гей|гендер|глбт|дощ|квір|лгбт|лесбіянка|погода|природа|транс
🌂|дощ|одяг|парасолька|погода|складена парасолька
⛱️|дощ|парасолька|пляжна парасолька|погода|сонце
⚡|блискавка|висока напруга|електрика|електричний|напруга|небезпека
⛄|cніговик|погода|сніговик без снігу|холодний
🔥|вогонь|інструмент|полум’я
💧|комічний|крапля|піт|погода|холодний
🌊|вода|океан|погода|хвиля
🎃|гарбуз|геловін|ліхтар-гарбуз|святкування|хелловін|хеллоуін|хеловін
🎄|дерево|новий рік|різдво|різдвяна ялинка|святкування|ялинка
🎆|салют|святкування|феєрверки
🎇|бенгальський вогонь|іскра|святкування|феєрверки
🧨|вибухівка|вогонь|динаміт|іскри|салют|феєрверк|хлопавка
🎈|повітряна кулька|святкування
🎉|вечірка|вітання|святкування|сюрприз|хлопавка
🎊|конфеті|кулька з конфеті|святкування
🎋|банер|гілка тандзаку|дерево|рослина|святкування|танабата, гілка тандзаку|японське святкування|японський
🎍|бамбук|прикраси на ялинку|рослина|святкування|сосна|японський
🎎|лялька|ляльки|святкування|фестиваль|японський|японські ляльки
🎏|вітровказ у формі коропів|карп|святкування|транспарант із карпами
🎐|вітер|дзвіночки|дзвоник|китайські дзвіночки|святкування
🎑|місяць|святкування|церемонія вшанування місяця
🧧|гроші|конверт|лист|на щастя|подарунок|хунбао|червоний конверт
🎀|бант зі стрічки|рожевий бант|святкування|стрічка
🎁|дарунок|запакований|коробка|подарунок|святкування|сюрприз
🎗️|пам’ятна стрічка|пам’ятний|святкування|стрічка на згадку
🎟️|вхідний|вхідні квитки|дозвіл|квиток
🎫|вхідний|квиток
🎖️|відзнака|військова медаль|військовий|медаль|нагорода|святкування
🏆|виграш|кубок|нагорода|перемога|приз|трофей
🏅|золота медаль|медаль|спортивна медаль
🥇|золота медаль|золото|медаль|місце|перше
🥈|друге|медаль|місце|срібло|срібна медаль
🥉|бронза|бронзова медаль|медаль|місце|спорт|третє
⚽|м’яч|спорт|фіфа|футбольний м’яч|чемпіонат
⚾|бейсбольний м’яч|м’яч|спорт
🥎|бейсбол|битка|м’яч|рукавиця|рукавичка|софтбольний мʼяч|спорт
🏀|баскетбольний м’яч|кільце|м’яч|спорт
🏐|волейбольний м’яч|гра|м’яч|спорт
🏈|американський|м’яч для гри в американський футбол|мʼяч для американського футболу|спорт|футбол
🏉|американський футбол|м’яч для гри в регбі|мʼяч для регбі|регбі|спорт|футбол
🎾|м’яч|ракетка|спорт|тенісний м’яч
🥏|алтимат|диск|кидок|летючий диск|літаючий диск|тарілка|фризбі|фрізбі
🎳|боулінг|гра|куля і кеглі для боулінгу|м’яч|спорт
🏏|бита і мʼяч для крикету|гра|крикет|м’яч|спорт
🏑|гра|ключка і мʼяч для хокею на траві|м’яч|поле|хокей на траві
🏒|гра|ключка і шайба для хокею|лід|спорт|хокей|шайба
🥍|гол|лакрос|м’яч|палиця|ракетка|спорт|стік для лакросу
🏓|кулька|пінг-понг|ракетка і кулька для пінг-понгу|спорт|стіл|теніс
🏸|бадмінтон|воланчик|гра|ракетка і волан для бадмінтону|спорт
🥊|боксерська рукавичка|нокаут|нокдаун|рукавичка|спорт
🥋|бойові мистецтва|дзюдо|карате|кімоно|одяг для єдиноборств|тхеквондо|уніформа|форма|чорний пояс
🥅|ворота|сітка воріт|спорт
⛳|гольф|гра|лунка для гольфу з прапорцем
⛸️|катання на ковзанах|ковзан|лід|спорт
🎣|вудка і риба|рибалка|рибацька вудка
🤿|акваланг|дайвінг|занурення|маска з трубкою|маска і ласти|маска і трубка|підводне плавання|сноркелінг
🎽|бігова теніска|сорочка|спортивна форма|стрічка|футболка
🎿|лижі|сніг|спорт
🛷|сани|санчата|сніг
🥌|гра|камʼяна шайба для керлінгу|камінь для керлінга|керлінг|спорт
🎯|«яблучко»|в яблучко|влучення|гра|дротик|мішень із прямим влученням|пряме попадання|точно|ціль
🪀|бовтатися|іграшка|йо-йо|крутитися|метлятися|теліпатися|хилитатися
🪁|витати|линути|літати|літун|підніматися|повітряний змій|ширяти
🔫|водяний пістолет|зброя|знаряддя|іграшкова зброя|іграшковий пістолет|пістолет|револьвер
🎱|8|більярдна куля 8|вісім|куля|спорт
🔮|віщування|ворожити|казка|кришталева куля|майбутнє|передбачати майбутнє|передбачення|фантазія|фортуна
🪄|абракадабра|ілюзії|магічне шоу|магія|фокуси|чаклунка|чарівник
🎮|відеогра|гра|джойстик|ігровий контролер|контролер|управління
🕹️|відеогра|гра|джойстик
🎰|азарт|вегас|везіння|виграш|гральний автомат|джекпот|залежність|ігровий|фарт
🎲|гральна кість|гральний кубик|казино|кубик
🧩|головоломка|елемент пазла|з’єднання|пазл|підказка|розгадка|скдладанка|частина|шматок
🧸|ведмедик тедді|іграшка|м’яка іграшка|плюшева іграшка|плюшевий ведмедик
🪅|вечірка|іграшка|мексика|палиця|піньята|святкування|свято|цукерки
🪩|блискучий|вечірка|дзеркальна куля|диско-куля|дискотека|куля|танці|танцювати
🪆|дерев’яна іграшка|дерев’яна лялька|лялька в ляльці|ляльки-матрьошки|матрьошка|народна іграшка|росія
♟️|пішак|пішка|фігура|шахи|шахмати
🃏|грати|джокер|карта
🀄|гра|маджонг|фішка маджонг червоний дракон|фішка маджонгу «червоний дракон»|червоний
🎴|гральні карти з квітами (ханафуда)|грати|карта|ханафуда|японський
🎭|бал|венеціанський|венеційський|вистава|маскарад|театр
🖼️|картина в рамці|мистецтво|музей|рама з картиною
🎨|картина|кольори|мистецтво|музей|палітра художника
🧵|голка|жилка|котушка|нитка|пряжа|шиття|шпулька
🪡|вишивання|вушко|голка з ниткою|кравецтво|нитка з голкою|стібки|швацька голка|шви|шиття
🧶|в’язання|клубок|моток|мотузка|нитка|нитки|прядиво|пряжа
🪢|вузол|канат|морський вузол|мотузка|петля|плетення|плетиво|трос|шнурок
👓|одяг|око|окуляри
🕶️|око|окуляри|сонцезахисні окуляри|темний
🥽|дайвінг|захисні окуляри|захист очей|зварювання|маска для дайвінгу|маска для плавання|окуляри|плавання|скуба
🥼|білий халат|вчений|доктор|експеримент|лабораторний халат|лікар|науковець|одяг
🦺|аварійно-захисний|аварійно-рятувальний|жилет|сигнальний жилет
👔|краватка|одяг
👕|одяг|теніска поло|топ|футболка
👖|джинси|одяг|штани
🧣|зима|зимно|шалик|шарф|шия
🧤|рукавиця|рукавички
🧥|зима|зимно|куртка|пальто|пуховик|холодно
🧦|панчохи|шкарпетки
👗|одяг|сукня
👘|кімоно|одяг
🥻|вбрання|одяг|сарі
🩱|закритий|костюм для плавання|купальний костюм|плавати|суцільний купальник
🩲|брифи|купальник|одинарний|плавки|спіднє|труси
🩳|купальник|плавки|спіднє|труси|шорти
👙|бікіні|купальник|одяг|плавати
👚|t-shirt|блуза|жінка|жіночий одяг|одяг|топ|футболка
🪭|охолоджувати|складане віяло|соромитися|танцювати|фліртувати
👛|аксесуар|гаманець|гроші|монета|одяг
👜|одяг|сумка
👝|клатч|одяг|сумка
🛍️|покупки|сумка|сумки для покупок|шопінг
🎒|навчання|ранець|сумка|шкільний портфель|шкільний рюкзак|школа
🩴|в’єтнамки|взуття|дзорі|море|пісок|пляжні сандалі|сандалі|шльопанці
👞|взуття|одяг|туфлі|чоловік|чоловіча туфля|чоловіче взуття
👟|взуття для бігу|кросівка|кросівки|кросівок|одяг|спортивний
🥾|взуття|гірські|дорожні|коричневе|похід|табір|трекінгові|туристичні|хайкінг|чоботи
🥿|балерини|балетки|кеди|сліпони|тапочки|туфлі без каблука|туфлі без підборів|човники
👠|взуття|жінка|каблук|одяг|туфлі|туфля на високому підборі|шпилька
👡|взуття|жінка|жіноча сандалія з підбором|каблук|одяг|сандалі
🩰|балетні туфлі|взуття|пуанти|танець|танцювальні
👢|взуття|жінка|жіночий чобіт|одяг|тепле взуття|чобіт
🪮|афро|волосся|гребінь|розчісувати
👑|ваша височність|королева|королевство|король|корона|одяг
👒|жінка|жіночий капелюх|жіночий капелюшок|капелюх|одяг
🎩|капелюх|одяг|фокус|циліндр (капелюх)|чоловік
🎓|академік|бонет|випуск|капелюх|квадратна академічна шапочка|одяг|професор|шапка
🧢|бейсболка|бейсбольна кепка|капелюх|кашкет|кепка
🪖|армія|військовий|воїн|каска|солдатський|шолом
⛑️|допомога|захист|каска з білим хрестом|каска рятувальника|правила безпеки|робота|хрест|шапка|шолом
📿|вервиця|молитися|молитовні чотки|намисто|одяг|релігія|чотки
💄|губна помада|косметика|помада|червона помада
💍|виходь за мене|діамант|заручення|каблучка|кохання|пропозиція
💎|діамант|дорогоцінний|камінь|кохання|коштовний камінь
🔇|беззвучний|беззвучно|вимкнений динамік|вимкнений звук|гучність|динамік|заглушений динамік|звук динаміка вимкнено|нечутно|тихо
🔈|голосно|гучність|динамік|негучно|низька гучність динаміка|приглушено
🔉|гучність|динамік|середньо|середня гучність динаміка|увімкнений динамік
🔊|висока гучність динаміка|високий рівень гучності динаміка|голосно|гучний|гучність|гучномовець|динамік|музика
📢|голосно|гучний|гучномовець|звукове оповіщення
📣|мегафон|оголошення|підбадьорення|рупор
📯|пошта|поштовий|ріжок
🔔|дзвінок|дзвоник
🔕|беззвучний|вимкнений|глушити|дзвінок|дзвоник|заборонено|заглушений|звук|перекреслений|тихий
🎼|музичний|ноти|партитура|скрипковий ключ
🎵|музична нота|музичний|нота
🎶|музика|музичний|музичні ноти|нота|ноти
🎙️|мікрофон|музичний|студійний мікрофон|студія
🎚️|бігунець рівня|гучність|музичний|повзунок рівня|рівень гучності
🎛️|елемент керування|кнопки керування|круглі регулятори|музичний|обертові регулятори|плита
🎤|караоке|мікрофон
🎧|навушники
📻|відео|радіоприймач
🎷|інструмент|музика|музичний|саксофон
🎺|інструмент|музичний|труба
🪊|джаз|духовий інструмент|музика|слайд|сумний
🪗|акордеон|баян|гармоніка|інструмент|клавіші|концертина|музика
🎸|гітара|інструмент|музичний
🎹|інструмент|клавіатура|музична клавіатура|музичний|піаніно
🎻|інструмент|музичний|скрипка
🪕|банджо|інструмент|музичний|струнний|щипковий
🥁|барабан|музика|палички
🪘|барабан|інструмент|конґа|музика|ритм|ударні|циліндричний барабан
🪇|вечірка|інструмент|маракас|музика|танець|ударні інструменти|ча-ча-ча
🪈|блокфлейта|деревʼяні духові інструменти|дудка|інструмент|музика|сопілка|флейта
🪉|амур|інструмент|купідон|любов|музика|оркестр
📱|мобільний|стільниковий звʼязок|телефон
📲|вхідний дзвінок|доступний на мобільному|зателефонуй мені|мобільний телефон зі стрілкою|отримувати|стільниковий|стрілка|телефонувати
☎️|телефон
📞|слухавка|телефонна розмова|телефонна слухавка
📟|пейджер
📠|телефакс|факсимільний апарат
🔋|акумулятор|батарейка|батарея|джерело живлення
🪫|батарея|електроніка|низький заряд батареї|розряджена батарея|розряджений|розряджено
🔌|вилка електроприладу|електрика|електричний|штепсель
💻|комп’ютер|ноутбук|персональний|пк
🖥️|комп’ютер|монітор|настільний
🖨️|комп’ютер|принтер
🖱️|комп’ютерна миша|миша
🖲️|комп’ютер|трекбол
💽|диск|комп’ютер|міні-диск|мінідиск|оптичний
💾|дискета|комп’ютер
💿|blu-ray|cd|dvd|диск|комп’ютер|компакт-диск|оптичний
📀|[dvd]-диск|blu-ray|cd|dvd-диск|диск|комп’ютер|оптичний
🧮|абак|обчислення|обчислювальний пристрій|рахівниця|рахувати
🎥|зйомка|камера|кінокамера|фільм
🎞️|кадр на плівці|кадри кіноплівки|кіно|плівка|фільм
📽️|відео|кінопроектор|перегляд|проектор|фільм
🎬|зйомка|кінохлопавка|фільм|хлопавка
📺|tv|відео|тб|телевізор|чорно-білий телевізор
📷|відео|знімки|камера|на згадку|фотоапарат|фотограф
📸|відео|камера|спалах|фотоапарат зі спалахом
📹|відеокамера|камера
📼|відеокасета|касета|стрічка
🔍|з нахилом уліво|збільшення|інструмент|лабораторія|наука|нахилений|пошук|скло|уліво
🔎|збільшення|інструмент|контакт|лабораторія|наука|нахил управо|нахилений|пошук|скло|управо
🕯️|світло|свічка
💡|електричний|ідея|лампочка|малюнок|світло
🔦|електричний|інструмент|ліхтарик|світло
🏮|бар|ліхтар ізакайа|світло|червоний паперовий ліхтар|японський
🪔|блимавка|каганець|лампадка|мигунець|олійна
📔|декоративна|записник у декоративній обкладинці|книжка|обкладинка
📕|журнал|закрита книга|книжка|червона книга|червоний підручник
📖|відкрита книга|книжка|читати
📗|журнал|зелена книга|зелений підручник|книжка|облік
📘|книжка|синій підручник|синя книга
📙|книжка|оранжева книга|оранжевий підручник
📚|бібліотека|книгарня|книги|книжка|книжки
📓|блокнот|записник|зошит для творів
📒|гросбух|журнал|записник|реєстр
📃|документ|завиток|сторінка із завитком
📜|папірус|рукопис|сувій
📄|документ|сторінка лицевою стороною
📰|газета|новини|папір|шпальта
🗞️|газета|згорнута|новини|папір|скручена газета
📑|вкладка|закладка|закладки|значок|мітка|мітки закладок|стікери
🔖|бірка|закладка|значок
🏷️|бейдж|бірка|мітка|ярлик
🪙|багатство|гроші|долар|євро|золото|метал|монета|скарб|срібло
💰|гроші|долар|мішок грошей|мішок із грошима
🪎|багатство|гроші|дорогоцінний камінь|здобич|золото|коштовності|приз|срібло|цінності
💴|банкнота|валюта|гроші|єна|єнові банкноти|купюра
💵|банкнота|валюта|гроші|доларові банкноти|купюра
💶|банкнота|валюта|гроші|єврові банкноти|купюра
💷|банкнота|валюта|гроші|купюра|фунтові банкноти
💸|банкнота|гроші з крилами|долар|крила|купюра|літати
💳|банк|безготівковий розрахунок|гроші|картка|кредитна|розрахунок
🧾|бухгалтерія|доказ|документ|інвойс|квитанція|рахунок-фактура|фактура|чек
💹|валюта|вгору|графік зростання і знак єни|гроші|діаграма|єна|збільшення|ріст|тенденція
📧|електронний лист|елист|емейл|епошта|імейл|лист|пошта
📨|вхідний|емейл|імейл|конверт вхідного листа|лист|отримати|пошта
📩|вихідний|вниз|вхідна пошта|вхідний імейл|імейл|конверт зі стрілкою|лист|надісланий|пошта|стрілка
📤|електронний лист|коробка|лист|лоток вихідної скриньки|лоток для вихідної пошти|надісланий|пошта
📥|вхідна пошта|коробка|лист|лоток вхідної скриньки|лоток для вхідної пошти|отримувати|пошта
📦|пакунок|посилка
📫|закрита поштова скринька з піднятим прапорцем|закритий|пошта|поштова скринька
📪|закрита поштова скринька з опущеним прапорцем|закритий|опущений|пошта|поштова скринька
📬|відкрита поштова скринька з піднятим прапорцем|відкритий|пошта|поштова скринька
📭|відкрита поштова скринька з опущеним прапорцем|відкритий|опущений|пошта|поштова скринька|пуста поштова скринька
📮|пошта|поштова скринька|скринька
🗳️|бюлетень|вибори|голосування|урна
✏️|олівець
🖋️|ручка|чорнила|чорнильна
🖊️|кулькова|маркер|ручка
🖌️|малювання|пензель
🖍️|крайон|крейда|олівець|пастель|фломастер|червона крейда|червоний олівець
📝|нотатка|нотатки|олівець|памʼятка
💼|кейс|портфель
📁|закрита|папка|тека|файл
📂|відкрита|папка|тека|файл
🗂️|картка|картотека|нумерація|роздільник|розділювач
📅|відривний календар|дата|календар
📆|відривний календар|календар
🗒️|блокнот на спіралі|на спіралі
🗓️|блокнот|зайнята|зайнятий|зустріч|календар на спіралі|на спіралі|планування
📇|індекс|картотека|указівник
📈|вгору|висхідна діаграма|висхідний графік|графік підвищення|діаграма|ріст|тенденція
📉|вниз|графік падіння|діаграма|низхідна діаграма|низхідний графік|тенденція
📊|гістограма|графік
📋|папка-планшет|планшет для аркушів
📌|канцелярська кнопка|кнопка
📍|канцелярський|кнопка|круглий|лоліпоп|пін|шпилька
📎|канцтовари|скріпка
🖇️|зчеплений|зчеплені скріпки|скріпка
📏|геометрія|лінійка|пряма лінійка|прямий кут
📐|лінійка|трикутна лінійка|трикутник
🗃️|коробка з файлами|скринька для карток|файли
🗄️|реєстратор|сейф|шафа для документів|шафа-реєстратор
🗑️|кошик|смітник|сміття
🔒|закрито|замкнено|замок|захист|приватність
🔓|відімкнений замок|відімкнути|відкритий замок|відрити|замок
🔏|замок і чорнильна ручка|конфіденційність|перо|приватність|ручка|секретні матеріали|таємно|чорнило
🔐|безпека|безпечно|замкнений замок із ключем|замкнено|замок|ключ
🔑|ключ|пароль
🗝️|замок|ключ|підказка|старий|старовинний ключ
🔨|забивати|інструмент|молоток|ремонтувати
🪓|деревина|дрова|колоти|розколювати|рубати|сокира|тесати|тяти
⛏️|інструмент|кирка|шахта
🛠️|гайковий ключ|інструменти|молоток і гайковий ключ
🗡️|зброя|кинджал|меч|ніж
💣|бомба|вибух|комікси|небезпечний
🪃|аборигени|австралія|бумеранг|віддача|зброя|повернення|полювання|рикошет
🏹|зброя|знаряддя|зодіак|лук і стріла|лучник|стріла|стрілець
🛡️|зброя|щит
🪚|деревина|інструмент|пила|пилка|пиляти|різати|ручна пилка|теслярська пила
🔧|гайковий ключ|інструмент|ремонтувати
🪛|викрутка|гвинт|інструмент|майстерня|пласка викрутка|ремонт|шліц
🔩|болт|гайка та болт|інструмент
🗜️|затискач|знаряддя|кліщі
🦯|доступність|незрячість|сліпота|спеціальні засоби|тактильна тростина
🔗|звʼязка|ланка|ланцюг|посилання|символ зʼєднання ланок|скріплення
⛓️‍💥|воля|ланки|розірваний ланцюг|розривання
⛓️|ланцюги
🪝|вудка|гак|гачок|комерційний аргумент|крива|кріплення|піймати|принада|риболовля
🧰|інструменти|коробка|механіка|набір інструментів|скриня для інструментів|скриня з інструментами|червона скриня
🧲|u-подібний|магнетизм|магніт|північний-південний|підкова|позитивний-негативний|притягання|притягувати|тяжіння
🪜|вилізти|драбина|лізти|перекладина|приставна драбина|сходинка|щабель
🪏|заступ|копати|могила|поховання|рослина|сад|сніг|совок|яма
🧪|дослід|експеримент|лабораторія|наука|пробірка|хімік|хімія
🧫|бактерії|бактерія|біологія|культура|лабораторія|чашка петрі
🧬|біологія|генетика|днк|еволюція|життя|спіраль
🔬|інструмент|мікроскоп
🔭|астроном|дивитися на зірки|інструмент|телескоп
📡|антена|супутникова|тарілка
💉|голка|інструмент|лікар|ліки|укол|хворий|шприц
🩸|аналіз крові|донорство крові|крапля крові|критичні дні|кровотеча|медицина|менструація|місячне|стікати кровʼю|травма
💊|за рецептом|лікар|ліки|пігулка|хворий
🩹|бандаж|клейка смужка|лейкопластир|наклейка|наліпка|пластир
🩼|втрата дієздатності|допомога|засіб відновлення здатності рухатися|інвалідність|костур|милиця|поранений|травма|ціпок
🩺|вислухувати серце|лікар|медицина|серце|слухати|стетоскоп
🩻|кістки|лікар|медицина|рентген|скелет
🚪|вхід|двері
🛗|вантажність|доступність|люди|пасажири|підіймач|підйомник|спеціальні можливості
🪞|відбивач|відображення|декор|дзеркало|інтерʼєр|краса|макіяж|рефлектор
🪟|будинок|відчинити|вікно|краєвид|прозоре|рама|свіже повітря|скло
🛏️|готель|ліжко|сон|спати
🛋️|готель|диван|канапа й торшер|лампа
🪑|крісло|меблі|сидіння|сидіти|стілець
🚽|туалет|унітаз
🪠|вантуз|гумова присоска|закупорення|прочищення|сантехнік|труби|туалет
🚿|вода|душ
🛁|ванна з піною|купатися|приймати ванну
🪤|мишоловка|пастка|приманка|сильце|сир
🪒|бритва|голитися|гостра|лезо|небезпечна
🧴|бальзам|зволожувач|крем від засмаги|лосьйон|пляшка лосьйону|сонцезахисний крем|шампунь
🧷|англійська шпилька|булавка|від навроків|панк-рок|шпилька
🧹|відьма|віник|замітання|мітла|підмітати|прибирання|прибирати
🧺|білизна|корзина|кошик|пікнік|прання|урожай|ферма
🧻|паперові рушники|папір|рулон паперу|туалетний папір
🪣|бак|відерце|відро|цеберко|чан|шаплик
🧼|брусок|бульбашки|ванна|купання|купатися|мило|мильниця|митися|миття|туалетне мило|чистий|чистити|шкіра
🫧|бульбашка|бульбашки газу|мило|перлина|під водою|пускати бульбашки|чистити
🪥|ванна кімната|гігієна|зуби|зубна|туалет|чистити|щітка
🧽|губка|мочалка|поглинання|поглинати|пористий|поролон|прибирання|чистити
🧯|вогнегасник|вогонь|гасити|пожежа|тушити|тушіння
🛒|возик|магазинний візок|супермаркет|шопінг
🚬|куріння|паління|сигарета|цигарка
⚰️|вампір|похорон|смерть|труна
🪦|епітафія|кладовище|меморіал|мертвий|могильна плита|надгробок|памʼятник|покійник|смерть|цвинтар
⚱️|ваза|поховальна урна|похорон|смерть|урна для тліну
🧿|амулет від вроків|наврочити|назар|намистина|оберіг|око фатіми|пристріт|синій|талісман|шарм
🪬|амулет|долоня|захист|марія|мірʼям|провидіння|рука|удача|фатіма
🗿|лице|моай|статуя з острова пасхи
🪧|гасло|демонстрація|знак|мітинг|пікет|плакат|протест|табличка|транспарант
🪪|водійське посвідчення|документ|ідентифікаційна картка|ідентифікаційний документ|особові дані|посвідчення особи|пропуск
🏧|банківський автомат|банкомат|готівка|знак банкомата|зняти гроші|символ банкомата|термінал самообслуговування
🚮|знак кидати сміття в урну|памʼятка не смітити|смітник|сміття|урна
🚰|вода|кран|питна|питний|придатна для пиття
♿|доступність|інвалідне крісло|символ візка|символ крісла-візка
🚹|вбиральня|для чоловіків|клозет|туалетна кімната|чоловіча вбиральня|чоловічий туалет
🚺|вбиральня|для жінок|жіноча вбиральня|жіночий туалет|туалет|убиральня
🚻|вбиральня|громадський туалет|клозет|туалет
🚼|для немовлят|заміна пелюшок|немовля|пеленання|символ «немовля»|символ немовляти
🚾|ванна|вбиральня|знак убиральні wc|кімната|символ убиральні [wc]|символ убиральні wc|туалетна кімната|убиральня
🛂|контроль|митниця|паспортний
🛃|митний контроль|митниця
🛄|багаж|видача багажу|отримання|пункт отримання багажу
🛅|багаж|залишені речі|камера зберігання|камера схову|комірка для зберігання|поклажа
⚠️|застереження|попередження|увага
🚸|діти на дорозі|на дорозі|перехід дороги для дітей|пішоходи|попереджувальний знак «діти»|рух
⛔|в’їзд заборонено|вʼїзд|заборонено|не в’їжджати|не дозволено|немає|рух
🚫|вʼїзд заборонено|заборонено|забороняється|не дозволено|не допускається|немає|ні
🚳|велосипеди заборонено|заборонено|рух на велосипеді заборонено|транспортний засіб
🚭|заборонено|курити|не|палити|паління заборонено|символ «не палити»
🚯|заборонено|знак «не смітити»|не|смітити|сміття
🚱|вода|заборонено|знак «непитна вода»|непитна вода|непридатна для пиття вода|непридатно|пити|пиття
🚷|заборонено|пішохідний рух заборонено|прохід заборонено|рух заборонено|рух пішоходів заборонено
📵|заборонено|користуватися|мобільний|мобільні телефони заборонені|мобільні телефони заборонено|стільниковий|телефон
🔞|18|вікове обмеження|вісімнадцять і старіше|вхід особам до 18 років заборонений|заборонено|лише для повнолітніх|повнолітній
⬆️|на північ|напрям|північ|сторона світу|стрілка вгору
➡️|напрям|праворуч|сторона|стрілка вправо|східний
⬇️|напрям|південний|сторона|стрілка вниз
⬅️|західний|напрям|сторона|стрілка вліво|стрілка ліворуч
↩️|стрілка вправо з вигином уліво|стрілка повернути|стрілка праворуч із поворотом ліворуч
↪️|стрілка вліво з вигином управо|стрілка ліворуч із поворотом праворуч
🔃|вертикальні стрілки за ходом годинника|за годинниковою стрілкою|оновити|перезавантаження|перезавантажити|стрілка|стрілки по колу за годинниковою стрілкою
🔄|кнопка зі стрілками|кнопка стрілок проти ходу годинника|навкруги|напрямленими проти годинникової стрілки|проти годинникової стрілки|стрілка
🔙|назад|стрілка back|стрілка назад [back]|стрілка назад back
🔚|кінець|стрілка [end]
🔛|ввімкнено|значок|обидва напрямки|стрілка [on!]
🔜|незабаром|стрілка [soon]
🔝|вверх|вгору|стрілка [top]
🛐|культова споруда|молитва|молитися|молитовний дім|поклоніння|релігія
⚛️|атеїст|атом|символ атома
🕉️|звук ом|індуїзм|ом|релігія
☯️|даосизм|інь-ян|релігія|янь
✝️|католицький хрест|латинський хрест|релігія|хрест|християнин
☪️|зірка і півмісяць|іслам|мусульманин|релігія
☮️|мир|символ миру
🕎|канделябр|менора|підсвічник|релігія|ханука
🔯|єврей|зірка|іудаїзм|релігія|удача|шестикутна зірка з крапкою
🪯|віра|кханда|релігія|сикхізм
♊|близнюки|гороскоп|зодіак
♋|гороскоп|знак зодіаку|зодіак|краб|рак
♌|гороскоп|зодіак|лев (знак зодіаку)
♍|гороскоп|діва|зодіак
♎|гороскоп|знак зодіаку терези|зодіак|рівновага|справедливість|терези
♏|гороскоп|знак зодіаку скорпіон|зодіак|скорпіон (знак зодіаку)
⛎|гороскоп|змієносець|змія|зодіак|носій
🔀|кнопка «змішати композиції»|кнопка тасування композицій|перехрещені стрілки|стрілка
🔁|за годинниковою стрілкою|кнопка «повторити»|кнопка повтору|повторити|стрілка
🔂|за годинниковою стрілкою|кнопка «повторити одну композицію»|кнопка одноразового повтору|один раз|стрілка
▶️|відтворити|вправо|кнопка «відтворити»|кнопка відтворення|праворуч|стрілка|трикутник
⏩|вперед|дві|кнопка «перемотати вперед»|кнопка мотання вперед|кнопка перемотування вперед|перемотати|стрілка
⏭️|кнопка «наступна композиція»|кнопка наступної композиції|наступна композиція|наступна сцена|стрілка|трикутник
⏯️|відтворити|кнопка «відтворити або призупинити»|пауза|правий|призупинити|стрілка|трикутник
◀️|вліво|кнопка «назад»|кнопка реверсу|назад|попередня пісня|стрілка ліворуч|трикутник
⏪|дві|кнопка «швидко назад»|кнопка мотання назад|кнопка перемотування назад|перемотати|подвійна стрілка назад|стрілка
⏮️|кнопка «остання композиція»|кнопка повернення до попередньої композиції|попередня композиція|попередня пісня|попередня сцена|стрілка|трикутник
🔼|кнопка «угору»|кнопка догори|стрілка|червоний
⏫|дві|кнопка «швидко вгору»|кнопка мотання вгору|подвійна стрілка|стрілка
🔽|вниз|кнопка «униз»|кнопка донизу|стрілка|червоний
⏬|вниз|дві|кнопка «швидко вниз»|кнопка мотання вниз|стрілка|стрілки донизу
⏸️|вертикальна|дві|кнопка «призупинити»|кнопка паузи|лінія|пауза
⏹️|зупинити|квадрат|кнопка «припинити»|кнопка стоп|припинити
⏺️|запис|кнопка «запис»|кнопка запису|коло
⏏️|вийняти|кнопка «вийняти»|кнопка витягання
🎦|зйомка|камера|кінематограф|кіно|фільм
🔅|жовтий|зменшити|кнопка зменшення яскравості|сонце|яскравий|яскравість|яскраво
🔆|кнопка збільшення яскравості|яскравий|яскравість
📶|мобільний|рівень сигналу|сигнал|стільниковий|телефон
🛜|wifi|wlan|безпровідний|вайфай|зʼєднання|інтернет|маршрутизатор|мережа|смартфон|точка доступу|хотспот
📳|вібрація|віброрежим|звʼязок|мобільний|режим вібрації|стільниковий|телефон
📴|вимкнено|мобільний|стільниковий|телефон
⚧️|трансгендерний символ
🟰|відповідь|дорівнює|знак точної рівності|математика|результат|рівність|рівнозначний
♾️|безкінечність|горизонтальна вісімка|нескінченність|універсальність
‼️|!!|бенгбенг|знак оклику|лігатура|оклик|подвійний знак оклику|розділовий знак
💱|банк|валюта|гроші|обмін валют|обмін грошей
💲|валюта|гроші|долар|знак долара|символ долара
♻️|переробка|символ утилізації|утилізація
⚜️|геральдична лілія
🔱|емблема|інструмент|корабель|тризуб|якір
📛|бейдж з іменем|ім’я
🔰|жовтий|зелений|листок|початківець|шеврон|японський символ «початківець»
⭕|велике|коло|о|порожнисте червоне коло|червоне
❌|×|значок|множення|позначка|помножити|скасувати|хрестик
❎|×|значок|квадрат|кнопка з хрестиком|позначка|х
➰|закручена петля|закручений|петля
➿|закручений|петля|подвійна закручена петля|подвійний
〽️|значок|частина|японський знак початку частини пісні
🫟|безлад|бризки|краплі|пляма|рідина|розливати|фарби|холі|чорнило
🔠|введення великими латинськими літерами|великі|латинські|літери
🔡|abcd|алфавіт|введення малими латинськими літерами|латинські|літери|малі
🔢|1234|введення цифрами|цифри
🔣|&|%|♪|〒|ввід|набір|символи
🔤|abc|алфавіт|введення латинськими літерами|латинниця|латинські|літери
🅰️|1|a|i|кнопка «група крові а»|кнопка a (iі група крові)|кров|літера а
🆎|3|ab|iii|група крові ab|кнопка «група крові ab»|кнопка ab (iv група крові)|кров|четверта група крові
🅱️|2|b|ii|група крові|кнопка «група крові b»|кнопка b (iii група крові)|кров
🆑|квадрат «очистити текст»|клавіша "очистити текст"|кнопка «очистити»|очистити текст
🆒|квадрат «круто»|кнопка «cool»|круто
🆓|free|безкоштовно|безплатно|квадрат «безкоштовно»|кнопка «free»
🆔|ідентифікатор|ідентифікація|квадрат «ідентифікатор»|кнопка "id"|кнопка ідентифікації|особистість
Ⓜ️|коло з літерою «м»|метро
🆕|квадрат «новий»|кнопка "new"|новий
🆖|абсолютно ні|квадрат «негативно»|кнопка "ng"|негативно
🅾️|4|iv|o|група крові 0|група крові o|кнопка «група крові 0»|кнопка «група крові o»|кнопка «і група крові»|кнопка o (і група крові)|кров
🆗|ok|окей
🅿️|кнопка «паркування»|паркування
🆘|sos|допомога|квадрат «sos»|кнопка "sos"
🆙|вгору|значок|кнопка "up!"|кнопка «вгору!»
🆚|квадрат «проти»|кнопка "vs"|проти
🈁|ієрогліф|квадрат з ідеограмою «тут»|кнопка "тут" японською|японський
🈂️|ієрогліф|квадрат з ідеограмою «сервіс»|кнопка "сервісний збір" японською|японський
🈷️|ієрогліф|квадрат з ідеограмою «місяць»|кнопка "щомісяця" японською|японський
🈶|ієрогліф|квадрат з ідеограмою «існує»|кнопка "не безкоштовно" японською|японський
🈯|ієрогліф|кнопка "зарезервовано" японською|японський
🉐|ієрогліф|кнопка "угода" японською|японія|японський
🈹|ієрогліф|квадрат з ідеограмою «поділити»|кнопка "знижка" японською|японський
🈚|ієрогліф|квадрат з ідеограмою «заперечення»|кнопка "безкоштовно" японською|японський
🈲|ієрогліф|квадрат з ідеограмою «заборонено»|кнопка "заборонено" японською|японський
🉑|ієрогліф|китайський|кнопка "прийнятно" японською|коло з ідеограмою «прийняти»
🈸|ієрогліф|квадрат з ідеограмою «подати заявку»|китайський|кнопка "заявка" японською
🈴|ієрогліф|китайський|кнопка "достатня оцінка" японською|японія|японський
🈳|ідеограма|ієрогліф|китайський|кнопка "вільно" японською|пустота|японський
🈺|ієрогліф|квадрат з ідеограмою «робота»|китайський|кнопка "робота" японською
🈵|квадрат з ідеограмою «заповненість»|китайський|кнопка "місць немає" японською|японський ієрогліф
🔴|геометричний|коло|червоне|червоний круг
🟠|круг|оранжевий
🟡|жовтий|круг
🟢|зелений|круг
🔵|cиній круг|геометричний|коло|синє
🟣|круг|пурпуровий|фіолетовий
🟤|коричневий|круг
⚫|геометричний|коло|чорне|чорний круг
⚪|біле|білий круг|геометричний|коло
🟥|квадрат|червоний
🟧|квадрат|оранжевий
🟨|жовтий|квадрат
🟩|зелений|квадрат
🟦|блакитний|квадрат|синій
🟪|квадрат|фіолетовий
🟫|квадрат|коричневий
⬛|великий чорний квадрат|геометричний|квадрат
⬜|великий білий квадрат|геометричний|квадрат
◼️|геометричний|квадрат|середній чорний квадрат|чорний квадрат
◻️|геометричний|квадрат|середній білий квадрат
◾|геометричний|квадрат|менший за середній чорний квадрат|чорний квадрат
◽|білий квадрат|геометричний|квадрат|менший за середній білий квадрат
▪️|геометричний|квадрат|малий чорний квадрат|чорний квадрат
▫️|геометричний|квадрат|малий білий квадрат
🔶|великий оранжевий ромб|великий помаранчевий ромб|геометричний|діамант|оранжевий ромб
🔷|великий синій ромб|геометричний|діамант|синій ромб
🔸|геометричний|діамант|малий оранжевий ромб|малий помаранчевий ромб|оранжевий|помаранчевий ромб
🔹|геометричний|діамант|малий синій ромб|синій ромб
🔺|геометричний|направлений угору|червоний трикутник, направлений угору
🔻|вниз|геометричний|направлений униз|червоний трикутник, направлений униз
💠|геометричний|діамант|крапка|малюнок|ромб із крапкою
🔘|геометричний|кнопка|перемикач
🔳|біла квадратна кнопка|геометричний|квадратна кнопка з білою рамкою|кнопка|контур
🔲|геометричний|геометрія|квадратна кнопка з чорною рамкою|кнопка|рамка|чорна квадратна кнопка
🏁|картатий прапор|клічастий|перегони|прапор для перегонів|фініш
🚩|гольф|прапорець|сигнал|трикутний|флагшток
🎌|навхрест|прапорці|схрещені|урочистість|японські
🏴|майорить|чорний прапор
🏳️|білий прапор|майорить
🏳️‍🌈|веселка|веселковий прапор|райдуга|райдужний прапор
🏳️‍⚧️|білий|блакитний|прапор трансгендерів|рожевий|трансгендер
🏴‍☠️|веселий роджер|корсар|піратський прапор|скарб
🇦🇩|андорра
🇦🇪|обʼєднані арабські емірати
🇦🇫|афганістан
🇦🇬|антигуа і барбуда
🇦🇮|ангілья
🇦🇱|албанія
🇦🇲|вірменія
🇦🇴|ангола
🇦🇶|антарктика
🇦🇷|аргентина
🇦🇸|американське самоа
🇦🇹|австрія
🇦🇺|австралія
🇦🇼|аруба
🇦🇽|аландські острови
🇦🇿|азербайджан
🇧🇦|боснія і герцеговина
🇧🇧|барбадос
🇧🇩|бангладеш
🇧🇪|бельгія
🇧🇫|буркіна-фасо
🇧🇬|болгарія
🇧🇭|бахрейн
🇧🇮|бурунді
🇧🇯|бенін
🇧🇱|сен-бартелемі
🇧🇲|бермудські острови
🇧🇳|бруней
🇧🇴|болівія
🇧🇶|карибські нідерланди
🇧🇷|бразилія
🇧🇸|багамські острови
🇧🇹|бутан
🇧🇼|ботсвана
🇧🇾|білорусь
🇧🇿|беліз
🇨🇦|канада
🇨🇨|кокосові (кілінг) острови
🇨🇩|конго – кіншаса
🇨🇫|центральноафриканська республіка
🇨🇬|конго – браззавіль
🇨🇭|швейцарія
🇨🇮|кот-дʼівуар
🇨🇰|острови кука
🇨🇱|чилі
🇨🇲|камерун
🇨🇳|китай
🇨🇴|колумбія
🇨🇶|сарк
🇨🇷|коста-рика
🇨🇺|куба
🇨🇻|кабо-верде
🇨🇼|кюрасао
🇨🇽|острів різдва
🇨🇾|кіпр
🇨🇿|чехія
🇩🇪|німеччина
🇩🇯|джибуті
🇩🇰|данія
🇩🇲|домініка
🇩🇴|домініканська республіка
🇩🇿|алжир
🇪🇨|еквадор
🇪🇪|естонія
🇪🇬|єгипет
🇪🇭|західна сахара
🇪🇷|еритрея
🇪🇸|іспанія
🇪🇹|ефіопія
🇪🇺|європейський союз
🇫🇮|фінляндія
🇫🇯|фіджі
🇫🇰|фолклендські острови
🇫🇲|мікронезія
🇫🇴|фарерські острови
🇫🇷|франція
🇬🇦|габон
🇬🇧|велика британія
🇬🇩|гренада
🇬🇪|грузія
🇬🇫|французька гвіана
🇬🇬|гернсі
🇬🇭|гана
🇬🇮|гібралтар
🇬🇱|гренландія
🇬🇲|гамбія
🇬🇳|гвінея
🇬🇵|гваделупа
🇬🇶|екваторіальна гвінея
🇬🇷|греція
🇬🇸|південна джорджія та південні сандвічеві острови
🇬🇹|гватемала
🇬🇺|гуам
🇬🇼|гвінея-бісау
🇬🇾|гаяна
🇭🇰|гонконг, оар китаю
🇭🇳|гондурас
🇭🇷|хорватія
🇭🇹|гаїті
🇭🇺|угорщина
🇮🇨|канарські острови
🇮🇩|індонезія
🇮🇪|ірландія
🇮🇱|ізраїль
🇮🇲|острів мен
🇮🇳|індія
🇮🇴|британська територія в індійському океані
🇮🇶|ірак
🇮🇷|іран
🇮🇸|ісландія
🇮🇹|італія
🇯🇪|джерсі
🇯🇲|ямайка
🇯🇴|йорданія
🇯🇵|японія
🇰🇪|кенія
🇰🇬|киргизстан
🇰🇭|камбоджа
🇰🇮|кірибаті
🇰🇲|комори
🇰🇳|сент-кітс і невіс
🇰🇵|північна корея
🇰🇷|південна корея
🇰🇼|кувейт
🇰🇾|кайманові острови
🇰🇿|казахстан
🇱🇦|лаос
🇱🇧|ліван
🇱🇨|сент-люсія
🇱🇮|ліхтенштейн
🇱🇰|шрі-ланка
🇱🇷|ліберія
🇱🇸|лесото
🇱🇹|литва
🇱🇺|люксембург
🇱🇻|латвія
🇱🇾|лівія
🇲🇦|марокко
🇲🇨|монако
🇲🇩|молдова
🇲🇪|чорногорія
🇲🇬|мадагаскар
🇲🇭|маршаллові острови
🇲🇰|північна македонія
🇲🇱|малі
🇲🇲|мʼянма (бірма)
🇲🇳|монголія
🇲🇴|макао, оар китаю
🇲🇵|північні маріанські острови
🇲🇶|мартиніка
🇲🇷|мавританія
🇲🇸|монтсеррат
🇲🇹|мальта
🇲🇺|маврикій
🇲🇻|мальдіви
🇲🇼|малаві
🇲🇽|мексика
🇲🇾|малайзія
🇲🇿|мозамбік
🇳🇦|намібія
🇳🇨|нова каледонія
🇳🇪|нігер
🇳🇫|острів норфолк
🇳🇬|нігерія
🇳🇮|нікарагуа
🇳🇱|нідерланди
🇳🇴|норвегія
🇳🇵|непал
🇳🇷|науру
🇳🇺|ніуе
🇳🇿|нова зеландія
🇴🇲|оман
🇵🇦|панама
🇵🇪|перу
🇵🇫|французька полінезія
🇵🇬|папуа-нова гвінея
🇵🇭|філіппіни
🇵🇰|пакистан
🇵🇱|польща
🇵🇲|сен-пʼєр і мікелон
🇵🇳|острови піткерн
🇵🇷|пуерто-рико
🇵🇸|палестинські території
🇵🇹|португалія
🇵🇼|палау
🇵🇾|парагвай
🇶🇦|катар
🇷🇪|реюньйон
🇷🇴|румунія
🇷🇸|сербія
🇷🇺|росія
🇷🇼|руанда
🇸🇦|саудівська аравія
🇸🇧|соломонові острови
🇸🇨|сейшельські острови
🇸🇩|судан
🇸🇪|швеція
🇸🇬|сінгапур
🇸🇭|острів святої єлени
🇸🇮|словенія
🇸🇰|словаччина
🇸🇱|сьєрра-леоне
🇸🇲|сан-марино
🇸🇳|сенегал
🇸🇴|сомалі
🇸🇷|суринам
🇸🇸|південний судан
🇸🇹|сан-томе і принсіпі
🇸🇻|сальвадор
🇸🇽|сінт-мартен
🇸🇾|сирія
🇸🇿|есватіні
🇹🇨|острови теркс і кайкос
🇹🇩|чад
🇹🇫|французькі південні території
🇹🇬|того
🇹🇭|таїланд
🇹🇯|таджикистан
🇹🇰|токелау
🇹🇱|тимор-лешті
🇹🇲|туркменістан
🇹🇳|туніс
🇹🇴|тонга
🇹🇷|туреччина
🇹🇹|тринідад і тобаго
🇹🇻|тувалу
🇹🇼|тайвань
🇹🇿|танзанія
🇺🇦|україна
🇺🇬|уганда
🇺🇸|сполучені штати
🇺🇾|уругвай
🇺🇿|узбекистан
🇻🇦|ватикан
🇻🇨|сент-вінсент і гренадіни
🇻🇪|венесуела
🇻🇬|британські віргінські острови
🇻🇮|віргінські острови (сша)
🇻🇳|вʼєтнам
🇻🇺|вануату
🇼🇫|уолліс і футуна
🇼🇸|самоа
🇽🇰|косово
🇾🇪|ємен
🇾🇹|майотта
🇿🇦|південно-африканська республіка
🇿🇲|замбія
🇿🇼|зімбабве
🏴󠁧󠁢󠁥󠁮󠁧󠁿|англія
🏴󠁧󠁢󠁳󠁣󠁴󠁿|шотландія
🏴󠁧󠁢󠁷󠁬󠁳󠁿|уельс